source	sha256	bytes	final_disposition	origin_stage	detail
/home/reckless-ideator/Difference-Engine-LEGACY-STALE-DECOMPOSED/LEGACY-ACP-Foundation-Gamma/ACP-0001_Foundation_Gamma_v1.4-1.md	705533b8a98c0939370174a190595d0eae58afa02e642a016e540f06f1f93135	895	LIVE_CANONICAL	STAGE29	/home/reckless-ideator/Difference-Engine/workspace/operational/ingestion/output/ING-20260812-0001
/home/reckless-ideator/Difference-Engine-LEGACY-STALE-DECOMPOSED/LEGACY-ACP-Foundation-Gamma/ACP-0001_Foundation_Gamma_v1.4.md	705533b8a98c0939370174a190595d0eae58afa02e642a016e540f06f1f93135	895	LIVE_CANONICAL	STAGE29	/home/reckless-ideator/Difference-Engine/workspace/operational/ingestion/output/ING-20260812-0002
/home/reckless-ideator/Difference-Engine-LEGACY-STALE-DECOMPOSED/LEGACY-ACP-Foundation-Gamma/CHANGELOG_v1.4.md	a553e14dbf239a32975680d1ebed3c77cfed5c69620d1c31a191e50711be3936	243	LIVE_CANONICAL	STAGE29	/home/reckless-ideator/Difference-Engine/workspace/operational/ingestion/output/ING-20260812-0003
/home/reckless-ideator/Difference-Engine-LEGACY-STALE-DECOMPOSED/LEGACY-ACTIVE-STATE-SNAPSHOTS/ACTIVE_STATE_SNAPSHOT_v1.4.md	1bb255bec02c8e014e57386473a882066d6ff7191a5eb15dc14a988490e8ab07	1394	LIVE_CANONICAL	STAGE29	/home/reckless-ideator/Difference-Engine/workspace/operational/ingestion/output/ING-20260812-0004
/home/reckless-ideator/Difference-Engine-LEGACY-STALE-DECOMPOSED/LEGACY-ACTIVE-STATE-SNAPSHOTS/ACTIVE_STATE_SNAPSHOT_v1.4_REVISED.md	d78e6ff0c1a0ac8975e8cf68261eda6e6ab42f20afc5f59be5a690ba0a68092f	318	LIVE_CANONICAL	STAGE29	/home/reckless-ideator/Difference-Engine/workspace/operational/ingestion/output/ING-20260812-0005
/home/reckless-ideator/Difference-Engine-LEGACY-STALE-DECOMPOSED/LEGACY-ACTIVE-STATE-SNAPSHOTS/ACTIVE_STATE_SNAPSHOT_v1.4_REVISION.md	2520bfc1b142baa0443172f7c2b8143f717cb311923765b6cf3cc32a5b285eb3	269	LIVE_CANONICAL	STAGE29	/home/reckless-ideator/Difference-Engine/workspace/operational/ingestion/output/ING-20260812-0006
/home/reckless-ideator/Difference-Engine-LEGACY-STALE-DECOMPOSED/LEGACY-AKS/AKS-ARCH-0007_Domain_Separation.json	c63e94c85ccb12fbcf08f2984948b0a089fcf401482c2370bc7a6f0296e38332	539	LIVE_CANONICAL	STAGE29	/home/reckless-ideator/Difference-Engine/workspace/operational/ingestion/output/ING-20260812-0007
/home/reckless-ideator/Difference-Engine-LEGACY-STALE-DECOMPOSED/LEGACY-AKS/AKS-ARCHITECTURAL-PRINCIPLES-0001.json	79f311f9fd7b99a77b9fc72fb8fed7a6e66ba2b8731a4ae6d56dfec243651f5f	502	LIVE_CANONICAL	STAGE29	/home/reckless-ideator/Difference-Engine/workspace/operational/ingestion/output/ING-20260812-0008
/home/reckless-ideator/Difference-Engine-LEGACY-STALE-DECOMPOSED/LEGACY-AKS/AKS-AUDIT-0001_Foundation_Audit-2.json	0e8ae1c83385768d8da3fe9ed8765e8051e67e2aef03682005288ea97f270d0d	430	LIVE_CANONICAL	STAGE29	/home/reckless-ideator/Difference-Engine/workspace/operational/ingestion/output/ING-20260812-0009
/home/reckless-ideator/Difference-Engine-LEGACY-STALE-DECOMPOSED/LEGACY-AKS/AKS-AUDIT-0001_Foundation_Audit.json	0e8ae1c83385768d8da3fe9ed8765e8051e67e2aef03682005288ea97f270d0d	430	LIVE_CANONICAL	STAGE29	/home/reckless-ideator/Difference-Engine/workspace/operational/ingestion/output/ING-20260812-0010
/home/reckless-ideator/Difference-Engine-LEGACY-STALE-DECOMPOSED/LEGACY-AKS/AKS-AXIOM-0001_Identity_Independence.json	2b235eeabc0df3c6bfe52276e6bc50da7678e78aea4bb3c8d7eba2fcfa1e0525	576	LIVE_CANONICAL	STAGE29	/home/reckless-ideator/Difference-Engine/workspace/operational/ingestion/output/ING-20260812-0011
/home/reckless-ideator/Difference-Engine-LEGACY-STALE-DECOMPOSED/LEGACY-AKS/AKS-CONSTRAINT-0001_Universal_Constraint_Model.json	f39a035720abc1760fa442de5d505801d3294a06021271fc9363c1ebf5a117d7	952	LIVE_CANONICAL	STAGE29	/home/reckless-ideator/Difference-Engine/workspace/operational/ingestion/output/ING-20260812-0012
/home/reckless-ideator/Difference-Engine-LEGACY-STALE-DECOMPOSED/LEGACY-AKS/AKS-CV-0001_Draft_0.2_Canonical.json	43d2c1c5054f5021c11d0a41825580c9afedeaa9acb57c376ca683ce77647b09	1756	LIVE_CANONICAL	STAGE29	/home/reckless-ideator/Difference-Engine/workspace/operational/ingestion/output/ING-20260812-0013
/home/reckless-ideator/Difference-Engine-LEGACY-STALE-DECOMPOSED/LEGACY-AKS/AKS-CV-0001_Draft_0.3_Vocabulary_Update.json	d016b440a3f623ed3c3687b74a744e117b14d4ae68a2a5138da71e008fbdebdf	882	LIVE_CANONICAL	STAGE29	/home/reckless-ideator/Difference-Engine/workspace/operational/ingestion/output/ING-20260812-0014
/home/reckless-ideator/Difference-Engine-LEGACY-STALE-DECOMPOSED/LEGACY-AKS/AKS-DECISION-0001_Template.json	ca714c7d50a0e98e765bc93b15150a2ec650b027e9deaa564e4fa9ca28938c97	482	LIVE_CANONICAL	STAGE29	/home/reckless-ideator/Difference-Engine/workspace/operational/ingestion/output/ING-20260812-0015
/home/reckless-ideator/Difference-Engine-LEGACY-STALE-DECOMPOSED/LEGACY-AKS/AKS-DECISION-0002_Kernel_Validation_Layer.json	6a99c5482557d01a0d259684ed2e4c800634bb1fc56d384aa3ab257e15640a2e	339	LIVE_CANONICAL	STAGE29	/home/reckless-ideator/Difference-Engine/workspace/operational/ingestion/output/ING-20260812-0016
/home/reckless-ideator/Difference-Engine-LEGACY-STALE-DECOMPOSED/LEGACY-AKS/AKS-DECISION-0003_Theorem_Workflow.json	bb6e50c1b488cf0d11367ed1b1dba5f958c6e3e6ba0076f29478a624e160c2d3	409	LIVE_CANONICAL	STAGE29	/home/reckless-ideator/Difference-Engine/workspace/operational/ingestion/output/ING-20260812-0017
/home/reckless-ideator/Difference-Engine-LEGACY-STALE-DECOMPOSED/LEGACY-AKS/AKS-DECISION-0004_Kernel_Freeze.json	477d349cb2d50e27bc1258e56a5f8933d3a45e575811e0c2ad9fabfff88e016b	403	LIVE_CANONICAL	STAGE29	/home/reckless-ideator/Difference-Engine/workspace/operational/ingestion/output/ING-20260812-0018
/home/reckless-ideator/Difference-Engine-LEGACY-STALE-DECOMPOSED/LEGACY-AKS/AKS-EDU-SYN-0001.json	a6f80fc0bbf2e30717136ea9ea0c080268c6f926e914c2182928751e7ef28988	740	LIVE_CANONICAL	STAGE29	/home/reckless-ideator/Difference-Engine/workspace/operational/ingestion/output/ING-20260812-0019
/home/reckless-ideator/Difference-Engine-LEGACY-STALE-DECOMPOSED/LEGACY-AKS/AKS-ENDURANCE-B-REPORT-0001.json	d5e15622cde055dbc5786865476aa689fc66eb5f5843f36b0d55ac42d9e0b653	430	LIVE_CANONICAL	STAGE29	/home/reckless-ideator/Difference-Engine/workspace/operational/ingestion/output/ING-20260812-0020
/home/reckless-ideator/Difference-Engine-LEGACY-STALE-DECOMPOSED/LEGACY-AKS/AKS-ENDURANCE-C-REPORT-0001.json	9a8954880f44331ecd09d27452faac2154a7d2e7f5357e37a8a744f2387b3d78	312	LIVE_CANONICAL	STAGE29	/home/reckless-ideator/Difference-Engine/workspace/operational/ingestion/output/ING-20260812-0021
/home/reckless-ideator/Difference-Engine-LEGACY-STALE-DECOMPOSED/LEGACY-AKS/AKS-ENTITY-0001_Draft_0.1_Universal_Entity_Model.json	251e9179471a5ffae8a53a9b918709cabd32c1fd08baf662588e80afefe0bc2e	620	LIVE_CANONICAL	STAGE29	/home/reckless-ideator/Difference-Engine/workspace/operational/ingestion/output/ING-20260812-0022
/home/reckless-ideator/Difference-Engine-LEGACY-STALE-DECOMPOSED/LEGACY-AKS/AKS-ENTITY-0001_Draft_0.2_Update.json	53621c7d98e72c30f24c50217b13e80fa18f093fe7c0d9d44060ef52aa43e3e2	330	LIVE_CANONICAL	STAGE29	/home/reckless-ideator/Difference-Engine/workspace/operational/ingestion/output/ING-20260812-0023
/home/reckless-ideator/Difference-Engine-LEGACY-STALE-DECOMPOSED/LEGACY-AKS/AKS-ENTITY-0001_Draft_0.3_Update.json	33d17954c4d06a56bdc890d9d0051ec637457b815bf0ffafb7e56acbdc1e6b81	286	LIVE_CANONICAL	STAGE29	/home/reckless-ideator/Difference-Engine/workspace/operational/ingestion/output/ING-20260812-0024
/home/reckless-ideator/Difference-Engine-LEGACY-STALE-DECOMPOSED/LEGACY-AKS/AKS-ENTITY-0001_Repository_Grade_v1.0.json	6dc0755caa42f3ff0598ece2a164856e134f717ab28dc2771d37f59a63b7b45d	946	LIVE_CANONICAL	STAGE29	/home/reckless-ideator/Difference-Engine/workspace/operational/ingestion/output/ING-20260812-0025
/home/reckless-ideator/Difference-Engine-LEGACY-STALE-DECOMPOSED/LEGACY-AKS/AKS-EVID-0001_Evidence_Quality_Classification.json	6191e927d8df220b31c27621eb057d2a93eb6aeba95a65780db3435ebf0c3cbe	942	LIVE_CANONICAL	STAGE29	/home/reckless-ideator/Difference-Engine/workspace/operational/ingestion/output/ING-20260812-0026
/home/reckless-ideator/Difference-Engine-LEGACY-STALE-DECOMPOSED/LEGACY-AKS/AKS-FOUNDATION-ROADMAP-0002.json	beb8abc498a36a01f3a2627229eef4c0606c47b4cccffbee7748e3cde3be30d5	356	LIVE_CANONICAL	STAGE29	/home/reckless-ideator/Difference-Engine/workspace/operational/ingestion/output/ING-20260812-0027
/home/reckless-ideator/Difference-Engine-LEGACY-STALE-DECOMPOSED/LEGACY-AKS/AKS-FOUNDATION-SPRINT-0001.json	818d87759e275c773a71689303f158ef8cff16e92ead06ba6cf7253074996a94	539	LIVE_CANONICAL	STAGE29	/home/reckless-ideator/Difference-Engine/workspace/operational/ingestion/output/ING-20260812-0028
/home/reckless-ideator/Difference-Engine-LEGACY-STALE-DECOMPOSED/LEGACY-AKS/AKS-FRENZY-0001_Validation_Backlog.json	5f2e6441936137507e583684ab6a1cfb4fb73c9be95738ef528effd7e16c38ed	644	LIVE_CANONICAL	STAGE29	/home/reckless-ideator/Difference-Engine/workspace/operational/ingestion/output/ING-20260812-0029
/home/reckless-ideator/Difference-Engine-LEGACY-STALE-DECOMPOSED/LEGACY-AKS/AKS-GATE-ALPHA-0001_Candidate.json	698cfd12531800cb0bb8e05133973b9c2f8fe6d260f2a118c7d2c5ef8739d8b1	504	LIVE_CANONICAL	STAGE29	/home/reckless-ideator/Difference-Engine/workspace/operational/ingestion/output/ING-20260812-0030
/home/reckless-ideator/Difference-Engine-LEGACY-STALE-DECOMPOSED/LEGACY-AKS/AKS-GATE-ALPHA-0002_Declaration.json	85d32c2305ebf2541553a40bf5ed22869a4175902ca1dbbfb919cabf184e7f6c	508	LIVE_CANONICAL	STAGE29	/home/reckless-ideator/Difference-Engine/workspace/operational/ingestion/output/ING-20260812-0031
/home/reckless-ideator/Difference-Engine-LEGACY-STALE-DECOMPOSED/LEGACY-AKS/AKS-GATE-BETA-0001_Candidate-1.json	3b2d56236cdab937835a582ab9e4b060d4148a0143e82832734a3e2f35402d1d	435	LIVE_CANONICAL	STAGE29	/home/reckless-ideator/Difference-Engine/workspace/operational/ingestion/output/ING-20260812-0032
/home/reckless-ideator/Difference-Engine-LEGACY-STALE-DECOMPOSED/LEGACY-AKS/AKS-GATE-BETA-0001_Candidate.json	3b2d56236cdab937835a582ab9e4b060d4148a0143e82832734a3e2f35402d1d	435	LIVE_CANONICAL	STAGE29	/home/reckless-ideator/Difference-Engine/workspace/operational/ingestion/output/ING-20260812-0033
/home/reckless-ideator/Difference-Engine-LEGACY-STALE-DECOMPOSED/LEGACY-AKS/AKS-GOV-0002_Evidence_Driven_Evolution.json	e496e3d1f3b095f08f9a5d205da632e552e8828d869f1a7a475c4682ddf91929	366	LIVE_CANONICAL	STAGE29	/home/reckless-ideator/Difference-Engine/workspace/operational/ingestion/output/ING-20260812-0034
/home/reckless-ideator/Difference-Engine-LEGACY-STALE-DECOMPOSED/LEGACY-AKS/AKS-GOV-0003_Preservation_Discipline.json	8dd69b99f34fe582b0928abd31fec248fa4852d76419e09078fcdd446d4e6894	390	LIVE_CANONICAL	STAGE29	/home/reckless-ideator/Difference-Engine/workspace/operational/ingestion/output/ING-20260812-0035
/home/reckless-ideator/Difference-Engine-LEGACY-STALE-DECOMPOSED/LEGACY-AKS/AKS-GOV-0004_Dependency_Review_Status.json	0f0534c7623bd80601abbfb7cc7df8072840832a54735ca7330b4d09f9a1e4d3	576	LIVE_CANONICAL	STAGE29	/home/reckless-ideator/Difference-Engine/workspace/operational/ingestion/output/ING-20260812-0036
/home/reckless-ideator/Difference-Engine-LEGACY-STALE-DECOMPOSED/LEGACY-AKS/AKS-GOV-0005_Contradiction_Resolution_Status.json	2ab4d272cba16658f1c4f9473dd59a06eaaed533bc567fdf13fb0473590e4f16	447	LIVE_CANONICAL	STAGE29	/home/reckless-ideator/Difference-Engine/workspace/operational/ingestion/output/ING-20260812-0037
/home/reckless-ideator/Difference-Engine-LEGACY-STALE-DECOMPOSED/LEGACY-AKS/AKS-GOV-0006_Representation_Revision.json	6959efc99536fc5363408b9b7b45da8adb388353741d6724281f9b87389f6e16	399	LIVE_CANONICAL	STAGE29	/home/reckless-ideator/Difference-Engine/workspace/operational/ingestion/output/ING-20260812-0038
/home/reckless-ideator/Difference-Engine-LEGACY-STALE-DECOMPOSED/LEGACY-AKS/AKS-GOV-0007_Lineage_Change_Rationale.json	2615639a1fd4a717f8e453aeb40883a09f46fd924d82766faa91fcfd0e60f890	394	LIVE_CANONICAL	STAGE29	/home/reckless-ideator/Difference-Engine/workspace/operational/ingestion/output/ING-20260812-0039
/home/reckless-ideator/Difference-Engine-LEGACY-STALE-DECOMPOSED/LEGACY-AKS/AKS-GOV-0008_RSI_Metric_Separation.json	d60d6112f6b1606d300423a51c668e0530d6546f15d6f5a7f071e8843fda8a04	590	LIVE_CANONICAL	STAGE29	/home/reckless-ideator/Difference-Engine/workspace/operational/ingestion/output/ING-20260812-0040
/home/reckless-ideator/Difference-Engine-LEGACY-STALE-DECOMPOSED/LEGACY-AKS/AKS-GOV-0009_Behavior_First_Validation.json	3cfb5a586f0e5e7a1ea2d8e6a1cd75f33ad42bc859cfe296034d69bef64e9e2a	380	LIVE_CANONICAL	STAGE29	/home/reckless-ideator/Difference-Engine/workspace/operational/ingestion/output/ING-20260812-0041
/home/reckless-ideator/Difference-Engine-LEGACY-STALE-DECOMPOSED/LEGACY-AKS/AKS-GOV-0011_Preservation_JSON_Rule.json	6cfeef4c1f41caa4ce1ed9d7c51b0915139e4289110807ac40f5bcc438d6bcba	322	LIVE_CANONICAL	STAGE29	/home/reckless-ideator/Difference-Engine/workspace/operational/ingestion/output/ING-20260812-0042
/home/reckless-ideator/Difference-Engine-LEGACY-STALE-DECOMPOSED/LEGACY-AKS/AKS-GOV-CP-0001.json	93281620d531fe93cf920184f8242f94280cd1a33b83609cfb29e46be0ad6d22	885	LIVE_CANONICAL	STAGE29	/home/reckless-ideator/Difference-Engine/workspace/operational/ingestion/output/ING-20260812-0043
/home/reckless-ideator/Difference-Engine-LEGACY-STALE-DECOMPOSED/LEGACY-AKS/AKS-GOV/000_Governance/AKS-GOV-CP-0001.json	93281620d531fe93cf920184f8242f94280cd1a33b83609cfb29e46be0ad6d22	885	LIVE_CANONICAL	STAGE29	/home/reckless-ideator/Difference-Engine/workspace/operational/ingestion/output/ING-20260812-0044
/home/reckless-ideator/Difference-Engine-LEGACY-STALE-DECOMPOSED/LEGACY-AKS/AKS-GOV/300_Education/AKS-EDU-SYN-0001.json	a6f80fc0bbf2e30717136ea9ea0c080268c6f926e914c2182928751e7ef28988	740	LIVE_CANONICAL	STAGE29	/home/reckless-ideator/Difference-Engine/workspace/operational/ingestion/output/ING-20260812-0045
/home/reckless-ideator/Difference-Engine-LEGACY-STALE-DECOMPOSED/LEGACY-AKS/AKS-INDEX-0001_Draft_0.1_Canonical.json	58fa506cf3ef9e5b8c4d0a6e392dd4b33f2358b21594f58d14926fe05560a0cc	2259	LIVE_CANONICAL	STAGE29	/home/reckless-ideator/Difference-Engine/workspace/operational/ingestion/output/ING-20260812-0046
/home/reckless-ideator/Difference-Engine-LEGACY-STALE-DECOMPOSED/LEGACY-AKS/AKS-INDEX-0001_Draft_0.2_Update.json	9fbdb667bdfcd5b57398af9dff732e2e6df50917b9fffccd9666f74e88844e39	384	LIVE_CANONICAL	STAGE29	/home/reckless-ideator/Difference-Engine/workspace/operational/ingestion/output/ING-20260812-0047
/home/reckless-ideator/Difference-Engine-LEGACY-STALE-DECOMPOSED/LEGACY-AKS/AKS-INDEX-0001_Draft_0.3_Update.json	3602a49f93cc4067c7bb17bd67bc71a4fcbdca849cea4cff19a1be0e08590e56	396	LIVE_CANONICAL	STAGE29	/home/reckless-ideator/Difference-Engine/workspace/operational/ingestion/output/ING-20260812-0048
/home/reckless-ideator/Difference-Engine-LEGACY-STALE-DECOMPOSED/LEGACY-AKS/AKS-INVARIANTS-0001_Draft_0.1.json	12c3b916978f7700a6fc5a28a66bde8e2f77cf460e3948608d03cf43a3cf0cf4	978	LIVE_CANONICAL	STAGE29	/home/reckless-ideator/Difference-Engine/workspace/operational/ingestion/output/ING-20260812-0049
/home/reckless-ideator/Difference-Engine-LEGACY-STALE-DECOMPOSED/LEGACY-AKS/AKS-INVARIANTS-0001_Draft_0.1_Canonical.json	b7b58251610bf898b16dc80bc9772785a537c766d673c66617f9be2eb328857c	3576	LIVE_CANONICAL	STAGE29	/home/reckless-ideator/Difference-Engine/workspace/operational/ingestion/output/ING-20260812-0050
/home/reckless-ideator/Difference-Engine-LEGACY-STALE-DECOMPOSED/LEGACY-AKS/AKS-IR-0001_Working_Model.json	c89139aeb828fd0342502d0d4abc674e32b10f40541201f10da170c781752bd2	458	LIVE_CANONICAL	STAGE29	/home/reckless-ideator/Difference-Engine/workspace/operational/ingestion/output/ING-20260812-0051
/home/reckless-ideator/Difference-Engine-LEGACY-STALE-DECOMPOSED/LEGACY-AKS/AKS-PATTERN-0001_Artifact_Family.json	4b40ce9a66098dbf8900be406d906e971e35c3edd6412e84c56c03c196d9d64e	418	LIVE_CANONICAL	STAGE29	/home/reckless-ideator/Difference-Engine/workspace/operational/ingestion/output/ING-20260812-0052
/home/reckless-ideator/Difference-Engine-LEGACY-STALE-DECOMPOSED/LEGACY-AKS/AKS-PHASE-0006_Escalated_Verification.json	b2cbd5bba33ac27ca3bdb10a5b50537a2e96752d3ee5129f10409d513cad782f	449	LIVE_CANONICAL	STAGE29	/home/reckless-ideator/Difference-Engine/workspace/operational/ingestion/output/ING-20260812-0053
/home/reckless-ideator/Difference-Engine-LEGACY-STALE-DECOMPOSED/LEGACY-AKS/AKS-PIPELINE-0001.json	0a5b05bb6a0a15cefc81c7e563ea40bb4f2dba972a7ae58c6e18902c7a6fe2e9	469	LIVE_CANONICAL	STAGE29	/home/reckless-ideator/Difference-Engine/workspace/operational/ingestion/output/ING-20260812-0054
/home/reckless-ideator/Difference-Engine-LEGACY-STALE-DECOMPOSED/LEGACY-AKS/AKS-PRESERVATION-0004_Inheritance_Conservation_Checkpoint.json	98a11d8374365645c4738da408ff40fb71e4a8606ca3f459ccc4b9e498fb3f20	623	LIVE_CANONICAL	STAGE29	/home/reckless-ideator/Difference-Engine/workspace/operational/ingestion/output/ING-20260812-0055
/home/reckless-ideator/Difference-Engine-LEGACY-STALE-DECOMPOSED/LEGACY-AKS/AKS-PRESERVATION-0005_Foundation_Logic_Checkpoint.json	7aabec8572ec1da29069ba17bc2af0441c6966d35b6edfdf4ef64e643783fd59	447	LIVE_CANONICAL	STAGE29	/home/reckless-ideator/Difference-Engine/workspace/operational/ingestion/output/ING-20260812-0056
/home/reckless-ideator/Difference-Engine-LEGACY-STALE-DECOMPOSED/LEGACY-AKS/AKS-PRESERVATION-0006_Kernel_Constraint_Checkpoint.json	b458e8178f0a4f7c16b80bf6ce0b66cd16388679af63dc11e55a2182e944480a	417	LIVE_CANONICAL	STAGE29	/home/reckless-ideator/Difference-Engine/workspace/operational/ingestion/output/ING-20260812-0057
/home/reckless-ideator/Difference-Engine-LEGACY-STALE-DECOMPOSED/LEGACY-AKS/AKS-PRESERVATION-0007_Theorem_Queue_Checkpoint.json	729a9ce666bf3d123a281f0507a096893bcec85e5a50b2a5e47c92238e1a586a	376	LIVE_CANONICAL	STAGE29	/home/reckless-ideator/Difference-Engine/workspace/operational/ingestion/output/ING-20260812-0058
/home/reckless-ideator/Difference-Engine-LEGACY-STALE-DECOMPOSED/LEGACY-AKS/AKS-PRESERVATION-0008_Foundation_Audit_Checkpoint.json	a11f85c1b5cdb542766eec18b06b34ae57d453f47802ce2d7a5db63e50deecf8	532	LIVE_CANONICAL	STAGE29	/home/reckless-ideator/Difference-Engine/workspace/operational/ingestion/output/ING-20260812-0059
/home/reckless-ideator/Difference-Engine-LEGACY-STALE-DECOMPOSED/LEGACY-AKS/AKS-PRESERVATION-0009_Gate_Alpha.json	8d700de52b05b59e4a309068c34849584b8b4eb240711eded86761f050a77593	424	LIVE_CANONICAL	STAGE29	/home/reckless-ideator/Difference-Engine/workspace/operational/ingestion/output/ING-20260812-0060
/home/reckless-ideator/Difference-Engine-LEGACY-STALE-DECOMPOSED/LEGACY-AKS/AKS-PRESERVATION-0010_Semantic_Composition_Checkpoint.json	3e5dfada04059c6fd12e3350648aa8695d6da64ca03432bc661d9303a704f46c	486	LIVE_CANONICAL	STAGE29	/home/reckless-ideator/Difference-Engine/workspace/operational/ingestion/output/ING-20260812-0061
/home/reckless-ideator/Difference-Engine-LEGACY-STALE-DECOMPOSED/LEGACY-AKS/AKS-PRESERVATION-0011_Engineering_Test_Transition-2.json	feeb8fda48ed25ef71c1c48b48aa37d47c07e2a0574e7d396e20f511e7821ee6	320	LIVE_CANONICAL	STAGE29	/home/reckless-ideator/Difference-Engine/workspace/operational/ingestion/output/ING-20260812-0062
/home/reckless-ideator/Difference-Engine-LEGACY-STALE-DECOMPOSED/LEGACY-AKS/AKS-PRESERVATION-0011_Engineering_Test_Transition.json	feeb8fda48ed25ef71c1c48b48aa37d47c07e2a0574e7d396e20f511e7821ee6	320	LIVE_CANONICAL	STAGE29	/home/reckless-ideator/Difference-Engine/workspace/operational/ingestion/output/ING-20260812-0063
/home/reckless-ideator/Difference-Engine-LEGACY-STALE-DECOMPOSED/LEGACY-AKS/AKS-PRESERVATION-0012_Behavior_Architecture.json	3d49795e3ea4b34278a21ac265e81d5b8a42b28a56b5b1a3d50b2a0eef8b8fa5	383	LIVE_CANONICAL	STAGE29	/home/reckless-ideator/Difference-Engine/workspace/operational/ingestion/output/ING-20260812-0064
/home/reckless-ideator/Difference-Engine-LEGACY-STALE-DECOMPOSED/LEGACY-AKS/AKS-PRESERVATION-0013_Repository_Maturity.json	f6e5f55e2628b531e23162c3eb6ee7c78a748dd0a76a47c6ee464f661dd06d48	391	LIVE_CANONICAL	STAGE29	/home/reckless-ideator/Difference-Engine/workspace/operational/ingestion/output/ING-20260812-0065
/home/reckless-ideator/Difference-Engine-LEGACY-STALE-DECOMPOSED/LEGACY-AKS/AKS-PRESERVATION-0014_Proposition_Completion.json	ce3a509c1c70729ffb5722990d0d9d9f63ca437a02cc97b020e61ebdc510181f	423	LIVE_CANONICAL	STAGE29	/home/reckless-ideator/Difference-Engine/workspace/operational/ingestion/output/ING-20260812-0066
/home/reckless-ideator/Difference-Engine-LEGACY-STALE-DECOMPOSED/LEGACY-AKS/AKS-PRESERVATION-0016_Relationship_Classification.json	ca5980cee599b654137a833e574e640cbd0b14690a2a748133db7194ec012cda	517	LIVE_CANONICAL	STAGE29	/home/reckless-ideator/Difference-Engine/workspace/operational/ingestion/output/ING-20260812-0067
/home/reckless-ideator/Difference-Engine-LEGACY-STALE-DECOMPOSED/LEGACY-AKS/AKS-PRESERVATION-0017_Evidence_Refinement.json	ef5e763488c42fb5b8df164c87a49a563ebb20c4fda1e7f426878a915aa5747d	1075	LIVE_CANONICAL	STAGE29	/home/reckless-ideator/Difference-Engine/workspace/operational/ingestion/output/ING-20260812-0068
/home/reckless-ideator/Difference-Engine-LEGACY-STALE-DECOMPOSED/LEGACY-AKS/AKS-PRESERVATION-0018_Governance_Dashboard.json	7b1a63dec74be99b00446c80d874683b5a4a54b5e9160f757bda915c82af2dbc	1296	LIVE_CANONICAL	STAGE29	/home/reckless-ideator/Difference-Engine/workspace/operational/ingestion/output/ING-20260812-0069
/home/reckless-ideator/Difference-Engine-LEGACY-STALE-DECOMPOSED/LEGACY-AKS/AKS-PRESERVATION-0019_Dependency_Review_Status.json	a65e4bc332e96acb4a2210aac73ce4f0e1e5f6b0e5641d9aa6f7287cd97474d2	699	LIVE_CANONICAL	STAGE29	/home/reckless-ideator/Difference-Engine/workspace/operational/ingestion/output/ING-20260812-0070
/home/reckless-ideator/Difference-Engine-LEGACY-STALE-DECOMPOSED/LEGACY-AKS/AKS-PRESERVATION-0020_Contradiction_Framework.json	ab9af2b9b2552380e500383adb11267c58c15022a0a10f7387263d18569af283	822	LIVE_CANONICAL	STAGE29	/home/reckless-ideator/Difference-Engine/workspace/operational/ingestion/output/ING-20260812-0071
/home/reckless-ideator/Difference-Engine-LEGACY-STALE-DECOMPOSED/LEGACY-AKS/AKS-PRESERVATION-0021_Semantic_Conservation.json	80bd2d3403ec4fc7c8c000a61a63bf0f69041925763b34ad66c909d88615968e	869	LIVE_CANONICAL	STAGE29	/home/reckless-ideator/Difference-Engine/workspace/operational/ingestion/output/ING-20260812-0072
/home/reckless-ideator/Difference-Engine-LEGACY-STALE-DECOMPOSED/LEGACY-AKS/AKS-PRESERVATION-0022_Replay_Queue.json	101a387291eed431178ec026c0a5c82e88c7c5d9dcc4a3cdb40e729ad3ae6bd9	756	LIVE_CANONICAL	STAGE29	/home/reckless-ideator/Difference-Engine/workspace/operational/ingestion/output/ING-20260812-0073
/home/reckless-ideator/Difference-Engine-LEGACY-STALE-DECOMPOSED/LEGACY-AKS/AKS-PRESERVATION-0023_Scale_Simulation.json	07f57750c28e43251a00a33115d2e59b33eb46d03ff336773500fbb24cd7809f	763	LIVE_CANONICAL	STAGE29	/home/reckless-ideator/Difference-Engine/workspace/operational/ingestion/output/ING-20260812-0074
/home/reckless-ideator/Difference-Engine-LEGACY-STALE-DECOMPOSED/LEGACY-AKS/AKS-PRESERVATION-0024_Evidence_Sufficiency.json	fcd515dbf755776cc1efe3256b3a963241eb880b148dfc00315fec8de905162c	789	LIVE_CANONICAL	STAGE29	/home/reckless-ideator/Difference-Engine/workspace/operational/ingestion/output/ING-20260812-0075
/home/reckless-ideator/Difference-Engine-LEGACY-STALE-DECOMPOSED/LEGACY-AKS/AKS-PRESERVATION-0025_Validation_Program_Transition.json	9bed86ac4330dbe91557f9d2333c0ba0586e9c172a2e52c6cfb349e375ece0fd	1630	LIVE_CANONICAL	STAGE29	/home/reckless-ideator/Difference-Engine/workspace/operational/ingestion/output/ING-20260812-0076
/home/reckless-ideator/Difference-Engine-LEGACY-STALE-DECOMPOSED/LEGACY-AKS/AKS-PRESERVATION-0026_Phase_Transition.json	a51f775d1549da420a279eea7b400d3dfceacc3f9bb07f84ccdbab7ce95e396d	756	LIVE_CANONICAL	STAGE29	/home/reckless-ideator/Difference-Engine/workspace/operational/ingestion/output/ING-20260812-0077
/home/reckless-ideator/Difference-Engine-LEGACY-STALE-DECOMPOSED/LEGACY-AKS/AKS-PRESERVATION-0027_Methodical_Progression.json	3be1743a270216b4180d4649a113361c7ec60e8b594781cfe30c2b9e4e3a71d6	687	LIVE_CANONICAL	STAGE29	/home/reckless-ideator/Difference-Engine/workspace/operational/ingestion/output/ING-20260812-0078
/home/reckless-ideator/Difference-Engine-LEGACY-STALE-DECOMPOSED/LEGACY-AKS/AKS-PRESERVATION-0029_Endurance_Cycle_A.json	0733841d47649119bdfb4a088ec815be67fb17121da1c3ac29747b173e2e0897	938	LIVE_CANONICAL	STAGE29	/home/reckless-ideator/Difference-Engine/workspace/operational/ingestion/output/ING-20260812-0079
/home/reckless-ideator/Difference-Engine-LEGACY-STALE-DECOMPOSED/LEGACY-AKS/AKS-PRESERVATION-0030_Endurance_Cycle_B.json	06088924c86afdfa0fb750307c2a2027dd7e1228859345aae41ef7292b5d8079	1015	LIVE_CANONICAL	STAGE29	/home/reckless-ideator/Difference-Engine/workspace/operational/ingestion/output/ING-20260812-0080
/home/reckless-ideator/Difference-Engine-LEGACY-STALE-DECOMPOSED/LEGACY-AKS/AKS-PRESERVATION-0031_Gate_Beta_PreAudit.json	3a582f271fdb8df8ebb8e28251b649cf46ed59203f62978aee73d57b5207bf7c	951	LIVE_CANONICAL	STAGE29	/home/reckless-ideator/Difference-Engine/workspace/operational/ingestion/output/ING-20260812-0081
/home/reckless-ideator/Difference-Engine-LEGACY-STALE-DECOMPOSED/LEGACY-AKS/AKS-PRESERVATION-0032_Engineering_Reproducibility.json	17c1fd70e75ae4141883bdbc17b61d4294c103fee848fbad992b93577f5908fb	964	LIVE_CANONICAL	STAGE29	/home/reckless-ideator/Difference-Engine/workspace/operational/ingestion/output/ING-20260812-0082
/home/reckless-ideator/Difference-Engine-LEGACY-STALE-DECOMPOSED/LEGACY-AKS/AKS-PRESERVATION-0033_Viking_Campaign_I.json	eea975f31bd5df60174128f501129fb5c2c7c393e82e7d72524253332647b94a	1140	LIVE_CANONICAL	STAGE29	/home/reckless-ideator/Difference-Engine/workspace/operational/ingestion/output/ING-20260812-0083
/home/reckless-ideator/Difference-Engine-LEGACY-STALE-DECOMPOSED/LEGACY-AKS/AKS-PRESERVATION-0034_Engineering_Maturity_Snapshot.json	5fd12044a185b77007210f0359620d8472ac520fafd8bf76f1df2a4ebe1b065c	1591	LIVE_CANONICAL	STAGE29	/home/reckless-ideator/Difference-Engine/workspace/operational/ingestion/output/ING-20260812-0084
/home/reckless-ideator/Difference-Engine-LEGACY-STALE-DECOMPOSED/LEGACY-AKS/AKS-PRESERVATION-0035_Architectural_Invariant_Assault.json	58957ee4dc45a1a3d68d31b64f917d2b06bd0cd7672fb955909444fb4667fb09	1505	LIVE_CANONICAL	STAGE29	/home/reckless-ideator/Difference-Engine/workspace/operational/ingestion/output/ING-20260812-0085
/home/reckless-ideator/Difference-Engine-LEGACY-STALE-DECOMPOSED/LEGACY-AKS/AKS-PRESERVATION-0036_Necessary_Complexity_Snapshot.json	780664d1d31a7dcbde72657824008dbb06f3c66f9a0451d40c923a4e534ae953	1524	LIVE_CANONICAL	STAGE29	/home/reckless-ideator/Difference-Engine/workspace/operational/ingestion/output/ING-20260812-0086
/home/reckless-ideator/Difference-Engine-LEGACY-STALE-DECOMPOSED/LEGACY-AKS/AKS-PRESERVATION-0037_First_Principles_Extraction_I.json	4227bb94e6b79edb88a440f99fcdb0973eab413519f0cd2104150d01d73f152a	824	LIVE_CANONICAL	STAGE29	/home/reckless-ideator/Difference-Engine/workspace/operational/ingestion/output/ING-20260812-0087
/home/reckless-ideator/Difference-Engine-LEGACY-STALE-DECOMPOSED/LEGACY-AKS/AKS-PRESERVATION-0038_First_Principles_Falsification_I.json	7e5d2e918b310d7ee5189eec25cca7f4da7f60943b0774eaf65d7a0af62358ce	1060	LIVE_CANONICAL	STAGE29	/home/reckless-ideator/Difference-Engine/workspace/operational/ingestion/output/ING-20260812-0088
/home/reckless-ideator/Difference-Engine-LEGACY-STALE-DECOMPOSED/LEGACY-AKS/AKS-PRESERVATION-0039_First_Principle_Independence_Snapshot.json	d05c1c02710358c05b49d1a7915338aabf9d59e0057f107228aea351b09540cb	1150	LIVE_CANONICAL	STAGE29	/home/reckless-ideator/Difference-Engine/workspace/operational/ingestion/output/ING-20260812-0089
/home/reckless-ideator/Difference-Engine-LEGACY-STALE-DECOMPOSED/LEGACY-AKS/AKS-PRESERVATION-0040_Boundary_Conditions_and_Self_Revision.json	e38399c998903b6f9ec10f378ecc685b716a47e12f7568931d0c0e7a5ddf75f7	1436	LIVE_CANONICAL	STAGE29	/home/reckless-ideator/Difference-Engine/workspace/operational/ingestion/output/ING-20260812-0090
/home/reckless-ideator/Difference-Engine-LEGACY-STALE-DECOMPOSED/LEGACY-AKS/AKS-PRESERVATION-0041_Emergent_Interaction_and_Dynamic_Equilibrium.json	b7f93e2664f123f99a91896cc4fb42b55be92c29bf22c9a69b5ae5456136be13	1288	LIVE_CANONICAL	STAGE29	/home/reckless-ideator/Difference-Engine/workspace/operational/ingestion/output/ING-20260812-0091
/home/reckless-ideator/Difference-Engine-LEGACY-STALE-DECOMPOSED/LEGACY-AKS/AKS-PRESERVATION-0042_Emergent_Behavior_and_Regulatory_Structures.json	1685f28640e7c4478f46ea5ac266b64cd557558d4330ab257e8b7b1952c4ca5f	1161	LIVE_CANONICAL	STAGE29	/home/reckless-ideator/Difference-Engine/workspace/operational/ingestion/output/ING-20260812-0092
/home/reckless-ideator/Difference-Engine-LEGACY-STALE-DECOMPOSED/LEGACY-AKS/AKS-PRINCIPLE-QUEUE-0001_Knowledge_Composition.json	e4917a22a107c3e5bc33f91f0c990caee825063ddf5901a788437a8df1a6d582	756	LIVE_CANONICAL	STAGE29	/home/reckless-ideator/Difference-Engine/workspace/operational/ingestion/output/ING-20260812-0093
/home/reckless-ideator/Difference-Engine-LEGACY-STALE-DECOMPOSED/LEGACY-AKS/AKS-PRINCIPLE-QUEUE-0002_Pipeline_Determinism.json	79808312cca45bed72af6ec48636ff4260d56f1a6f9c52e123e9103e5fc7a35d	421	LIVE_CANONICAL	STAGE29	/home/reckless-ideator/Difference-Engine/workspace/operational/ingestion/output/ING-20260812-0094
/home/reckless-ideator/Difference-Engine-LEGACY-STALE-DECOMPOSED/LEGACY-AKS/AKS-PRINCIPLE-QUEUE-0003_Self_Representation.json	2ed66915febd3b4b1e28f38f01d4efef84326658e38bd9ee3aa091b682c13b25	505	LIVE_CANONICAL	STAGE29	/home/reckless-ideator/Difference-Engine/workspace/operational/ingestion/output/ING-20260812-0095
/home/reckless-ideator/Difference-Engine-LEGACY-STALE-DECOMPOSED/LEGACY-AKS/AKS-PROP-0001_Draft_0.1_Proposition_Model.json	e60cf6511fc16f238c4d3a6727635e9c77504684712ceab8924e6449fe3904ab	433	LIVE_CANONICAL	STAGE29	/home/reckless-ideator/Difference-Engine/workspace/operational/ingestion/output/ING-20260812-0096
/home/reckless-ideator/Difference-Engine-LEGACY-STALE-DECOMPOSED/LEGACY-AKS/AKS-PROP-0002_P021_Canonical_Granularity.json	56b1395ba755eec2a2314c16b448b0407f8ef53835ee01a20dfad437c2566450	389	LIVE_CANONICAL	STAGE29	/home/reckless-ideator/Difference-Engine/workspace/operational/ingestion/output/ING-20260812-0097
/home/reckless-ideator/Difference-Engine-LEGACY-STALE-DECOMPOSED/LEGACY-AKS/AKS-QUEUE-0003_Semantic_Conservation.json	2f7856beea1bec64f1cad7ea9a22b082f10882c7537d6e3242aa07f69dd393c3	689	LIVE_CANONICAL	STAGE29	/home/reckless-ideator/Difference-Engine/workspace/operational/ingestion/output/ING-20260812-0098
/home/reckless-ideator/Difference-Engine-LEGACY-STALE-DECOMPOSED/LEGACY-AKS/AKS-QUEUE-0004_Repository_Replay.json	d1378ce25d1b659dbeffd2c07ee83de8772d61f74af8ccec2cd9f720779f4dba	516	LIVE_CANONICAL	STAGE29	/home/reckless-ideator/Difference-Engine/workspace/operational/ingestion/output/ING-20260812-0099
/home/reckless-ideator/Difference-Engine-LEGACY-STALE-DECOMPOSED/LEGACY-AKS/AKS-QUEUE-0005_Evidence_Sufficiency_Check.json	fb6661c31c1758d70bbe12a15ff46f5483c7bb9a71e10b35061e659774d4150e	544	LIVE_CANONICAL	STAGE29	/home/reckless-ideator/Difference-Engine/workspace/operational/ingestion/output/ING-20260812-0100
/home/reckless-ideator/Difference-Engine-LEGACY-STALE-DECOMPOSED/LEGACY-AKS/AKS-QUEUE-0006_Architectural_Stability_Principle.json	3e1cc087a5a88c2b3eb714842566086712d71e5fdd5e46508b6a29c51cf7a069	503	LIVE_CANONICAL	STAGE29	/home/reckless-ideator/Difference-Engine/workspace/operational/ingestion/output/ING-20260812-0101
/home/reckless-ideator/Difference-Engine-LEGACY-STALE-DECOMPOSED/LEGACY-AKS/AKS-QUEUE-0007_Validation_Outcome_Classification.json	3fdc20ff3804cfbee7a539effb7a56ff473870766a211f4ebc7807c7167d3294	423	LIVE_CANONICAL	STAGE29	/home/reckless-ideator/Difference-Engine/workspace/operational/ingestion/output/ING-20260812-0102
/home/reckless-ideator/Difference-Engine-LEGACY-STALE-DECOMPOSED/LEGACY-AKS/AKS-QUEUE-0008_Engineering_Culture_Preservation-1.json	d440b6f1fbb33a6bdec5d8468b57a60b9aa2c454239f5655645e39fae547faf3	415	LIVE_CANONICAL	STAGE29	/home/reckless-ideator/Difference-Engine/workspace/operational/ingestion/output/ING-20260812-0103
/home/reckless-ideator/Difference-Engine-LEGACY-STALE-DECOMPOSED/LEGACY-AKS/AKS-QUEUE-0008_Engineering_Culture_Preservation.json	d440b6f1fbb33a6bdec5d8468b57a60b9aa2c454239f5655645e39fae547faf3	415	LIVE_CANONICAL	STAGE29	/home/reckless-ideator/Difference-Engine/workspace/operational/ingestion/output/ING-20260812-0104
/home/reckless-ideator/Difference-Engine-LEGACY-STALE-DECOMPOSED/LEGACY-AKS/AKS-REL-0001_Relationship_Classification.json	294b2f0a5d61d013f6a92bec4db6e154445da683367f211404595e5564a4bcf9	921	LIVE_CANONICAL	STAGE29	/home/reckless-ideator/Difference-Engine/workspace/operational/ingestion/output/ING-20260812-0105
/home/reckless-ideator/Difference-Engine-LEGACY-STALE-DECOMPOSED/LEGACY-AKS/AKS-RML-0001.json	fe8394d3454ec36c4239c8824b86b9914bd9940f90aba7fc0dfb971b9d334a3a	580	LIVE_CANONICAL	STAGE29	/home/reckless-ideator/Difference-Engine/workspace/operational/ingestion/output/ING-20260812-0106
/home/reckless-ideator/Difference-Engine-LEGACY-STALE-DECOMPOSED/LEGACY-AKS/AKS-ROADMAP-0001_Draft_0.1_Semantic_Core_Roadmap.json	ac1aebf2e497a34af9f3542d97451b33ac20da17a9007ada45d8d5927ef6f483	436	LIVE_CANONICAL	STAGE29	/home/reckless-ideator/Difference-Engine/workspace/operational/ingestion/output/ING-20260812-0107
/home/reckless-ideator/Difference-Engine-LEGACY-STALE-DECOMPOSED/LEGACY-AKS/AKS-ROADMAP-0003_Post_Gate_Alpha-1.json	204b601464b2cc98683e1c3bec88653eac7bc590aa9d135c5e9eb7604edc31e8	430	LIVE_CANONICAL	STAGE29	/home/reckless-ideator/Difference-Engine/workspace/operational/ingestion/output/ING-20260812-0108
/home/reckless-ideator/Difference-Engine-LEGACY-STALE-DECOMPOSED/LEGACY-AKS/AKS-ROADMAP-0003_Post_Gate_Alpha-2.json	204b601464b2cc98683e1c3bec88653eac7bc590aa9d135c5e9eb7604edc31e8	430	LIVE_CANONICAL	STAGE29	/home/reckless-ideator/Difference-Engine/workspace/operational/ingestion/output/ING-20260812-0109
/home/reckless-ideator/Difference-Engine-LEGACY-STALE-DECOMPOSED/LEGACY-AKS/AKS-ROADMAP-0003_Post_Gate_Alpha.json	204b601464b2cc98683e1c3bec88653eac7bc590aa9d135c5e9eb7604edc31e8	430	LIVE_CANONICAL	STAGE29	/home/reckless-ideator/Difference-Engine/workspace/operational/ingestion/output/ING-20260812-0110
/home/reckless-ideator/Difference-Engine-LEGACY-STALE-DECOMPOSED/LEGACY-AKS/AKS-SIS-0001_Semantic_Integrity_Checklist.json	c41835e2c9cb35f102d139d69d840a2dea967afff44e6c1fc6e4199e9bb73a26	469	LIVE_CANONICAL	STAGE29	/home/reckless-ideator/Difference-Engine/workspace/operational/ingestion/output/ING-20260812-0111
/home/reckless-ideator/Difference-Engine-LEGACY-STALE-DECOMPOSED/LEGACY-AKS/AKS-SPEC-0001_Draft_0.4_Canonical.json	9e612930ce25e2c507d98aa49dec8cc79763812a4033225c4ce50a6c3de8ad76	7096	LIVE_CANONICAL	STAGE29	/home/reckless-ideator/Difference-Engine/workspace/operational/ingestion/output/ING-20260812-0112
/home/reckless-ideator/Difference-Engine-LEGACY-STALE-DECOMPOSED/LEGACY-AKS/AKS-SPEC-0002_Draft_0.1_Canonical.json	7e83ae60a2bc9fe1cb701aa10d30b0ca1cc10d12209bec66c547078426a6bb28	3245	LIVE_CANONICAL	STAGE29	/home/reckless-ideator/Difference-Engine/workspace/operational/ingestion/output/ING-20260812-0113
/home/reckless-ideator/Difference-Engine-LEGACY-STALE-DECOMPOSED/LEGACY-AKS/AKS-SPEC-0004_Draft_0.1_Canonical_Knowledge_Model.json	d879fe3b9238c3fd13654cd8e5ac37ed42a18f5e25c18cdd97da000f96c4cbb6	464	LIVE_CANONICAL	STAGE29	/home/reckless-ideator/Difference-Engine/workspace/operational/ingestion/output/ING-20260812-0114
/home/reckless-ideator/Difference-Engine-LEGACY-STALE-DECOMPOSED/LEGACY-AKS/AKS-SPEC-0005_Draft_0.1_Semantic_Kernel_Architecture.json	528a2775b53711d5e931ee2f4f255cc85fa1a216630e928385763c39ab423289	502	LIVE_CANONICAL	STAGE29	/home/reckless-ideator/Difference-Engine/workspace/operational/ingestion/output/ING-20260812-0115
/home/reckless-ideator/Difference-Engine-LEGACY-STALE-DECOMPOSED/LEGACY-AKS/AKS-SPECSTATE-0001_Template.json	a05ffa675604e5f04459dbf0e4ce57de11f01d10266e09023f478650d12abf27	478	LIVE_CANONICAL	STAGE29	/home/reckless-ideator/Difference-Engine/workspace/operational/ingestion/output/ING-20260812-0116
/home/reckless-ideator/Difference-Engine-LEGACY-STALE-DECOMPOSED/LEGACY-AKS/AKS-TEST-0001_EXECUTION_0002.json	4752cda914d57cd6f395397eedb50e9e9da788567056b034cb2ad1129e12939b	516	LIVE_CANONICAL	STAGE29	/home/reckless-ideator/Difference-Engine/workspace/operational/ingestion/output/ING-20260812-0117
/home/reckless-ideator/Difference-Engine-LEGACY-STALE-DECOMPOSED/LEGACY-AKS/AKS-TEST-0003_EXECUTION_0001.json	d6b13f807917cd9fd9b6162691a7ede7214047847b90ea19941d65c6d3f52355	537	LIVE_CANONICAL	STAGE29	/home/reckless-ideator/Difference-Engine/workspace/operational/ingestion/output/ING-20260812-0118
/home/reckless-ideator/Difference-Engine-LEGACY-STALE-DECOMPOSED/LEGACY-AKS/AKS-TEST-0004_EXECUTION_0001.json	c48779581d69ad00e6b0a9c63abd5a5d6edb50888202a418f4fbb2caa91f2e98	383	LIVE_CANONICAL	STAGE29	/home/reckless-ideator/Difference-Engine/workspace/operational/ingestion/output/ING-20260812-0119
/home/reckless-ideator/Difference-Engine-LEGACY-STALE-DECOMPOSED/LEGACY-AKS/AKS-TEST-0007_EXECUTION_0001.json	dd18f3eed8b8ba6c06a60c914fe584e308b46618bb9afae4747eac2be5a940fe	764	LIVE_CANONICAL	STAGE29	/home/reckless-ideator/Difference-Engine/workspace/operational/ingestion/output/ING-20260812-0120
/home/reckless-ideator/Difference-Engine-LEGACY-STALE-DECOMPOSED/LEGACY-AKS/AKS-TEST-FAMILY-0001.json	feb007e3c2cd5c3f5a8e67b032e74404ac52a119f9e65be0423123fd267cd444	477	LIVE_CANONICAL	STAGE29	/home/reckless-ideator/Difference-Engine/workspace/operational/ingestion/output/ING-20260812-0121
/home/reckless-ideator/Difference-Engine-LEGACY-STALE-DECOMPOSED/LEGACY-AKS/AKS-THEOREM-0001_Inheritance_Conservation.json	c876bacb4f749e1d21c74b84ca60b9ca2676224a0a7d3534917871b94c70c4e9	1614	LIVE_CANONICAL	STAGE29	/home/reckless-ideator/Difference-Engine/workspace/operational/ingestion/output/ING-20260812-0122
/home/reckless-ideator/Difference-Engine-LEGACY-STALE-DECOMPOSED/LEGACY-AKS/AKS-THEOREM-QUEUE-0001_Update-1.json	3da05f81c5c02a91f476e899db96d57ddac423841dd55fb76264023c945938ea	621	LIVE_CANONICAL	STAGE29	/home/reckless-ideator/Difference-Engine/workspace/operational/ingestion/output/ING-20260812-0123
/home/reckless-ideator/Difference-Engine-LEGACY-STALE-DECOMPOSED/LEGACY-AKS/AKS-THEOREM-QUEUE-0001_Update.json	3da05f81c5c02a91f476e899db96d57ddac423841dd55fb76264023c945938ea	621	LIVE_CANONICAL	STAGE29	/home/reckless-ideator/Difference-Engine/workspace/operational/ingestion/output/ING-20260812-0124
/home/reckless-ideator/Difference-Engine-LEGACY-STALE-DECOMPOSED/LEGACY-AKS/AKS-THEOREMS-0001_Draft_0.1_Canonical.json	51104a192210d74b2c1a83cbeb2b6730ccb265ff8a932c4dc4a896e9aaca5039	2440	LIVE_CANONICAL	STAGE29	/home/reckless-ideator/Difference-Engine/workspace/operational/ingestion/output/ING-20260812-0125
/home/reckless-ideator/Difference-Engine-LEGACY-STALE-DECOMPOSED/LEGACY-AKS/AKS-TRUTH-0001_Draft_0.1_Truth_State_Model.json	677df5ef5689a8c9dc513ae2fc561a543dac4505a70560e73fabdcfa92367b8b	1180	LIVE_CANONICAL	STAGE29	/home/reckless-ideator/Difference-Engine/workspace/operational/ingestion/output/ING-20260812-0126
/home/reckless-ideator/Difference-Engine-LEGACY-STALE-DECOMPOSED/LEGACY-AKS/AKS_Architecture_Manifest_v1.json	08e06fead80153709fe5f5052470e26bb994ea9d238eb5dd2e1d6093239169b9	726	LIVE_CANONICAL	STAGE29	/home/reckless-ideator/Difference-Engine/workspace/operational/ingestion/output/ING-20260812-0127
/home/reckless-ideator/Difference-Engine-LEGACY-STALE-DECOMPOSED/LEGACY-AKS/AKS_Architecture_v0.1_Draft.json	721891d629e95a7e53339a81db40e5db2f1173e6048a91b134245aacae5e4508	3339	LIVE_CANONICAL	STAGE29	/home/reckless-ideator/Difference-Engine/workspace/operational/ingestion/output/ING-20260812-0128
/home/reckless-ideator/Difference-Engine-LEGACY-STALE-DECOMPOSED/LEGACY-AKS/AKS_Author_Statement_v1.0.json	8240a14674fa2a46609297b3e4e1ef9bd42404d13fa4dc3869eb44ad22a136bd	90	LIVE_CANONICAL	STAGE29	/home/reckless-ideator/Difference-Engine/workspace/operational/ingestion/output/ING-20260812-0129
/home/reckless-ideator/Difference-Engine-LEGACY-STALE-DECOMPOSED/LEGACY-AKS/AKS_Benediction_v1.0.json	493601e0304ed38d0c323985d4d342e11c764e01069f185c828b5c82ae0615ea	85	LIVE_CANONICAL	STAGE29	/home/reckless-ideator/Difference-Engine/workspace/operational/ingestion/output/ING-20260812-0130
/home/reckless-ideator/Difference-Engine-LEGACY-STALE-DECOMPOSED/LEGACY-AKS/AKS_CPA_0001_Foundation_Update.json	0d22e0bfce1af8cb7772a9bd6fadae2faf00851ecd2b2bf8280ddbd20d12a7e3	548	LIVE_CANONICAL	STAGE29	/home/reckless-ideator/Difference-Engine/workspace/operational/ingestion/output/ING-20260812-0131
/home/reckless-ideator/Difference-Engine-LEGACY-STALE-DECOMPOSED/LEGACY-AKS/AKS_CPA_0001_Manifest_Draft.json	520eeb599af329348dfcbeb4680d24f3740e0dbfd69bc00538f0d939a9b87c39	1599	LIVE_CANONICAL	STAGE29	/home/reckless-ideator/Difference-Engine/workspace/operational/ingestion/output/ING-20260812-0132
/home/reckless-ideator/Difference-Engine-LEGACY-STALE-DECOMPOSED/LEGACY-AKS/AKS_Canonical_Knowledge_Object_Schema_v1.1.json	f06e6128d528c5d5ed389d8231150428d12a2817e6402d514bc747228ed0f5e2	567	LIVE_CANONICAL	STAGE29	/home/reckless-ideator/Difference-Engine/workspace/operational/ingestion/output/ING-20260812-0133
/home/reckless-ideator/Difference-Engine-LEGACY-STALE-DECOMPOSED/LEGACY-AKS/AKS_Canonical_Knowledge_Object_Schema_v1.json	8d0ddfd5a85ff16f5fce0f6f2215622b9fc1057708da18c0c46263a1e3c4eb42	338	LIVE_CANONICAL	STAGE29	/home/reckless-ideator/Difference-Engine/workspace/operational/ingestion/output/ING-20260812-0134
/home/reckless-ideator/Difference-Engine-LEGACY-STALE-DECOMPOSED/LEGACY-AKS/AKS_Communication_Architecture_v1.0.json	7cae1155721f4eb4106e842122fcbbf40bd84ad6d55ae285638c1df260b7c503	100	LIVE_CANONICAL	STAGE29	/home/reckless-ideator/Difference-Engine/workspace/operational/ingestion/output/ING-20260812-0135
/home/reckless-ideator/Difference-Engine-LEGACY-STALE-DECOMPOSED/LEGACY-AKS/AKS_Communication_Architecture_v1.json	c3777d84243e631022afa1165795d76ab55761b7d02efad1e6319fab13dcde7e	845	LIVE_CANONICAL	STAGE29	/home/reckless-ideator/Difference-Engine/workspace/operational/ingestion/output/ING-20260812-0136
/home/reckless-ideator/Difference-Engine-LEGACY-STALE-DECOMPOSED/LEGACY-AKS/AKS_Companion_Narrative_Working_Draft_v0_2.json	3e2a0ac4824a5fa406ed43ff3e2038989934bf8eeac62267b48b0c818589a7d6	894	LIVE_CANONICAL	STAGE29	/home/reckless-ideator/Difference-Engine/workspace/operational/ingestion/output/ING-20260812-0137
/home/reckless-ideator/Difference-Engine-LEGACY-STALE-DECOMPOSED/LEGACY-AKS/AKS_Conformance_Preparation.json	1f93b63b855e6841ac3db8bdc37bc8b486c30ee8ddee4e3695a7db7c7d6e5847	448	LIVE_CANONICAL	STAGE29	/home/reckless-ideator/Difference-Engine/workspace/operational/ingestion/output/ING-20260812-0138
/home/reckless-ideator/Difference-Engine-LEGACY-STALE-DECOMPOSED/LEGACY-AKS/AKS_Constitution_v0.1_Draft.json	805c92671f821195ce1bd32ad2f6d217b3d1083f79954a2ad948fcdff44bec1d	3307	LIVE_CANONICAL	STAGE29	/home/reckless-ideator/Difference-Engine/workspace/operational/ingestion/output/ING-20260812-0139
/home/reckless-ideator/Difference-Engine-LEGACY-STALE-DECOMPOSED/LEGACY-AKS/AKS_Contributor_Provenance_v1.0.json	039cd15792b2a210e0a5ced082e2d87e03548c54436acbf76d341037cd5cf09e	96	LIVE_CANONICAL	STAGE29	/home/reckless-ideator/Difference-Engine/workspace/operational/ingestion/output/ING-20260812-0140
/home/reckless-ideator/Difference-Engine-LEGACY-STALE-DECOMPOSED/LEGACY-AKS/AKS_Covenant_v1.0.json	26b5a13a469d2585ca024135c7c1474967dc378061989d22d269f90c4da99a84	82	LIVE_CANONICAL	STAGE29	/home/reckless-ideator/Difference-Engine/workspace/operational/ingestion/output/ING-20260812-0141
/home/reckless-ideator/Difference-Engine-LEGACY-STALE-DECOMPOSED/LEGACY-AKS/AKS_Culture_Architecture_v1.0.json	9ab61d845f0341e5a7943baa4f6ffe3729168a3bfac2c67fa90c06be787adee6	94	LIVE_CANONICAL	STAGE29	/home/reckless-ideator/Difference-Engine/workspace/operational/ingestion/output/ING-20260812-0142
/home/reckless-ideator/Difference-Engine-LEGACY-STALE-DECOMPOSED/LEGACY-AKS/AKS_Dependency_Graph_Specification_v1.1.json	10d3e88175418193e18e7da4a17b201af0d2793890c2e0c93ef9ff91622ebc2b	352	LIVE_CANONICAL	STAGE29	/home/reckless-ideator/Difference-Engine/workspace/operational/ingestion/output/ING-20260812-0143
/home/reckless-ideator/Difference-Engine-LEGACY-STALE-DECOMPOSED/LEGACY-AKS/AKS_Dependency_Graph_Specification_v1.json	ccdbca0f77d34e81953bc7c98840711661021586a234dbf6c8b3828cbc3d218a	218	LIVE_CANONICAL	STAGE29	/home/reckless-ideator/Difference-Engine/workspace/operational/ingestion/output/ING-20260812-0144
/home/reckless-ideator/Difference-Engine-LEGACY-STALE-DECOMPOSED/LEGACY-AKS/AKS_Design_Philosophy_v1.1.json	ac2dab7c0a9cb797392d7ffd51eed739395276b873d57696adc782a0b1f3c831	230	LIVE_CANONICAL	STAGE29	/home/reckless-ideator/Difference-Engine/workspace/operational/ingestion/output/ING-20260812-0145
/home/reckless-ideator/Difference-Engine-LEGACY-STALE-DECOMPOSED/LEGACY-AKS/AKS_Design_Philosophy_v1.json	c38b9129274353bf1e7dc25f95062dbdde02017d93d9736321d6d0a059df15e1	168	LIVE_CANONICAL	STAGE29	/home/reckless-ideator/Difference-Engine/workspace/operational/ingestion/output/ING-20260812-0146
/home/reckless-ideator/Difference-Engine-LEGACY-STALE-DECOMPOSED/LEGACY-AKS/AKS_Developmental_Framework_v1.json	00574d4a54a1c41d8f361ee0c8f6d46fea81eeb30b93f1175a932fe05a27e1f3	314	LIVE_CANONICAL	STAGE29	/home/reckless-ideator/Difference-Engine/workspace/operational/ingestion/output/ING-20260812-0147
/home/reckless-ideator/Difference-Engine-LEGACY-STALE-DECOMPOSED/LEGACY-AKS/AKS_Engineering_Method_Update.json	4ab3ae0d2b0f63c08841d6b8690b5d212dc05f72e7d3b9723e474be0bc56cb57	583	LIVE_CANONICAL	STAGE29	/home/reckless-ideator/Difference-Engine/workspace/operational/ingestion/output/ING-20260812-0148
/home/reckless-ideator/Difference-Engine-LEGACY-STALE-DECOMPOSED/LEGACY-AKS/AKS_Final_Observation_v1.0.json	9b5a0c6c2a56f83891dc4c8edfab9a1e3768cb2fc206e90cdcca1a3ec9c2a439	91	LIVE_CANONICAL	STAGE29	/home/reckless-ideator/Difference-Engine/workspace/operational/ingestion/output/ING-20260812-0149
/home/reckless-ideator/Difference-Engine-LEGACY-STALE-DECOMPOSED/LEGACY-AKS/AKS_Forensic_Checkpoint_0001.json	c4b2b3b28d8ebb913e54b2f36f584362ff73866129d3bd29433d11e572d88c73	943	LIVE_CANONICAL	STAGE29	/home/reckless-ideator/Difference-Engine/workspace/operational/ingestion/output/ING-20260812-0150
/home/reckless-ideator/Difference-Engine-LEGACY-STALE-DECOMPOSED/LEGACY-AKS/AKS_Foundational_Theory_v1.1.json	e1b3d7b0c5c7387bfc850d929477fa27cc1f7023581a6fbf7525ac8f0117094f	273	LIVE_CANONICAL	STAGE29	/home/reckless-ideator/Difference-Engine/workspace/operational/ingestion/output/ING-20260812-0151
/home/reckless-ideator/Difference-Engine-LEGACY-STALE-DECOMPOSED/LEGACY-AKS/AKS_Foundational_Theory_v1.json	2af130827253fbc849fc2c7154a86497cb75f16257c9357ca6f58faa0923093f	173	LIVE_CANONICAL	STAGE29	/home/reckless-ideator/Difference-Engine/workspace/operational/ingestion/output/ING-20260812-0152
/home/reckless-ideator/Difference-Engine-LEGACY-STALE-DECOMPOSED/LEGACY-AKS/AKS_Gardener_Cultivation_Model_v1.0.json	45f64f7bf3f2acc613bfabe052f751eade78eeb5655f4ece2797ee7bee01a020	100	LIVE_CANONICAL	STAGE29	/home/reckless-ideator/Difference-Engine/workspace/operational/ingestion/output/ING-20260812-0153
/home/reckless-ideator/Difference-Engine-LEGACY-STALE-DECOMPOSED/LEGACY-AKS/AKS_Gardener_Principle_v1.0.json	bb5e4ea29550af3e5c2dea78624d914bb677fe416190632375e3a8bcde6cf9be	92	LIVE_CANONICAL	STAGE29	/home/reckless-ideator/Difference-Engine/workspace/operational/ingestion/output/ING-20260812-0154
/home/reckless-ideator/Difference-Engine-LEGACY-STALE-DECOMPOSED/LEGACY-AKS/AKS_Governing_Principles_v1.1.json	319c221040d54273f3fd6e10174d2156bcfb80018619680bf8bae05d9d37fa96	576	LIVE_CANONICAL	STAGE29	/home/reckless-ideator/Difference-Engine/workspace/operational/ingestion/output/ING-20260812-0155
/home/reckless-ideator/Difference-Engine-LEGACY-STALE-DECOMPOSED/LEGACY-AKS/AKS_Governing_Principles_v2.json	a27d2876c2735635b6cdbc0b9f4d33a647a9cdf3534a792cce3d8821c0fbccd8	310	LIVE_CANONICAL	STAGE29	/home/reckless-ideator/Difference-Engine/workspace/operational/ingestion/output/ING-20260812-0156
/home/reckless-ideator/Difference-Engine-LEGACY-STALE-DECOMPOSED/LEGACY-AKS/AKS_Hope_Architecture_v1.0.json	f1d3488e7553198b4080f71f673f5c1b66dc3f5aef63c531e6bbb136ff9135ec	91	LIVE_CANONICAL	STAGE29	/home/reckless-ideator/Difference-Engine/workspace/operational/ingestion/output/ING-20260812-0157
/home/reckless-ideator/Difference-Engine-LEGACY-STALE-DECOMPOSED/LEGACY-AKS/AKS_Human_Centered_Repository_Philosophy_v1.0.json	177fc8d9a3a48bb022f49181404b994484a8a6f05c03a6f4ad7ac574a4460df2	110	LIVE_CANONICAL	STAGE29	/home/reckless-ideator/Difference-Engine/workspace/operational/ingestion/output/ING-20260812-0158
/home/reckless-ideator/Difference-Engine-LEGACY-STALE-DECOMPOSED/LEGACY-AKS/AKS_Implementation_Roadmap_v1.0.json	eb628c40aacaca924f142bb1ee77a874652a87958b118956f3e6936c5a8f88d3	364	LIVE_CANONICAL	STAGE29	/home/reckless-ideator/Difference-Engine/workspace/operational/ingestion/output/ING-20260812-0159
/home/reckless-ideator/Difference-Engine-LEGACY-STALE-DECOMPOSED/LEGACY-AKS/AKS_Integrity_Architecture_v1.1.json	281dddc228b51f761601b249c6939f2a86ac1d701fcade41bb5b73977ad8a3c6	744	LIVE_CANONICAL	STAGE29	/home/reckless-ideator/Difference-Engine/workspace/operational/ingestion/output/ING-20260812-0160
/home/reckless-ideator/Difference-Engine-LEGACY-STALE-DECOMPOSED/LEGACY-AKS/AKS_Integrity_Architecture_v1.json	d3c585eb53aa9b03c575251956a7e6b4a00a31a866f3a3abb43333af138b047b	246	LIVE_CANONICAL	STAGE29	/home/reckless-ideator/Difference-Engine/workspace/operational/ingestion/output/ING-20260812-0161
/home/reckless-ideator/Difference-Engine-LEGACY-STALE-DECOMPOSED/LEGACY-AKS/AKS_Legacy_Architecture_v1.0.json	838d769f54d077f854d60e93780755df71c57c0e08610e8ff50b54e49987e3ac	93	LIVE_CANONICAL	STAGE29	/home/reckless-ideator/Difference-Engine/workspace/operational/ingestion/output/ING-20260812-0162
/home/reckless-ideator/Difference-Engine-LEGACY-STALE-DECOMPOSED/LEGACY-AKS/AKS_Living_Repository_Architecture_v1.0.json	53ea17ca86d6bc99ccb2dc041344487da3d832eb5502663c4164f6c9903f969c	639	LIVE_CANONICAL	STAGE29	/home/reckless-ideator/Difference-Engine/workspace/operational/ingestion/output/ING-20260812-0163
/home/reckless-ideator/Difference-Engine-LEGACY-STALE-DECOMPOSED/LEGACY-AKS/AKS_Longitudinal_Reasoning_v1.0.json	faf1e90ec02b21437b395126ab222a0977084caaf28ceaadc127bd811ce27d06	181	LIVE_CANONICAL	STAGE29	/home/reckless-ideator/Difference-Engine/workspace/operational/ingestion/output/ING-20260812-0164
/home/reckless-ideator/Difference-Engine-LEGACY-STALE-DECOMPOSED/LEGACY-AKS/AKS_MetaArchitecture_Update.json	dc16923cc6aa938acd9f4cb59d8bcefc83f3a0d6957da2d5aaf8d9c0d250a3df	501	LIVE_CANONICAL	STAGE29	/home/reckless-ideator/Difference-Engine/workspace/operational/ingestion/output/ING-20260812-0165
/home/reckless-ideator/Difference-Engine-LEGACY-STALE-DECOMPOSED/LEGACY-AKS/AKS_Mission_Statement_v1.0.json	6704b712baf1ca8e016014b984dec293306d2c8d5370a5d7a4317a42a86b0bd4	147	LIVE_CANONICAL	STAGE29	/home/reckless-ideator/Difference-Engine/workspace/operational/ingestion/output/ING-20260812-0166
/home/reckless-ideator/Difference-Engine-LEGACY-STALE-DECOMPOSED/LEGACY-AKS/AKS_Phylactery_PreFreeze_Baseline_v0.1.json	aa376b3c093068a75df41a17a3ee81c0c08012dbf2fe1fd467870cd8d4331c2b	1081	LIVE_CANONICAL	STAGE29	/home/reckless-ideator/Difference-Engine/workspace/operational/ingestion/output/ING-20260812-0167
/home/reckless-ideator/Difference-Engine-LEGACY-STALE-DECOMPOSED/LEGACY-AKS/AKS_Preservation_Automation_Constitution_v1.0.json	f6bf0d2ec4e510a809d039fdd8a957f78d36b926231cc8084a4ff3a94e05cf57	417	LIVE_CANONICAL	STAGE29	/home/reckless-ideator/Difference-Engine/workspace/operational/ingestion/output/ING-20260812-0168
/home/reckless-ideator/Difference-Engine-LEGACY-STALE-DECOMPOSED/LEGACY-AKS/AKS_Publication_Front_Matter_v1.0.json	60204d52ee230632e37648b33345d3c8dd55da3fa55fe8e34321158902b88996	98	LIVE_CANONICAL	STAGE29	/home/reckless-ideator/Difference-Engine/workspace/operational/ingestion/output/ING-20260812-0169
/home/reckless-ideator/Difference-Engine-LEGACY-STALE-DECOMPOSED/LEGACY-AKS/AKS_Reasoning_Contracts_v1.1-1.json	532dd72192969b3466deb07e7a83cf161d9100b68f11ff6d160bf8fe0d364562	283	LIVE_CANONICAL	STAGE29	/home/reckless-ideator/Difference-Engine/workspace/operational/ingestion/output/ING-20260812-0170
/home/reckless-ideator/Difference-Engine-LEGACY-STALE-DECOMPOSED/LEGACY-AKS/AKS_Reasoning_Contracts_v1.1.json	532dd72192969b3466deb07e7a83cf161d9100b68f11ff6d160bf8fe0d364562	283	LIVE_CANONICAL	STAGE29	/home/reckless-ideator/Difference-Engine/workspace/operational/ingestion/output/ING-20260812-0171
/home/reckless-ideator/Difference-Engine-LEGACY-STALE-DECOMPOSED/LEGACY-AKS/AKS_Reasoning_Contracts_v2.json	765c47a56edea1ed33ecf0d83d64740039a26c7875fe368288456112c094f4c2	229	LIVE_CANONICAL	STAGE29	/home/reckless-ideator/Difference-Engine/workspace/operational/ingestion/output/ING-20260812-0172
/home/reckless-ideator/Difference-Engine-LEGACY-STALE-DECOMPOSED/LEGACY-AKS/AKS_Reasoning_Manifest_v1.json	594cfad03fd7a670eb4110d22f750b42ed24b4b17d896bf739fe45b5c4440751	394	LIVE_CANONICAL	STAGE29	/home/reckless-ideator/Difference-Engine/workspace/operational/ingestion/output/ING-20260812-0173
/home/reckless-ideator/Difference-Engine-LEGACY-STALE-DECOMPOSED/LEGACY-AKS/AKS_Repository_Constitution_v1.1.json	9c08d73f3b541171b73fdb646041bb4374298b196d77d04fd2208eee67047aaa	539	LIVE_CANONICAL	STAGE29	/home/reckless-ideator/Difference-Engine/workspace/operational/ingestion/output/ING-20260812-0174
/home/reckless-ideator/Difference-Engine-LEGACY-STALE-DECOMPOSED/LEGACY-AKS/AKS_Repository_Constitution_v1.json	7b9418320b55a3d75fc477977e1e5d8961dc436aa56c82bc80a9364855a545db	442	LIVE_CANONICAL	STAGE29	/home/reckless-ideator/Difference-Engine/workspace/operational/ingestion/output/ING-20260812-0175
/home/reckless-ideator/Difference-Engine-LEGACY-STALE-DECOMPOSED/LEGACY-AKS/AKS_Repository_Invariants_v1.1.json	7f2226f42c5fd2b821b925f2b8ced54b8c123f01ead91af448a46a183556dffb	301	LIVE_CANONICAL	STAGE29	/home/reckless-ideator/Difference-Engine/workspace/operational/ingestion/output/ING-20260812-0176
/home/reckless-ideator/Difference-Engine-LEGACY-STALE-DECOMPOSED/LEGACY-AKS/AKS_Repository_Invariants_v1.json	f169fcddbe5e33c3b97ae9b9b2a4ec6b2a8f3c091d66347933bfac3b43071932	292	LIVE_CANONICAL	STAGE29	/home/reckless-ideator/Difference-Engine/workspace/operational/ingestion/output/ING-20260812-0177
/home/reckless-ideator/Difference-Engine-LEGACY-STALE-DECOMPOSED/LEGACY-AKS/AKS_Repository_Voice_v1.0.json	492162cd5f2c4ebdb44890e6aa571945828d67fd31d4964136751222c32f11b4	90	LIVE_CANONICAL	STAGE29	/home/reckless-ideator/Difference-Engine/workspace/operational/ingestion/output/ING-20260812-0178
/home/reckless-ideator/Difference-Engine-LEGACY-STALE-DECOMPOSED/LEGACY-AKS/AKS_Roadmap_v2.json	0f9e969bb86ad39ae9c67aaba1a56df992ac83d9b7bf5f68e8168198512f32d8	385	LIVE_CANONICAL	STAGE29	/home/reckless-ideator/Difference-Engine/workspace/operational/ingestion/output/ING-20260812-0179
/home/reckless-ideator/Difference-Engine-LEGACY-STALE-DECOMPOSED/LEGACY-AKS/AKS_Runtime_Specification_v1.0.json	ad487fd7cc38ff9c9d126389b5828eabe82effb0066df8ed091ba0256f6b93da	896	LIVE_CANONICAL	STAGE29	/home/reckless-ideator/Difference-Engine/workspace/operational/ingestion/output/ING-20260812-0180
/home/reckless-ideator/Difference-Engine-LEGACY-STALE-DECOMPOSED/LEGACY-AKS/AKS_SPEC_Roadmap_Update.json	f4850fe4a62567c7d64a5fa18eccc6a04d6e2274fa00c6074745efa657b132d7	824	LIVE_CANONICAL	STAGE29	/home/reckless-ideator/Difference-Engine/workspace/operational/ingestion/output/ING-20260812-0181
/home/reckless-ideator/Difference-Engine-LEGACY-STALE-DECOMPOSED/LEGACY-AKS/AKS_Stewards_Compass_v1.0.json	ba2f33a976ba26cf2700c2352ae84fe6d424251800a297648b660f4f27f66be0	205	LIVE_CANONICAL	STAGE29	/home/reckless-ideator/Difference-Engine/workspace/operational/ingestion/output/ING-20260812-0182
/home/reckless-ideator/Difference-Engine-LEGACY-STALE-DECOMPOSED/LEGACY-AKS/AKS_Stewards_Oath_v1.0.json	901c40c2c81713ac0da2345df00a547dc2ed0cb00e088d68ce114d5d1518686d	87	LIVE_CANONICAL	STAGE29	/home/reckless-ideator/Difference-Engine/workspace/operational/ingestion/output/ING-20260812-0183
/home/reckless-ideator/Difference-Engine-LEGACY-STALE-DECOMPOSED/LEGACY-AKS/AKS_Stewardship_Architecture_v1.0.json	58b46d49d5b13106d3af6d1d47079f24624b0791598ab34649b8bdbe2484cfdb	98	LIVE_CANONICAL	STAGE29	/home/reckless-ideator/Difference-Engine/workspace/operational/ingestion/output/ING-20260812-0184
/home/reckless-ideator/Difference-Engine-LEGACY-STALE-DECOMPOSED/LEGACY-AKS/AKS_Style_Profile_Model_v1.json	29373fbda7fc20ec9a3335f2f46a154221e5cfd7bcf1b0beb5dd92bf22988ba2	395	LIVE_CANONICAL	STAGE29	/home/reckless-ideator/Difference-Engine/workspace/operational/ingestion/output/ING-20260812-0185
/home/reckless-ideator/Difference-Engine-LEGACY-STALE-DECOMPOSED/LEGACY-AKS/AKS_Validation_Queue.json	551baa54ae764b5be16d2e64cd7b2f83eef7d97c2cdecd159962ff329f98432b	339	LIVE_CANONICAL	STAGE29	/home/reckless-ideator/Difference-Engine/workspace/operational/ingestion/output/ING-20260812-0186
/home/reckless-ideator/Difference-Engine-LEGACY-STALE-DECOMPOSED/LEGACY-AKS/AKS_archive_manifest_v1_seed.json	0c810d44c606ca2b03979bb346579c7008ebb8040bf14b0ff1e14abce151c295	587	LIVE_CANONICAL	STAGE29	/home/reckless-ideator/Difference-Engine/workspace/operational/ingestion/output/ING-20260812-0187
/home/reckless-ideator/Difference-Engine-LEGACY-STALE-DECOMPOSED/LEGACY-AKS/AKS_manifest_v0.1.json	4b6b17943579e0333684eda41dd16ca4ebc41007ce46fa9708928d9c73ae906c	242	LIVE_CANONICAL	STAGE29	/home/reckless-ideator/Difference-Engine/workspace/operational/ingestion/output/ING-20260812-0188
/home/reckless-ideator/Difference-Engine-LEGACY-STALE-DECOMPOSED/LEGACY-AKS/AKS_repository_layers.json	e24b4628f2c3bdd3feb60f1a05ff206c4451373d171c994bccec903620f6e9bd	186	LIVE_CANONICAL	STAGE29	/home/reckless-ideator/Difference-Engine/workspace/operational/ingestion/output/ING-20260812-0189
/home/reckless-ideator/Difference-Engine-LEGACY-STALE-DECOMPOSED/LEGACY-AKS/AKS_workflow_vNext.json	88eb2337d60e3c78186b2662332f4a1464af3791ab1d161dade4dd187a949b5e	366	LIVE_CANONICAL	STAGE29	/home/reckless-ideator/Difference-Engine/workspace/operational/ingestion/output/ING-20260812-0190
/home/reckless-ideator/Difference-Engine-LEGACY-STALE-DECOMPOSED/LEGACY-AKS/DOCX/df.md	01ba4719c80b6fe911b091a7c05124b64eeece964e09c058ef8f9805daca546b	1	HELD_BACK_MARKDOWN_SOURCE_DEFICIENT	STAGE41	missing_title
/home/reckless-ideator/Difference-Engine-LEGACY-STALE-DECOMPOSED/LEGACY-AKS/HISTORICAL_AKS_HANDBOOK_AGGREGATE_CLOSURE.txt	e0664437329ad97262c23992c4cf9bc860ce22818cae0a8e2f6f03d86621f05a	1625	HELD_BACK_TXT_SOURCE_DEFICIENT	STAGE43	missing_title
/home/reckless-ideator/Difference-Engine-LEGACY-STALE-DECOMPOSED/LEGACY-AKS/HISTORICAL_AKS_HANDBOOK_JSON_IDENTITY_CLOSURE.txt	1b6748a2659c43508e751f3282273fc19343a1fd414d7f1bf126545e42a61454	726	HELD_BACK_TXT_SOURCE_DEFICIENT	STAGE43	missing_title
/home/reckless-ideator/Difference-Engine-LEGACY-STALE-DECOMPOSED/LEGACY-AKS/add.md	01ba4719c80b6fe911b091a7c05124b64eeece964e09c058ef8f9805daca546b	1	HELD_BACK_MARKDOWN_SOURCE_DEFICIENT	STAGE41	missing_title
/home/reckless-ideator/Difference-Engine-LEGACY-STALE-DECOMPOSED/LEGACY-ANDROID/data/com.amazon.mShop.android.shopping/cache/discover-widget-data.json	e507588c0349464a381b311e70cc5935824deadb5cfe5467cfbfe7fda77ce59a	90	HELD_BACK_JSON_ENCODING_UNRESOLVED	STAGE44	REPRESENTATION_UNRESOLVED
/home/reckless-ideator/Difference-Engine-LEGACY-STALE-DECOMPOSED/LEGACY-ANDROID/data/com.amazon.mShop.android.shopping/cache/discover-widget-translations.json	6f6ada819c509a502c0f40fab26fd504e69e5eb26f7a93093c0bf3fe2c90736c	1995	LIVE_CANONICAL	STAGE29	/home/reckless-ideator/Difference-Engine/workspace/operational/ingestion/output/ING-20260812-0191
/home/reckless-ideator/Difference-Engine-LEGACY-STALE-DECOMPOSED/LEGACY-ANDROID/data/com.amazon.mShop.android.shopping/cache/your-orders-widget-data.json	817e90c19651ea14a4ab8d144b568f0218f2610125d35159ac3be07fce24a0f9	90	HELD_BACK_JSON_ENCODING_UNRESOLVED	STAGE44	REPRESENTATION_UNRESOLVED
/home/reckless-ideator/Difference-Engine-LEGACY-STALE-DECOMPOSED/LEGACY-ANDROID/data/com.bandcamp.android/files/BCWeeklyCache.json	5e79bb7b3e94060733d7234842b2a1646fbf1f089a170d96cd63616a750ef868	11849	LIVE_CANONICAL	STAGE29	/home/reckless-ideator/Difference-Engine/workspace/operational/ingestion/output/ING-20260812-0192
/home/reckless-ideator/Difference-Engine-LEGACY-STALE-DECOMPOSED/LEGACY-ANDROID/data/com.bandcamp.android/files/FeedCache.json	b33af3f99d95c2ad9c60984f780d099cc944cce6bc4766a621e8ec064217f60d	160038	LIVE_CANONICAL	STAGE29	/home/reckless-ideator/Difference-Engine/workspace/operational/ingestion/output/ING-20260812-0193
/home/reckless-ideator/Difference-Engine-LEGACY-STALE-DECOMPOSED/LEGACY-ANDROID/data/com.bandcamp.android/files/PlayerState.json	b64fd5820ec0a472c1be810b4ea030c3f68acff5cd679622977ec790db8cc780	11595	LIVE_CANONICAL	STAGE29	/home/reckless-ideator/Difference-Engine/workspace/operational/ingestion/output/ING-20260812-0194
/home/reckless-ideator/Difference-Engine-LEGACY-STALE-DECOMPOSED/LEGACY-ANDROID/data/com.foxdebug.acodefree/files/.key-bindings.json	decd82804f14745e6651614d37747cdaf308d348f3aafcb38d63ed5b18a74e49	15493	LIVE_CANONICAL	STAGE29	/home/reckless-ideator/Difference-Engine/workspace/operational/ingestion/output/ING-20260812-0195
/home/reckless-ideator/Difference-Engine-LEGACY-STALE-DECOMPOSED/LEGACY-ANDROID/data/com.foxdebug.acodefree/files/settings.json	85424900b648cb307e91dd57a4fe60694f41c15992fe4b233d671f727da7db47	4633	LIVE_CANONICAL	STAGE29	/home/reckless-ideator/Difference-Engine/workspace/operational/ingestion/output/ING-20260812-0196
/home/reckless-ideator/Difference-Engine-LEGACY-STALE-DECOMPOSED/LEGACY-AOS/HISTORICAL_FORENSIC_START_AOS_RELATIONSHIP_CLOSURE.txt	57c98df748f22851f57207f17159c3b94817f75eb2aaf546467f3d933131e323	1251	HELD_BACK_TXT_SOURCE_DEFICIENT	STAGE43	missing_title
/home/reckless-ideator/Difference-Engine-LEGACY-STALE-DECOMPOSED/LEGACY-AOS/PDF_AOS_SEMANTIC_ADJUDICATION.txt	3d9c011acbdaacd2f623adb01f655f92975a22ccbfe0feccd1288552edef643a	318	HELD_BACK_TXT_SOURCE_DEFICIENT	STAGE43	missing_title
/home/reckless-ideator/Difference-Engine-LEGACY-STALE-DECOMPOSED/LEGACY-Foundation-Package-Alpha/FPA-0000-Manifest.json	11a595879a26259631ef33b509564b58969f26bdf82c8fec44d42ed356861429	729	LIVE_CANONICAL	STAGE29	/home/reckless-ideator/Difference-Engine/workspace/operational/ingestion/output/ING-20260812-0197
/home/reckless-ideator/Difference-Engine-LEGACY-STALE-DECOMPOSED/LEGACY-Foundation-Package-Alpha/FPA-0001-CanonicalVocabulary.json	3993eeb0f18e39448e0d6842d4ad63e24a6b9046e46f1cb5f2123e0210703bc6	901	LIVE_CANONICAL	STAGE29	/home/reckless-ideator/Difference-Engine/workspace/operational/ingestion/output/ING-20260812-0198
/home/reckless-ideator/Difference-Engine-LEGACY-STALE-DECOMPOSED/LEGACY-Foundation-Package-Alpha/FPA-0002-SpecificationFramework.json	225aa2ed28bc264513ac3cfebc522166a6f31880d257a563835ae7dbe282be9a	848	LIVE_CANONICAL	STAGE29	/home/reckless-ideator/Difference-Engine/workspace/operational/ingestion/output/ING-20260812-0199
/home/reckless-ideator/Difference-Engine-LEGACY-STALE-DECOMPOSED/LEGACY-Foundation-Package-Alpha/FPA-0003-CanonicalArtifactOntology.json	c79a273debf1fdcd62a2075e31a58a063e2c545d8acfc7dcaedbfd206bc8e27c	768	LIVE_CANONICAL	STAGE29	/home/reckless-ideator/Difference-Engine/workspace/operational/ingestion/output/ING-20260812-0200
/home/reckless-ideator/Difference-Engine-LEGACY-STALE-DECOMPOSED/LEGACY-Foundation-Package-Alpha/FPA-0004-ProductionState.json	f9717bcff7ed60abce6ea5bd986a6f5c6ab5f08ff2136b3d77cc8c7406819af9	948	LIVE_CANONICAL	STAGE29	/home/reckless-ideator/Difference-Engine/workspace/operational/ingestion/output/ING-20260812-0201
/home/reckless-ideator/Difference-Engine-LEGACY-STALE-DECOMPOSED/LEGACY-Foundation-Package-Alpha/ap.md	01ba4719c80b6fe911b091a7c05124b64eeece964e09c058ef8f9805daca546b	1	HELD_BACK_MARKDOWN_SOURCE_DEFICIENT	STAGE41	missing_title
/home/reckless-ideator/Difference-Engine-LEGACY-STALE-DECOMPOSED/LEGACY-Preservation-Points-RC-GOLD/MAJOR_PP_0001.json	544d236dae0f888ff984166b7f6828fe2d258f5514bd2b37fe14a063716ccfed	933	LIVE_CANONICAL	STAGE29	/home/reckless-ideator/Difference-Engine/workspace/operational/ingestion/output/ING-20260812-0202
/home/reckless-ideator/Difference-Engine-LEGACY-STALE-DECOMPOSED/LEGACY-Preservation-Points-RC-GOLD/MAJOR_PP_0002.json	ed0893a5adaf72d37bf07342724ab33063abdcdd8aa21a6132ee26f728f26148	1325	LIVE_CANONICAL	STAGE29	/home/reckless-ideator/Difference-Engine/workspace/operational/ingestion/output/ING-20260812-0203
/home/reckless-ideator/Difference-Engine-LEGACY-STALE-DECOMPOSED/LEGACY-Preservation-Points-RC-GOLD/MAJOR_PP_0003.json	11bb25d28b57c973bd1277898f514694c492a395e36177dc1da86029514f2237	1258	LIVE_CANONICAL	STAGE29	/home/reckless-ideator/Difference-Engine/workspace/operational/ingestion/output/ING-20260812-0204
/home/reckless-ideator/Difference-Engine-LEGACY-STALE-DECOMPOSED/LEGACY-Preservation-Points-RC-GOLD/PP-0004.json	e5baecc04ee8f4482e514ef718ae77ffff2e7f933550f3c606c7baa11471d4ee	814	LIVE_CANONICAL	STAGE29	/home/reckless-ideator/Difference-Engine/workspace/operational/ingestion/output/ING-20260812-0205
/home/reckless-ideator/Difference-Engine-LEGACY-STALE-DECOMPOSED/LEGACY-Preservation-Points-RC-GOLD/PP-0005.json	2baa11b24cd97b9c59cb39abd4084f741006d6f4554bbc4aaa099f32f4880f94	512	LIVE_CANONICAL	STAGE29	/home/reckless-ideator/Difference-Engine/workspace/operational/ingestion/output/ING-20260812-0206
/home/reckless-ideator/Difference-Engine-LEGACY-STALE-DECOMPOSED/LEGACY-Preservation-Points-RC-GOLD/PP-0005_Bundle_Manifest.json	80c7e9bc4752356ddf102043aab5580f6413eba93b45c4c7233da354236170d1	238	LIVE_CANONICAL	STAGE29	/home/reckless-ideator/Difference-Engine/workspace/operational/ingestion/output/ING-20260812-0207
/home/reckless-ideator/Difference-Engine-LEGACY-STALE-DECOMPOSED/LEGACY-Preservation-Points-RC-GOLD/PP-0006.json	30911ef82ccbbb7ee51be0eb49d15680c4f1ba655a0a208b94f976de625c516e	521	LIVE_CANONICAL	STAGE29	/home/reckless-ideator/Difference-Engine/workspace/operational/ingestion/output/ING-20260812-0208
/home/reckless-ideator/Difference-Engine-LEGACY-STALE-DECOMPOSED/LEGACY-Preservation-Points-RC-GOLD/PP-0006_Bundle_Manifest.json	c378dd71fe0ca3507144807208ab73aa876108a80762f8ce53b5c2ef9d4e8f04	258	LIVE_CANONICAL	STAGE29	/home/reckless-ideator/Difference-Engine/workspace/operational/ingestion/output/ING-20260812-0209
/home/reckless-ideator/Difference-Engine-LEGACY-STALE-DECOMPOSED/LEGACY-Preservation-Points-RC-GOLD/PP-0007.json	b49179342442912938d95b7f52b6d71ad1dae8b331a7afa4d4ec296ddb2eef83	867	LIVE_CANONICAL	STAGE29	/home/reckless-ideator/Difference-Engine/workspace/operational/ingestion/output/ING-20260812-0210
/home/reckless-ideator/Difference-Engine-LEGACY-STALE-DECOMPOSED/LEGACY-Preservation-Points-RC-GOLD/PP-0007_Bundle_Manifest.json	0114c907c61cba7df38e6bb8cbf5b40a80aae5da9bee023a496589fd6cf07142	429	LIVE_CANONICAL	STAGE29	/home/reckless-ideator/Difference-Engine/workspace/operational/ingestion/output/ING-20260812-0211
/home/reckless-ideator/Difference-Engine-LEGACY-STALE-DECOMPOSED/LEGACY-Preservation-Points-RC-GOLD/PP-0008.json	df893df3f33f7509b6cd267eab09548224ed57ab27a7058fbc3638a027051b71	1024	LIVE_CANONICAL	STAGE29	/home/reckless-ideator/Difference-Engine/workspace/operational/ingestion/output/ING-20260812-0212
/home/reckless-ideator/Difference-Engine-LEGACY-STALE-DECOMPOSED/LEGACY-Preservation-Points-RC-GOLD/PP-0008_Bundle_Manifest.json	222df17a80cdd8a947f9d4334efc0ad88bfe2b61cb6b5f5c9f55bdab3c2c49d3	438	LIVE_CANONICAL	STAGE29	/home/reckless-ideator/Difference-Engine/workspace/operational/ingestion/output/ING-20260812-0213
/home/reckless-ideator/Difference-Engine-LEGACY-STALE-DECOMPOSED/LEGACY-Preservation-Points-RC-GOLD/PP-0044_Provenance_Before_Path.json	b03529bec17f6bd405def9f6653e2a53080ba3462b15d75d7835340e4434b2ca	1453	LIVE_CANONICAL	STAGE29	/home/reckless-ideator/Difference-Engine/workspace/operational/ingestion/output/ING-20260812-0214
/home/reckless-ideator/Difference-Engine-LEGACY-STALE-DECOMPOSED/LEGACY-Preservation-Points-RC-GOLD/PP-0045_Fingerprints_Endure.json	8dc90cb5f1f4d9a0096d1ff654f999c4a427bd2a6c4ba5e61c1a8583bb73e048	1081	LIVE_CANONICAL	STAGE29	/home/reckless-ideator/Difference-Engine/workspace/operational/ingestion/output/ING-20260812-0215
/home/reckless-ideator/Difference-Engine-LEGACY-STALE-DECOMPOSED/LEGACY-Preservation-Points-RC-GOLD/PP-0046_Repository_Architecture.json	605686ff5854907e2af5b913db1eeeb0e74fbb8c14841318a626641539dfa8b2	1031	LIVE_CANONICAL	STAGE29	/home/reckless-ideator/Difference-Engine/workspace/operational/ingestion/output/ING-20260812-0216
/home/reckless-ideator/Difference-Engine-LEGACY-STALE-DECOMPOSED/LEGACY-Preservation-Points-RC-GOLD/PP-0047_Epistemic_Engineering.json	69004cd428014393d979fa3330d1a03e86cdfb2314cd7f6f222b1dcb7838e3e7	781	LIVE_CANONICAL	STAGE29	/home/reckless-ideator/Difference-Engine/workspace/operational/ingestion/output/ING-20260812-0217
/home/reckless-ideator/Difference-Engine-LEGACY-STALE-DECOMPOSED/LEGACY-Preservation-Points-RC-GOLD/PP-0048_Conservative_Synthesis.json	2f8c938ef27af5ee4752da6c7515cf3558a65ef8ffb8c3b3898409a83d6c61a4	767	LIVE_CANONICAL	STAGE29	/home/reckless-ideator/Difference-Engine/workspace/operational/ingestion/output/ING-20260812-0218
/home/reckless-ideator/Difference-Engine-LEGACY-STALE-DECOMPOSED/LEGACY-Preservation-Points-RC-GOLD/PP-0049_Developmental_Framework_Foundation.json	d4efbd9a7498725267eacd7d650d57b9699c1945a2cc40fbbef80d3b80f96852	635	LIVE_CANONICAL	STAGE29	/home/reckless-ideator/Difference-Engine/workspace/operational/ingestion/output/ING-20260812-0219
/home/reckless-ideator/Difference-Engine-LEGACY-STALE-DECOMPOSED/LEGACY-Preservation-Points-RC-GOLD/PP-0050_Communication_Architecture.json	fc2cd43f2ebae0ae619fbfa17b9a7f2b91b1e81fea7822176e41b52c898d1ac9	763	LIVE_CANONICAL	STAGE29	/home/reckless-ideator/Difference-Engine/workspace/operational/ingestion/output/ING-20260812-0220
/home/reckless-ideator/Difference-Engine-LEGACY-STALE-DECOMPOSED/LEGACY-Preservation-Points-RC-GOLD/PP-0051_Constitutional_Epistemics_v1.1.json	c0706e0882c0b220de4f73bae2a4a8eba866efbd13b4700c5131a3b8db26f12a	872	LIVE_CANONICAL	STAGE29	/home/reckless-ideator/Difference-Engine/workspace/operational/ingestion/output/ING-20260812-0221
/home/reckless-ideator/Difference-Engine-LEGACY-STALE-DECOMPOSED/LEGACY-Preservation-Points-RC-GOLD/PP-0052_Human_Centered_Stewardship_v1.0.json	07effbafb13d63c7226b30cf527370c2b812d646d2f6030f5ce4b69bb0362da2	440	LIVE_CANONICAL	STAGE29	/home/reckless-ideator/Difference-Engine/workspace/operational/ingestion/output/ING-20260812-0222
/home/reckless-ideator/Difference-Engine-LEGACY-STALE-DECOMPOSED/LEGACY-Preservation-Points-RC-GOLD/PP-0052_Minor.json	e7bd6e6e29ee2cbe1cf310ce853d7cc8bb46418e81b9742fb69d069b14692856	439	LIVE_CANONICAL	STAGE29	/home/reckless-ideator/Difference-Engine/workspace/operational/ingestion/output/ING-20260812-0223
/home/reckless-ideator/Difference-Engine-LEGACY-STALE-DECOMPOSED/LEGACY-Preservation-Points-RC-GOLD/PP-0052_Recovery_Manifest.json	66d94f9b4416af5601f5a137e9f27b0be916f6d4851e5e54a05e67884797f4e4	279	LIVE_CANONICAL	STAGE29	/home/reckless-ideator/Difference-Engine/workspace/operational/ingestion/output/ING-20260812-0224
/home/reckless-ideator/Difference-Engine-LEGACY-STALE-DECOMPOSED/LEGACY-Preservation-Points-RC-GOLD/PP-0053_Minor.json	e189e2dd09e405ddcd4e753b04da0f687fcee2b89905fef4b16e41a582101bc9	758	LIVE_CANONICAL	STAGE29	/home/reckless-ideator/Difference-Engine/workspace/operational/ingestion/output/ING-20260812-0225
/home/reckless-ideator/Difference-Engine-LEGACY-STALE-DECOMPOSED/LEGACY-Preservation-Points-RC-GOLD/PP-0053_Policy_Manifest.json	faa35e62ad5a7326b8c0499c05654c80e53754de6c7bb2d950eccc0ab47eb4b8	492	LIVE_CANONICAL	STAGE29	/home/reckless-ideator/Difference-Engine/workspace/operational/ingestion/output/ING-20260812-0226
/home/reckless-ideator/Difference-Engine-LEGACY-STALE-DECOMPOSED/LEGACY-Preservation-Points-RC-GOLD/PP-0053_Repository_Voice_and_Stewardship_v1.0.json	1a4376ddeb472b13867fda86fb302e0320d00ae3c672698d9a311faef5bd070d	411	LIVE_CANONICAL	STAGE29	/home/reckless-ideator/Difference-Engine/workspace/operational/ingestion/output/ING-20260812-0227
/home/reckless-ideator/Difference-Engine-LEGACY-STALE-DECOMPOSED/LEGACY-Preservation-Points-RC-GOLD/PP-0054A_manifest.json	04ce4c92d986b0827a015d96c067b94650de5db5b0432d852f01177dcef675bd	605	LIVE_CANONICAL	STAGE29	/home/reckless-ideator/Difference-Engine/workspace/operational/ingestion/output/ING-20260812-0228
/home/reckless-ideator/Difference-Engine-LEGACY-STALE-DECOMPOSED/LEGACY-Preservation-Points-RC-GOLD/PP-0054_Governance_Manifest.json	81809534a096cc9187e10a48f1a03b816900ddd66d9127627d5c794a22731413	452	LIVE_CANONICAL	STAGE29	/home/reckless-ideator/Difference-Engine/workspace/operational/ingestion/output/ING-20260812-0229
/home/reckless-ideator/Difference-Engine-LEGACY-STALE-DECOMPOSED/LEGACY-Preservation-Points-RC-GOLD/PP-0054_Minor.json	157bdb6b46d71e193e760cdce7dd643b9e7c701ea023e707357db7390f92c646	646	LIVE_CANONICAL	STAGE29	/home/reckless-ideator/Difference-Engine/workspace/operational/ingestion/output/ING-20260812-0230
/home/reckless-ideator/Difference-Engine-LEGACY-STALE-DECOMPOSED/LEGACY-Preservation-Points-RC-GOLD/PP-0054_Phase_Shift_Living_Repository_v1.0.json	8f8cb33ba711a1d9bb9cb445586cafbfbf3461d9ebdd0b26a609c0eb85d682c5	329	LIVE_CANONICAL	STAGE29	/home/reckless-ideator/Difference-Engine/workspace/operational/ingestion/output/ING-20260812-0231
/home/reckless-ideator/Difference-Engine-LEGACY-STALE-DECOMPOSED/LEGACY-Preservation-Points-RC-GOLD/PP-0054_Synthesis.json	5441e713a475f0a4e8bc87d77f592ad9f8604e64102b6cd4357375d677d215f2	1042	LIVE_CANONICAL	STAGE29	/home/reckless-ideator/Difference-Engine/workspace/operational/ingestion/output/ING-20260812-0232
/home/reckless-ideator/Difference-Engine-LEGACY-STALE-DECOMPOSED/LEGACY-Preservation-Points-RC-GOLD/PP-0055_Intervention_Failures.json	a2b96adb26f87be1d3bc396560cc267df85df76ed051efc784c176b82161f551	1351	LIVE_CANONICAL	STAGE29	/home/reckless-ideator/Difference-Engine/workspace/operational/ingestion/output/ING-20260812-0233
/home/reckless-ideator/Difference-Engine-LEGACY-STALE-DECOMPOSED/LEGACY-Preservation-Points-RC-GOLD/PP-0055_Interventions.json	cc4ff2ab7bb26ee215a103d66051598ad2c20a6de76ba91c7c6d62da26ef24f5	874	LIVE_CANONICAL	STAGE29	/home/reckless-ideator/Difference-Engine/workspace/operational/ingestion/output/ING-20260812-0234
/home/reckless-ideator/Difference-Engine-LEGACY-STALE-DECOMPOSED/LEGACY-Preservation-Points-RC-GOLD/PP-0055_Knowledge_Model.json	335cafe8c6784e0d8bc65be5e0228a85bf99c116fb282c2f254bcd59d2e4d7da	330	LIVE_CANONICAL	STAGE29	/home/reckless-ideator/Difference-Engine/workspace/operational/ingestion/output/ING-20260812-0235
/home/reckless-ideator/Difference-Engine-LEGACY-STALE-DECOMPOSED/LEGACY-Preservation-Points-RC-GOLD/PP-0055_Manifest.json	807f7cfb31d15ad90905bfc564044e060ce7f7e0a90204df77b9868bcffa3ac3	1409	LIVE_CANONICAL	STAGE29	/home/reckless-ideator/Difference-Engine/workspace/operational/ingestion/output/ING-20260812-0236
/home/reckless-ideator/Difference-Engine-LEGACY-STALE-DECOMPOSED/LEGACY-Preservation-Points-RC-GOLD/PP-0055_Repository_Corpus_Ingestion.json	740d0c99df052479af704009f58813395e88fa9dd0c9c05d3619957a86f7a44e	481	LIVE_CANONICAL	STAGE29	/home/reckless-ideator/Difference-Engine/workspace/operational/ingestion/output/ING-20260812-0237
/home/reckless-ideator/Difference-Engine-LEGACY-STALE-DECOMPOSED/LEGACY-Preservation-Points-RC-GOLD/PP-0056_Minor.json	940576e81fc40ce9a490d6ebd4e94769c9e7a4c57b73a4d204a590c9880532a6	748	LIVE_CANONICAL	STAGE29	/home/reckless-ideator/Difference-Engine/workspace/operational/ingestion/output/ING-20260812-0238
/home/reckless-ideator/Difference-Engine-LEGACY-STALE-DECOMPOSED/LEGACY-Preservation-Points-RC-GOLD/PP-0056_Minor_Execution_Transition.json	b29bdc7950e3492a5368a857e67cb9673819b49242088eae36c37626ed2076f7	551	LIVE_CANONICAL	STAGE29	/home/reckless-ideator/Difference-Engine/workspace/operational/ingestion/output/ING-20260812-0239
/home/reckless-ideator/Difference-Engine-LEGACY-STALE-DECOMPOSED/LEGACY-Preservation-Points-RC-GOLD/PP-0057_Major.json	7f50253b6275e264a0e658c1c41499321e781806b96713830b6d0405f2a05932	1201	LIVE_CANONICAL	STAGE29	/home/reckless-ideator/Difference-Engine/workspace/operational/ingestion/output/ING-20260812-0240
/home/reckless-ideator/Difference-Engine-LEGACY-STALE-DECOMPOSED/LEGACY-Preservation-Points-RC-GOLD/PP-0058-MAJOR.json	fc4d8cd0604c57d6d781c90f816ca833541f6b97288ba439c80df8cfcb2a0072	879	LIVE_CANONICAL	STAGE29	/home/reckless-ideator/Difference-Engine/workspace/operational/ingestion/output/ING-20260812-0241
/home/reckless-ideator/Difference-Engine-LEGACY-STALE-DECOMPOSED/LEGACY-Preservation-Points-RC-GOLD/PP-0058-Manifest.json	7ceac0fd2062fee02d8df5c7d2882e0e2335ea0bd18a9070f8935e278ab4a8b9	157	LIVE_CANONICAL	STAGE29	/home/reckless-ideator/Difference-Engine/workspace/operational/ingestion/output/ING-20260812-0242
/home/reckless-ideator/Difference-Engine-LEGACY-STALE-DECOMPOSED/LEGACY-Preservation-Points-RC-GOLD/PP-0058-Principles.json	79db27459cf1e2c1c1fa8eb7eaa2a9ba53c76eb93550e1d6d8c8613b69f35352	490	LIVE_CANONICAL	STAGE29	/home/reckless-ideator/Difference-Engine/workspace/operational/ingestion/output/ING-20260812-0243
/home/reckless-ideator/Difference-Engine-LEGACY-STALE-DECOMPOSED/LEGACY-Preservation-Points-RC-GOLD/PP0001_MANIFEST.json	704d6f71ea8ccacf1bb3da3a9f9a17449c64b389ef225b7840affe02cf27837a	115	LIVE_CANONICAL	STAGE29	/home/reckless-ideator/Difference-Engine/workspace/operational/ingestion/output/ING-20260812-0244
/home/reckless-ideator/Difference-Engine-LEGACY-STALE-DECOMPOSED/LEGACY-RC-GOLD/RC1-0000_Master_Manifest_GOLD_MASTER_v1.2.0_FROZEN.json	8f2cd1c855f3111f4f94b5323de7914bb0d0ff431a04fca54600731855b85ab1	2113	LIVE_CANONICAL	STAGE29	/home/reckless-ideator/Difference-Engine/workspace/operational/ingestion/output/ING-20260812-0245
/home/reckless-ideator/Difference-Engine-LEGACY-STALE-DECOMPOSED/LEGACY-RC-GOLD/RC1-0001_Repository_Constitution_GOLD_v1.2.0.json	3ffb5d31931ef55ad79d7523a591541e74c404bafc3e6fe733d949d8bd317d8d	2983	LIVE_CANONICAL	STAGE29	/home/reckless-ideator/Difference-Engine/workspace/operational/ingestion/output/ING-20260812-0246
/home/reckless-ideator/Difference-Engine-LEGACY-STALE-DECOMPOSED/LEGACY-RC-GOLD/RC1-0002_Constitutional_Amendments_Ledger_GOLD_v1.2.0.json	f6d356ccb94ef0fcfe0a2a599247d2e1aa8fdaa78ca3d5a83d9c01adb38653cb	2151	LIVE_CANONICAL	STAGE29	/home/reckless-ideator/Difference-Engine/workspace/operational/ingestion/output/ING-20260812-0247
/home/reckless-ideator/Difference-Engine-LEGACY-STALE-DECOMPOSED/LEGACY-RC-GOLD/RC1-0003_Governance_Framework_GOLD_v1.2.0.json	64cbb804a6624f56fa4bafc27431733f048c92a348d336a1f35271f13235bac3	2172	LIVE_CANONICAL	STAGE29	/home/reckless-ideator/Difference-Engine/workspace/operational/ingestion/output/ING-20260812-0248
/home/reckless-ideator/Difference-Engine-LEGACY-STALE-DECOMPOSED/LEGACY-RC-GOLD/RC1-0004_Constitutional_Registry_GOLD_v1.2.0.json	f634977863cf3f95c91a4e9e1fcc8c30e9d90910cc1860b70e672a87ef386b93	2184	LIVE_CANONICAL	STAGE29	/home/reckless-ideator/Difference-Engine/workspace/operational/ingestion/output/ING-20260812-0249
/home/reckless-ideator/Difference-Engine-LEGACY-STALE-DECOMPOSED/LEGACY-RC-GOLD/RC1-0005_Validation_Framework_GOLD_v1.2.0.json	2b65fc8a3fced28e06034df0b9727cc6d5fc848bccd0ae8ca7ab3c6832f45f26	2271	LIVE_CANONICAL	STAGE29	/home/reckless-ideator/Difference-Engine/workspace/operational/ingestion/output/ING-20260812-0250
/home/reckless-ideator/Difference-Engine-LEGACY-STALE-DECOMPOSED/LEGACY-RC-GOLD/RC1-0006_Specification_Framework_GOLD_v1.2.0.json	8570e16792a5efcaaea50216b2b05b0d94b6cfaae4c454ef7bef532a318e4f24	2257	LIVE_CANONICAL	STAGE29	/home/reckless-ideator/Difference-Engine/workspace/operational/ingestion/output/ING-20260812-0251
/home/reckless-ideator/Difference-Engine-LEGACY-STALE-DECOMPOSED/LEGACY-RC-GOLD/RC1-0007_Specification_Volume_I_GOLD_v1.2.0.json	a9b00884da204d950946219c354ed7f821c4f4bb342cc707f64e768c29623e69	1960	LIVE_CANONICAL	STAGE29	/home/reckless-ideator/Difference-Engine/workspace/operational/ingestion/output/ING-20260812-0252
/home/reckless-ideator/Difference-Engine-LEGACY-STALE-DECOMPOSED/LEGACY-RC-GOLD/RC1-0008_Specification_Volume_II_GOLD_v1.2.0.json	2cdd0e210b5513160a774b50e3feb2dcf7e806fe3e6aa54ed25d03c59cba02d0	2045	LIVE_CANONICAL	STAGE29	/home/reckless-ideator/Difference-Engine/workspace/operational/ingestion/output/ING-20260812-0253
/home/reckless-ideator/Difference-Engine-LEGACY-STALE-DECOMPOSED/LEGACY-RC-GOLD/RC1-0009_Specification_Volume_III_GOLD_v1.2.0.json	13f3d9b9ccc47460cbf2315d7269398fc187bf29ec9f0aaa93b9e0ebee22e157	2044	LIVE_CANONICAL	STAGE29	/home/reckless-ideator/Difference-Engine/workspace/operational/ingestion/output/ING-20260812-0254
/home/reckless-ideator/Difference-Engine-LEGACY-STALE-DECOMPOSED/LEGACY-RC-GOLD/RC1-0010_Specification_Volume_IV_GOLD_v1.2.0.json	fbdf6af39f30c0bc2d7dd92aaf23111037fcd10181705b151ec2b87f5c023d93	2038	LIVE_CANONICAL	STAGE29	/home/reckless-ideator/Difference-Engine/workspace/operational/ingestion/output/ING-20260812-0255
/home/reckless-ideator/Difference-Engine-LEGACY-STALE-DECOMPOSED/LEGACY-RC-GOLD/RC1-0011_Specification_Volume_V_GOLD_v1.2.0.json	72f890711a6a42748040659fc9598109f46e919f79a1c1341beeb546f4c4490c	2044	LIVE_CANONICAL	STAGE29	/home/reckless-ideator/Difference-Engine/workspace/operational/ingestion/output/ING-20260812-0256
/home/reckless-ideator/Difference-Engine-LEGACY-STALE-DECOMPOSED/LEGACY-RC-GOLD/RC1-0012_Specification_Volume_VI_GOLD_v1.2.0.json	ae08c254a24d3895feb244cb574e9d2b875bdfac74cabd9a276bc590aafa6691	2062	LIVE_CANONICAL	STAGE29	/home/reckless-ideator/Difference-Engine/workspace/operational/ingestion/output/ING-20260812-0257
/home/reckless-ideator/Difference-Engine-LEGACY-STALE-DECOMPOSED/LEGACY-RC-GOLD/RC1-0013_Specification_Volume_VII_GOLD_v1.2.0.json	6a9d7710d109b2e1a9f4af9f7371cdfe7d6d93487e19ae658088962af149e68d	2066	LIVE_CANONICAL	STAGE29	/home/reckless-ideator/Difference-Engine/workspace/operational/ingestion/output/ING-20260812-0258
/home/reckless-ideator/Difference-Engine-LEGACY-STALE-DECOMPOSED/LEGACY-RC-GOLD/RC1-0014_Specification_Volume_VIII_GOLD_v1.2.0.json	76a7cd7492ca51ec7c89c426e45df22ac40890e571026fd669d15f9c97e7cc24	2067	LIVE_CANONICAL	STAGE29	/home/reckless-ideator/Difference-Engine/workspace/operational/ingestion/output/ING-20260812-0259
/home/reckless-ideator/Difference-Engine-LEGACY-STALE-DECOMPOSED/LEGACY-RC-GOLD/RC1-0015_Specification_Volume_IX_GOLD_v1.2.0.json	655b0f5de80234d2073ff3990772cc7585de2ce4507167c81285774cbabe0f10	2062	LIVE_CANONICAL	STAGE29	/home/reckless-ideator/Difference-Engine/workspace/operational/ingestion/output/ING-20260812-0260
/home/reckless-ideator/Difference-Engine-LEGACY-STALE-DECOMPOSED/LEGACY-RC-GOLD/RC1-0016_Specification_Volume_X_GOLD_v1.2.0.json	460bd26e3a5cc01d072ba0e59b27e0a18952d106b06b14bc40d43771d5e9fa79	2061	LIVE_CANONICAL	STAGE29	/home/reckless-ideator/Difference-Engine/workspace/operational/ingestion/output/ING-20260812-0261
/home/reckless-ideator/Difference-Engine-LEGACY-STALE-DECOMPOSED/LEGACY-RC-GOLD/RC1-0017_Specification_Volume_XI_GOLD_v1.2.0.json	851ef2686b9283ff3fd4d135bd6f71721b0146ef35980df5fa4b496e0613dc76	2066	LIVE_CANONICAL	STAGE29	/home/reckless-ideator/Difference-Engine/workspace/operational/ingestion/output/ING-20260812-0262
/home/reckless-ideator/Difference-Engine-LEGACY-STALE-DECOMPOSED/LEGACY-RC-GOLD/RC1-0018_Specification_Volume_XII_GOLD_v1.2.0.json	faf1b0e62550296317654f0f4df9e24f43f179708d4d590c86401ecf9f05872b	2067	LIVE_CANONICAL	STAGE29	/home/reckless-ideator/Difference-Engine/workspace/operational/ingestion/output/ING-20260812-0263
/home/reckless-ideator/Difference-Engine-LEGACY-STALE-DECOMPOSED/LEGACY-RC-GOLD/RC1-0019_Publication_Manifest_GOLD_v1.2.0.json	c3ec072e4b9cd85c25f73a79f1863e26583af6b5a4b0aa113f6d0469ef1f456e	2042	LIVE_CANONICAL	STAGE29	/home/reckless-ideator/Difference-Engine/workspace/operational/ingestion/output/ING-20260812-0264
/home/reckless-ideator/Difference-Engine-LEGACY-STALE-DECOMPOSED/LEGACY-RC-GOLD/RC1-0020_Repository_Certification_Record_GOLD_v1.2.0.json	76b922fbe481af161abadaa59596046332795d14fbf9f0b0505efc1af9d87278	2104	LIVE_CANONICAL	STAGE29	/home/reckless-ideator/Difference-Engine/workspace/operational/ingestion/output/ING-20260812-0265
/home/reckless-ideator/Difference-Engine-LEGACY-STALE-DECOMPOSED/LEGACY-RC-GOLD/RC1-0021_Repository_Release_Record_GOLD_v1.2.0.json	d50ad2d62a7906dc0f79d565f492b465599d25025f2443b42b1d68b1d1b5ddfe	2086	LIVE_CANONICAL	STAGE29	/home/reckless-ideator/Difference-Engine/workspace/operational/ingestion/output/ING-20260812-0266
/home/reckless-ideator/Difference-Engine-LEGACY-STALE-DECOMPOSED/LEGACY-RC-GOLD/RC1-0022_Repository_Preservation_Record_GOLD_v1.2.0.json	7d91967e044815de94059e9c24c97c583ff86be338b4e9ee74a3fd0b79d432fb	2115	LIVE_CANONICAL	STAGE29	/home/reckless-ideator/Difference-Engine/workspace/operational/ingestion/output/ING-20260812-0267
/home/reckless-ideator/Difference-Engine-LEGACY-STALE-DECOMPOSED/LEGACY-RC-GOLD/RC1-0023_Repository_Freeze_Record_GOLD_v1.2.0.json	5a2f69c5cfaa45b0d25de2deca5fa1000269dc29b2c11f1dcd5ab706f3b3d371	2117	LIVE_CANONICAL	STAGE29	/home/reckless-ideator/Difference-Engine/workspace/operational/ingestion/output/ING-20260812-0268
/home/reckless-ideator/Difference-Engine-LEGACY-STALE-DECOMPOSED/LEGACY-RC-GOLD/RC1-0024_Repository_Archive_Record_GOLD_v1.2.0.json	040b38b801426c83f1a69c3f1ec1502762b6bf89d4db590a2000ae012e32d967	2093	LIVE_CANONICAL	STAGE29	/home/reckless-ideator/Difference-Engine/workspace/operational/ingestion/output/ING-20260812-0269
/home/reckless-ideator/Difference-Engine-LEGACY-STALE-DECOMPOSED/LEGACY-RC-GOLD/RC1-0025_Repository_Final_Certification_GOLD_v1.2.0.json	76bd60d8782e61782d606799ca8a6316de66a50ef05a5041319bb34637529db6	2077	LIVE_CANONICAL	STAGE29	/home/reckless-ideator/Difference-Engine/workspace/operational/ingestion/output/ING-20260812-0270
/home/reckless-ideator/Difference-Engine-LEGACY-STALE-DECOMPOSED/LEGACY-RC-GOLD/RC1-0026_Repository_Release_Closure_GOLD_v1.2.0.json	670e87acd7f3b2f8de353048961c7b379c39f2749f42d246cb83340379af2323	2068	LIVE_CANONICAL	STAGE29	/home/reckless-ideator/Difference-Engine/workspace/operational/ingestion/output/ING-20260812-0271
/home/reckless-ideator/Difference-Engine-LEGACY-STALE-DECOMPOSED/LEGACY-RC-GOLD/RC1-0027_Repository_Completion_Record_GOLD_v1.2.0.json	a2b3a047e5ed18760c8ebe8658cd8e42e6bc04a647c6eb70565b18d4beec9cee	2076	LIVE_CANONICAL	STAGE29	/home/reckless-ideator/Difference-Engine/workspace/operational/ingestion/output/ING-20260812-0272
/home/reckless-ideator/Difference-Engine-LEGACY-STALE-DECOMPOSED/LEGACY-RC-GOLD/RC1-0028_Repository_Ratification_Record_GOLD_v1.2.0.json	df5c7a768339ccd96dac10c2a13149aad451134701cb0feda8faf40188e9c5a2	2094	LIVE_CANONICAL	STAGE29	/home/reckless-ideator/Difference-Engine/workspace/operational/ingestion/output/ING-20260812-0273
/home/reckless-ideator/Difference-Engine-LEGACY-STALE-DECOMPOSED/LEGACY-RC-GOLD/RC1-0029_Repository_Canonical_Release_Record_GOLD_v1.2.0.json	7a0f33c47070d896f7f49a1393a4752de2d78a1b635d156c6a5749a6d35a7005	2096	LIVE_CANONICAL	STAGE29	/home/reckless-ideator/Difference-Engine/workspace/operational/ingestion/output/ING-20260812-0274
/home/reckless-ideator/Difference-Engine-LEGACY-STALE-DECOMPOSED/LEGACY-RC-GOLD/RC1-0030_Repository_Publication_Completion_GOLD_v1.2.0.json	00aa69078ed717a57909fdb1ae8eae57bb4f43bc5000ccddd3121d3edb6172ed	2115	LIVE_CANONICAL	STAGE29	/home/reckless-ideator/Difference-Engine/workspace/operational/ingestion/output/ING-20260812-0275
/home/reckless-ideator/Difference-Engine-LEGACY-STALE-DECOMPOSED/LEGACY-RC-GOLD/RC1-0031_Repository_RC1_Closure_Record_GOLD_v1.2.0.json	fa3b06665229102f82a9b5fb20f5d65c74893e9b2b77a0bc17b3a07b6c6ed43d	2066	LIVE_CANONICAL	STAGE29	/home/reckless-ideator/Difference-Engine/workspace/operational/ingestion/output/ING-20260812-0276
/home/reckless-ideator/Difference-Engine-LEGACY-STALE-DECOMPOSED/LEGACY-RC-GOLD/RC1-0032_Repository_Preservation_Point_Index_GOLD_v1.2.0.json	be3012262da536dc6f7d1931962b691d36e0f06a0ec74834cb1b19cd04604f2f	2073	LIVE_CANONICAL	STAGE29	/home/reckless-ideator/Difference-Engine/workspace/operational/ingestion/output/ING-20260812-0277
/home/reckless-ideator/Difference-Engine-LEGACY-STALE-DECOMPOSED/LEGACY-RC-GOLD/RC1-0033_Repository_Publication_Ledger_GOLD_v1.2.0.json	382f8aec613e365f7a794ce68e18722cefa7fe7c164cb9b9a9195f7b37db5319	2087	LIVE_CANONICAL	STAGE29	/home/reckless-ideator/Difference-Engine/workspace/operational/ingestion/output/ING-20260812-0278
/home/reckless-ideator/Difference-Engine-LEGACY-STALE-DECOMPOSED/LEGACY-RC-GOLD/RC1-0034_Repository_Final_Preservation_Point_GOLD_v1.2.0.json	5fac9fb0acf3276094fab034140761bdd7c20135cc7fea36d1205ae6b142917f	2149	LIVE_CANONICAL	STAGE29	/home/reckless-ideator/Difference-Engine/workspace/operational/ingestion/output/ING-20260812-0279
/home/reckless-ideator/Difference-Engine-LEGACY-STALE-DECOMPOSED/LEGACY-RC-GOLD/RC1-0035_Repository_Canonical_Archive_Index_GOLD_v1.2.0.json	2a271acb6a984b482984012c929edc65c5336a289a3e71da0432de79c15638c0	2072	LIVE_CANONICAL	STAGE29	/home/reckless-ideator/Difference-Engine/workspace/operational/ingestion/output/ING-20260812-0280
/home/reckless-ideator/Difference-Engine-LEGACY-STALE-DECOMPOSED/LEGACY-RC-GOLD/RC1-0036_Repository_Certification_Evidence_Register_GOLD_v1.2.0.json	a8b08a9a4722f48e2235a65cda7f922519223605a47e01c0983875b1234d7e7b	2150	LIVE_CANONICAL	STAGE29	/home/reckless-ideator/Difference-Engine/workspace/operational/ingestion/output/ING-20260812-0281
/home/reckless-ideator/Difference-Engine-LEGACY-STALE-DECOMPOSED/LEGACY-RC-GOLD/RC1-0037_Repository_Immutable_Release_Record_GOLD_v1.2.0.json	54215546e7465a253d284c6d811eb3c96d3f1b0351a3022786ac5f2f24b96923	2118	LIVE_CANONICAL	STAGE29	/home/reckless-ideator/Difference-Engine/workspace/operational/ingestion/output/ING-20260812-0282
/home/reckless-ideator/Difference-Engine-LEGACY-STALE-DECOMPOSED/LEGACY-RC-GOLD/RC1-0038_Repository_Release_Seal_Record_GOLD_v1.2.0.json	58d3ed17eacc4623f19bcb9d9f0b3b08d3c04d056b778aa44a2cd73388c4f724	2106	LIVE_CANONICAL	STAGE29	/home/reckless-ideator/Difference-Engine/workspace/operational/ingestion/output/ING-20260812-0283
/home/reckless-ideator/Difference-Engine-LEGACY-STALE-DECOMPOSED/LEGACY-RC-GOLD/RC1-0039_Repository_Golden_Archive_Record_GOLD_v1.2.0.json	d27b8c536b4b82080b66c33e4ea2d3f298a5b296204c2b4fd831e4790f1b1169	2112	LIVE_CANONICAL	STAGE29	/home/reckless-ideator/Difference-Engine/workspace/operational/ingestion/output/ING-20260812-0284
/home/reckless-ideator/Difference-Engine-LEGACY-STALE-DECOMPOSED/LEGACY-RC-GOLD/RC1-0040_Repository_RC1_Completion_Certificate_GOLD_v1.2.0.json	60d10970daea04f8e9620179fbb2eba1cfa4bb3c6cb32f5eea0700dd9f5602c3	2146	LIVE_CANONICAL	STAGE29	/home/reckless-ideator/Difference-Engine/workspace/operational/ingestion/output/ING-20260812-0285
/home/reckless-ideator/Difference-Engine-LEGACY-STALE-DECOMPOSED/LEGACY-RC-GOLD/RC1-0041_Repository_RC1_Transition_Record_GOLD_v1.2.0.json	55d0861a4780fd72dfbf4fc5d2bc48534d688ea45f4befcaa88bd76bb6599adf	2142	LIVE_CANONICAL	STAGE29	/home/reckless-ideator/Difference-Engine/workspace/operational/ingestion/output/ING-20260812-0286
/home/reckless-ideator/Difference-Engine-LEGACY-STALE-DECOMPOSED/LEGACY-RC-GOLD/RC1-0042_Repository_RC1_Governance_Handoff_GOLD_v1.2.0.json	204cabd36243ccbe831ca8b6d7ef937b164989c447ffa8cbb7cdbd10b557a5e0	2123	LIVE_CANONICAL	STAGE29	/home/reckless-ideator/Difference-Engine/workspace/operational/ingestion/output/ING-20260812-0287
/home/reckless-ideator/Difference-Engine-LEGACY-STALE-DECOMPOSED/LEGACY-RC-GOLD/RC1-0043_Repository_RC1_Successor_Initialization_GOLD_v1.2.0.json	9e3c3c7a40f4fbcffd2b7a47c797cf7d3d448058168c9aacf6bb2efc7dfd5246	2183	LIVE_CANONICAL	STAGE29	/home/reckless-ideator/Difference-Engine/workspace/operational/ingestion/output/ING-20260812-0288
/home/reckless-ideator/Difference-Engine-LEGACY-STALE-DECOMPOSED/LEGACY-RC-GOLD/RC1-0044_Repository_RC1_Legacy_Record_GOLD_v1.2.0.json	1a1c1ca7939c9a2b1e119a14d704260ae951c62696cd0a91ad106a48e8c5e6c6	2125	LIVE_CANONICAL	STAGE29	/home/reckless-ideator/Difference-Engine/workspace/operational/ingestion/output/ING-20260812-0289
/home/reckless-ideator/Difference-Engine-LEGACY-STALE-DECOMPOSED/LEGACY-RC-GOLD/RC1-0045_Repository_RC1_Canonical_Closure_GOLD_v1.2.0.json	5d84f9f765f75db0211af86ba24b009eb3248c3be9068f1769590166eaed1c5f	2108	LIVE_CANONICAL	STAGE29	/home/reckless-ideator/Difference-Engine/workspace/operational/ingestion/output/ING-20260812-0290
/home/reckless-ideator/Difference-Engine-LEGACY-STALE-DECOMPOSED/LEGACY-RC-GOLD/RC1-0046_Repository_RC1_Final_Ratification_Record_GOLD_v1.2.0.json	c13186249962e10d28ba82cce1ebac423dc5b58e08977d3bff702831d52a8900	2163	LIVE_CANONICAL	STAGE29	/home/reckless-ideator/Difference-Engine/workspace/operational/ingestion/output/ING-20260812-0291
/home/reckless-ideator/Difference-Engine-LEGACY-STALE-DECOMPOSED/LEGACY-RC-GOLD/RC1-0047_Repository_RC1_Canonical_Baseline_Record_GOLD_v1.2.0.json	a3e31c2f38b70e0f781a6c6395d7a8bef141543cb3905dd2d1f6138d4abf50d8	2132	LIVE_CANONICAL	STAGE29	/home/reckless-ideator/Difference-Engine/workspace/operational/ingestion/output/ING-20260812-0292
/home/reckless-ideator/Difference-Engine-LEGACY-STALE-DECOMPOSED/LEGACY-RC-GOLD/RC1-0048_Repository_RC1_Release_Continuity_Record_GOLD_v1.2.0.json	2639a870e4e49d9ac9fe5dacfdb71acb55cffd69f7e0bc3539cad076e67d21f9	2152	LIVE_CANONICAL	STAGE29	/home/reckless-ideator/Difference-Engine/workspace/operational/ingestion/output/ING-20260812-0293
/home/reckless-ideator/Difference-Engine-LEGACY-STALE-DECOMPOSED/LEGACY-RC-GOLD/RC1-0049_Repository_RC1_Successor_Baseline_Certificate_GOLD_v1.2.0.json	1bfa7d446c7d6f694aaef746cd9fd90538f884cc1b7c7b0d7b7fd47f230238eb	2208	LIVE_CANONICAL	STAGE29	/home/reckless-ideator/Difference-Engine/workspace/operational/ingestion/output/ING-20260812-0294
/home/reckless-ideator/Difference-Engine-LEGACY-STALE-DECOMPOSED/LEGACY-RC-GOLD/RC1-0050_Repository_RC1_Continuity_Charter_GOLD_v1.2.0.json	9ac620e0362c2797b8857e44012129933325b3cc407b423927254223b60202f1	2163	LIVE_CANONICAL	STAGE29	/home/reckless-ideator/Difference-Engine/workspace/operational/ingestion/output/ING-20260812-0295
/home/reckless-ideator/Difference-Engine-LEGACY-STALE-DECOMPOSED/LEGACY-RC-GOLD/RC1-0051_Repository_RC1_Governance_Continuation_Record_GOLD_v1.2.0.json	089eee02a73d5cfd6d88a3e1e9b2584beda34e23da223abd4e724f7240a5decd	2212	LIVE_CANONICAL	STAGE29	/home/reckless-ideator/Difference-Engine/workspace/operational/ingestion/output/ING-20260812-0296
/home/reckless-ideator/Difference-Engine-LEGACY-STALE-DECOMPOSED/LEGACY-RC-GOLD/RC1-0052_Repository_RC1_Stewardship_Record_GOLD_v1.2.0.json	05b4ff588bc322aa30d00c6402e9b1f9765f606f84210c7e3dc97d5b2a7f9258	2168	LIVE_CANONICAL	STAGE29	/home/reckless-ideator/Difference-Engine/workspace/operational/ingestion/output/ING-20260812-0297
/home/reckless-ideator/Difference-Engine-LEGACY-STALE-DECOMPOSED/LEGACY-RC-GOLD/RC1-0053_Repository_RC1_Successor_Governance_Charter_GOLD_v1.2.0.json	62a65571bd36be4f40f037f60032ae08fdd1ade8aa824e8d82a9122c442e5c5b	2221	LIVE_CANONICAL	STAGE29	/home/reckless-ideator/Difference-Engine/workspace/operational/ingestion/output/ING-20260812-0298
/home/reckless-ideator/Difference-Engine-LEGACY-STALE-DECOMPOSED/LEGACY-RC-GOLD/RC1-0054_Repository_RC1_Perpetual_Governance_Record_GOLD_v1.2.0.json	5e039b54c23e0e7d309fc0da1e64ff195900526d5dddcb43597b66fad5fda9ac	2192	LIVE_CANONICAL	STAGE29	/home/reckless-ideator/Difference-Engine/workspace/operational/ingestion/output/ING-20260812-0299
/home/reckless-ideator/Difference-Engine-LEGACY-STALE-DECOMPOSED/LEGACY-RC-GOLD/RC1-0055_Repository_RC1_Legacy_Continuity_Register_GOLD_v1.2.0.json	df846caafeba7af99d2aa357dd38b3c26cff5488b96ff504172abc939b2831d3	2195	LIVE_CANONICAL	STAGE29	/home/reckless-ideator/Difference-Engine/workspace/operational/ingestion/output/ING-20260812-0300
/home/reckless-ideator/Difference-Engine-LEGACY-STALE-DECOMPOSED/LEGACY-RC-GOLD/RC1-0056_Repository_RC1_Repository_Continuity_Ledger_GOLD_v1.2.0.json	b45567d0f8452c43ec3dec48bd0e3950268b713a22b629428b7dc4b10c96cace	2183	LIVE_CANONICAL	STAGE29	/home/reckless-ideator/Difference-Engine/workspace/operational/ingestion/output/ING-20260812-0301
/home/reckless-ideator/Difference-Engine-LEGACY-STALE-DECOMPOSED/LEGACY-RC-GOLD/RC1-0057_Repository_RC1_Canonical_Continuity_Index_GOLD_v1.2.0.json	f59e52ebef75a8a7f5830ec39c28c1e0e81e8a22f697576361eafc6d31458d6f	2171	LIVE_CANONICAL	STAGE29	/home/reckless-ideator/Difference-Engine/workspace/operational/ingestion/output/ING-20260812-0302
/home/reckless-ideator/Difference-Engine-LEGACY-STALE-DECOMPOSED/LEGACY-RC-GOLD/RC1-0058_Repository_RC1_Canonical_Preservation_Register_GOLD_v1.2.0.json	cbd02777158873504518fd87880bc9a76187b9a76150bc07beb8171128a77003	2233	LIVE_CANONICAL	STAGE29	/home/reckless-ideator/Difference-Engine/workspace/operational/ingestion/output/ING-20260812-0303
/home/reckless-ideator/Difference-Engine-LEGACY-STALE-DECOMPOSED/LEGACY-RC-GOLD/RC1-0059_Repository_RC1_Constitutional_Archive_Register_GOLD_v1.2.0.json	81f0bc5cc4a153c0248fbb9f082d7698271bd3a615e90060698cbe1382049ac0	2210	LIVE_CANONICAL	STAGE29	/home/reckless-ideator/Difference-Engine/workspace/operational/ingestion/output/ING-20260812-0304
/home/reckless-ideator/Difference-Engine-LEGACY-STALE-DECOMPOSED/LEGACY-RC-GOLD/RC1-0060_Repository_RC1_Constitutional_Preservation_Ledger_GOLD_v1.2.0.json	29587cc01e43a4807f93b89320df12eec1fbff4189f85629a5e562321885a6dc	2223	LIVE_CANONICAL	STAGE29	/home/reckless-ideator/Difference-Engine/workspace/operational/ingestion/output/ING-20260812-0305
/home/reckless-ideator/Difference-Engine-LEGACY-STALE-DECOMPOSED/LEGACY-RC-GOLD/RC1-0061_Repository_RC1_Constitutional_Integrity_Register_GOLD_v1.2.0.json	c376569982a80178fb2a88c590fc442d305e150033dbf8d7baf1f07379ae6051	2223	LIVE_CANONICAL	STAGE29	/home/reckless-ideator/Difference-Engine/workspace/operational/ingestion/output/ING-20260812-0306
/home/reckless-ideator/Difference-Engine-LEGACY-STALE-DECOMPOSED/LEGACY-RC-GOLD/RC1-0062_Repository_RC1_Constitutional_Certification_Register_GOLD_v1.2.0.json	43a450c3bc668d7248c5036ef840026972ed9325e65048eeb7ae774bc4cdef48	2248	LIVE_CANONICAL	STAGE29	/home/reckless-ideator/Difference-Engine/workspace/operational/ingestion/output/ING-20260812-0307
/home/reckless-ideator/Difference-Engine-LEGACY-STALE-DECOMPOSED/LEGACY-RC-GOLD/RC1-0063_Repository_RC1_Constitutional_Ratification_Register_GOLD_v1.2.0.json	efef20d7dfd3a25936aab8061b769da5be697dd74aa256565a94093cfddcf9db	2242	LIVE_CANONICAL	STAGE29	/home/reckless-ideator/Difference-Engine/workspace/operational/ingestion/output/ING-20260812-0308
/home/reckless-ideator/Difference-Engine-LEGACY-STALE-DECOMPOSED/LEGACY-RC-GOLD/RC1-0064_Repository_RC1_Constitutional_Finalization_Register_GOLD_v1.2.0.json	bb9d6b2e6d13881f0c1a359dc925af1b5a4d3f843fcfd126963cacf3d5c55b7d	2242	LIVE_CANONICAL	STAGE29	/home/reckless-ideator/Difference-Engine/workspace/operational/ingestion/output/ING-20260812-0309
/home/reckless-ideator/Difference-Engine-LEGACY-STALE-DECOMPOSED/LEGACY-RC-GOLD/RC1-0065_Repository_RC1_Constitutional_Closure_Register_GOLD_v1.2.0.json	0c9208a99e6d5a1c7fec5e2b3e4b2c585cf4b91b104cea715aa2771ddbc0dcd4	2212	LIVE_CANONICAL	STAGE29	/home/reckless-ideator/Difference-Engine/workspace/operational/ingestion/output/ING-20260812-0310
/home/reckless-ideator/Difference-Engine-LEGACY-STALE-DECOMPOSED/LEGACY-RC-GOLD/RC1-0066_Repository_RC1_Constitutional_Archive_Closure_Certificate_GOLD_v1.2.0.json	846cad63d2f67d19be6e34d4b6c9df26753873d4b983a417c856ab33e4d7bb3b	2260	LIVE_CANONICAL	STAGE29	/home/reckless-ideator/Difference-Engine/workspace/operational/ingestion/output/ING-20260812-0311
/home/reckless-ideator/Difference-Engine-LEGACY-STALE-DECOMPOSED/LEGACY-RC-GOLD/RC1-0067_Repository_RC1_Canonical_Repository_Freeze_Certificate_GOLD_v1.2.0.json	e4db8875e2e1b667f15812e9b0f9a2e03fa8d244f831991c6fa30a1e9e7c052f	2203	LIVE_CANONICAL	STAGE29	/home/reckless-ideator/Difference-Engine/workspace/operational/ingestion/output/ING-20260812-0312
/home/reckless-ideator/Difference-Engine-LEGACY-STALE-DECOMPOSED/LEGACY-RC-GOLD/RC1-0068_Repository_RC1_Canonical_Repository_Seal_Certificate_GOLD_v1.2.0.json	59527198dea66f11d4b42e0c8e1d1e5ba7dd40ce727b80bc46f5c64cc21e69ae	2168	LIVE_CANONICAL	STAGE29	/home/reckless-ideator/Difference-Engine/workspace/operational/ingestion/output/ING-20260812-0313
/home/reckless-ideator/Difference-Engine-LEGACY-STALE-DECOMPOSED/LEGACY-RC-GOLD/RC1-0069_Repository_RC1_Canonical_Repository_Completion_Certificate_GOLD_v1.2.0.json	a61c48df1cbecfa43675a0a6d2e9583e5c4497bf4147f492413aa7da18391a7d	2215	LIVE_CANONICAL	STAGE29	/home/reckless-ideator/Difference-Engine/workspace/operational/ingestion/output/ING-20260812-0314
/home/reckless-ideator/Difference-Engine-LEGACY-STALE-DECOMPOSED/LEGACY-RC-GOLD/RC1-0070_Repository_RC1_Canonical_Publication_Completion_Ledger_GOLD_v1.2.0.json	8437fa9e5516e3da447010fa5c100243d3a617ed1db6b2af82a8d6e689213683	2201	LIVE_CANONICAL	STAGE29	/home/reckless-ideator/Difference-Engine/workspace/operational/ingestion/output/ING-20260812-0315
/home/reckless-ideator/Difference-Engine-LEGACY-STALE-DECOMPOSED/LEGACY-RC-GOLD/RC1-0071_Repository_RC1_Canonical_Repository_Acceptance_Certificate_GOLD_v1.2.0.json	534568a825de7a92569de0c78d1de4e4c76ab6bbdbb9928ce0f95e6878d3f9ea	2218	LIVE_CANONICAL	STAGE29	/home/reckless-ideator/Difference-Engine/workspace/operational/ingestion/output/ING-20260812-0316
/home/reckless-ideator/Difference-Engine-LEGACY-STALE-DECOMPOSED/LEGACY-RC-GOLD/RC1-0072_Repository_RC1_Canonical_Repository_Release_Certificate_GOLD_v1.2.0.json	cf3826cc0b757c0a319caccfab76f7c8fba56eacc2eb2805f51b52807a372884	2200	LIVE_CANONICAL	STAGE29	/home/reckless-ideator/Difference-Engine/workspace/operational/ingestion/output/ING-20260812-0317
/home/reckless-ideator/Difference-Engine-LEGACY-STALE-DECOMPOSED/LEGACY-RC-GOLD/RC1-0073_Repository_RC1_Canonical_Repository_Distribution_Certificate_GOLD_v1.2.0.json	9e962f009520bbe049f87c5439b4350cb6b19ea2f9c2428e2f33a3df4ef6d3a1	2230	LIVE_CANONICAL	STAGE29	/home/reckless-ideator/Difference-Engine/workspace/operational/ingestion/output/ING-20260812-0318
/home/reckless-ideator/Difference-Engine-LEGACY-STALE-DECOMPOSED/LEGACY-RC-GOLD/RC1-0074_Repository_RC1_Canonical_Repository_Delivery_Certificate_GOLD_v1.2.0.json	bf6b71fb67ff0d8b20bc3636fd8095f6a0455e97c0bfe5950d8556592a9cf999	2206	LIVE_CANONICAL	STAGE29	/home/reckless-ideator/Difference-Engine/workspace/operational/ingestion/output/ING-20260812-0319
/home/reckless-ideator/Difference-Engine-LEGACY-STALE-DECOMPOSED/LEGACY-RC-GOLD/RC1-0075_Repository_RC1_Canonical_Repository_Receipt_Certificate_GOLD_v1.2.0.json	1266e3e17c490f45b66058926e16a4ec4ae44bf1fbdf341f8f91db297717f612	2200	LIVE_CANONICAL	STAGE29	/home/reckless-ideator/Difference-Engine/workspace/operational/ingestion/output/ING-20260812-0320
/home/reckless-ideator/Difference-Engine-LEGACY-STALE-DECOMPOSED/LEGACY-RC-GOLD/RC1-0076_Repository_RC1_Canonical_Repository_Verification_Certificate_GOLD_v1.2.0.json	edebd4947c71e5db773d2586c1925748ba4c98784dd820d0173afc764e287e0d	2230	LIVE_CANONICAL	STAGE29	/home/reckless-ideator/Difference-Engine/workspace/operational/ingestion/output/ING-20260812-0321
/home/reckless-ideator/Difference-Engine-LEGACY-STALE-DECOMPOSED/LEGACY-RC-GOLD/RC1-0077_Repository_RC1_Canonical_Repository_Validation_Certificate_GOLD_v1.2.0.json	a17f2146f2219bf3897cfa20d6fdd6ba619dde3b6c035a30666bf01ebd21b703	2218	LIVE_CANONICAL	STAGE29	/home/reckless-ideator/Difference-Engine/workspace/operational/ingestion/output/ING-20260812-0322
/home/reckless-ideator/Difference-Engine-LEGACY-STALE-DECOMPOSED/LEGACY-RC-GOLD/RC1-0078_Repository_RC1_Canonical_Repository_Compliance_Certificate_GOLD_v1.2.0.json	7425cf132374ada2312778caf137794651085e9bdf53d0fc841cbf5b205d4575	2218	LIVE_CANONICAL	STAGE29	/home/reckless-ideator/Difference-Engine/workspace/operational/ingestion/output/ING-20260812-0323
/home/reckless-ideator/Difference-Engine-LEGACY-STALE-DECOMPOSED/LEGACY-RC-GOLD/RC1-0079_Repository_RC1_Canonical_Repository_Conformance_Certificate_GOLD_v1.2.0.json	17091708084bce5967383a1f66627b60e44179017f1541539fbcda451e17b8c8	2224	LIVE_CANONICAL	STAGE29	/home/reckless-ideator/Difference-Engine/workspace/operational/ingestion/output/ING-20260812-0324
/home/reckless-ideator/Difference-Engine-LEGACY-STALE-DECOMPOSED/LEGACY-RC-GOLD/RC1-0080_Repository_RC1_Canonical_Repository_Certification_Ledger_GOLD_v1.2.0.json	f0140de25191987811b2da2d0cef7da44a89ae5daf59d9a3a85cf6eb67fd38e9	2220	LIVE_CANONICAL	STAGE29	/home/reckless-ideator/Difference-Engine/workspace/operational/ingestion/output/ING-20260812-0325
/home/reckless-ideator/Difference-Engine-LEGACY-STALE-DECOMPOSED/LEGACY-RC-GOLD/RC1-0081_Repository_RC1_Canonical_Repository_Certification_Archive_GOLD_v1.2.0.json	307fb5e746ba781f53c8c3b4161a1e2353c47fcb56022c6c76bf180d379fd875	2213	LIVE_CANONICAL	STAGE29	/home/reckless-ideator/Difference-Engine/workspace/operational/ingestion/output/ING-20260812-0326
/home/reckless-ideator/Difference-Engine-LEGACY-STALE-DECOMPOSED/LEGACY-RC-GOLD/RC1-0082_Repository_RC1_Canonical_Repository_Certification_Index_GOLD_v1.2.0.json	2c036f889db68a1e7b168d1f075d4b717bfc1965b430ae682cbc9c98c662a42d	2199	LIVE_CANONICAL	STAGE29	/home/reckless-ideator/Difference-Engine/workspace/operational/ingestion/output/ING-20260812-0327
/home/reckless-ideator/Difference-Engine-LEGACY-STALE-DECOMPOSED/LEGACY-RC-GOLD/RC1-0083_Repository_RC1_Canonical_Repository_Certification_Manifest_GOLD_v1.2.0.json	0dde595ec87717a0fe01bef35747dc196aaa368aef8a179f8392ac22cc59a446	2223	LIVE_CANONICAL	STAGE29	/home/reckless-ideator/Difference-Engine/workspace/operational/ingestion/output/ING-20260812-0328
/home/reckless-ideator/Difference-Engine-LEGACY-STALE-DECOMPOSED/LEGACY-RC-GOLD/RC1-0084_Repository_RC1_Canonical_Repository_Certification_Register_GOLD_v1.2.0.json	77bdcf802d686f289f2a3abeda588d11f5153dfe01c85c7cb1f9dd58aca159d6	2223	LIVE_CANONICAL	STAGE29	/home/reckless-ideator/Difference-Engine/workspace/operational/ingestion/output/ING-20260812-0329
/home/reckless-ideator/Difference-Engine-LEGACY-STALE-DECOMPOSED/LEGACY-RC-GOLD/RC1-0085_Repository_RC1_Canonical_Repository_Certification_Summary_GOLD_v1.2.0.json	253801942174370d91bbd239adfa870a7d0c8868d46432789ec228b89eae4e2c	2199	LIVE_CANONICAL	STAGE29	/home/reckless-ideator/Difference-Engine/workspace/operational/ingestion/output/ING-20260812-0330
/home/reckless-ideator/Difference-Engine-LEGACY-STALE-DECOMPOSED/LEGACY-RC-GOLD/RC1-0086_Repository_RC1_Canonical_Repository_Certification_Digest_GOLD_v1.2.0.json	d07e4aa26d883e3359f441b7d82b80d5a8871b69534b2c3f874db85aed4c7472	2190	LIVE_CANONICAL	STAGE29	/home/reckless-ideator/Difference-Engine/workspace/operational/ingestion/output/ING-20260812-0331
/home/reckless-ideator/Difference-Engine-LEGACY-STALE-DECOMPOSED/LEGACY-RC-GOLD/RC1-0087_Repository_RC1_Canonical_Repository_Certification_Seal_GOLD_v1.2.0.json	066fcc426786807ed715e3c2fd6cb1607d57fc98dee2823e7f54f91cfd6daf31	2169	LIVE_CANONICAL	STAGE29	/home/reckless-ideator/Difference-Engine/workspace/operational/ingestion/output/ING-20260812-0332
/home/reckless-ideator/Difference-Engine-LEGACY-STALE-DECOMPOSED/LEGACY-RC-GOLD/RC1-0088_Repository_RC1_Canonical_Repository_Certification_Attestation_GOLD_v1.2.0.json	920ee1bbb17302132b25853685b9a18047756954523bbcdb0cf7a8a6ffc8023d	2211	LIVE_CANONICAL	STAGE29	/home/reckless-ideator/Difference-Engine/workspace/operational/ingestion/output/ING-20260812-0333
/home/reckless-ideator/Difference-Engine-LEGACY-STALE-DECOMPOSED/LEGACY-RC-GOLD/RC1-0089_Repository_RC1_Canonical_Repository_Certification_Record_GOLD_v1.2.0.json	6388e61877f1cda247d90f20217092c66ac0d57b1ab40c46b2c07d59cd1e8481	2185	LIVE_CANONICAL	STAGE29	/home/reckless-ideator/Difference-Engine/workspace/operational/ingestion/output/ING-20260812-0334
/home/reckless-ideator/Difference-Engine-LEGACY-STALE-DECOMPOSED/LEGACY-RC-GOLD/RC1-0090_Repository_RC1_Canonical_Repository_Certification_Dossier_GOLD_v1.2.0.json	93977b53d3b8353ea4aef063e601547b8a467bc4151482b886811c867c7a712d	2205	LIVE_CANONICAL	STAGE29	/home/reckless-ideator/Difference-Engine/workspace/operational/ingestion/output/ING-20260812-0335
/home/reckless-ideator/Difference-Engine-LEGACY-STALE-DECOMPOSED/LEGACY-RC-GOLD/RC1-0091_Repository_RC1_Canonical_Repository_Certification_Portfolio_GOLD_v1.2.0.json	e1e7f6a7a1feced997efcbbbb5971fe0555567947da8105751216ceff2257118	2221	LIVE_CANONICAL	STAGE29	/home/reckless-ideator/Difference-Engine/workspace/operational/ingestion/output/ING-20260812-0336
/home/reckless-ideator/Difference-Engine-LEGACY-STALE-DECOMPOSED/LEGACY-RC-GOLD/RC1-0092_Repository_RC1_Canonical_Repository_Certification_Compendium_GOLD_v1.2.0.json	c77235cdac0bbee76889099c66e3f93b75a0c4a97088401299b44c58d9f4dffe	2229	LIVE_CANONICAL	STAGE29	/home/reckless-ideator/Difference-Engine/workspace/operational/ingestion/output/ING-20260812-0337
/home/reckless-ideator/Difference-Engine-LEGACY-STALE-DECOMPOSED/LEGACY-RC-GOLD/RC1-0093_Repository_RC1_Canonical_Repository_Certification_Archive_Register_GOLD_v1.2.0.json	bfc80100a8559f04d5d38b44d3da8e0dad81a8351385c5b4997ab95eeb5e08a1	2225	LIVE_CANONICAL	STAGE29	/home/reckless-ideator/Difference-Engine/workspace/operational/ingestion/output/ING-20260812-0338
/home/reckless-ideator/Difference-Engine-LEGACY-STALE-DECOMPOSED/LEGACY-RC-GOLD/RC1-0094_Repository_RC1_Canonical_Repository_Certification_Master_Register_GOLD_v1.2.0.json	b19906a417386f22ffceeb1b3f439944f4fee1653964f1c11fa0bcc11bfde301	2220	LIVE_CANONICAL	STAGE29	/home/reckless-ideator/Difference-Engine/workspace/operational/ingestion/output/ING-20260812-0339
/home/reckless-ideator/Difference-Engine-LEGACY-STALE-DECOMPOSED/LEGACY-RC-GOLD/RC1-0095_Repository_RC1_Canonical_Repository_Certification_Master_Archive_GOLD_v1.2.0.json	08b72940260f16b6a52c9324579affa20a7f6a89cdc66811806956f0db95a0b7	2212	LIVE_CANONICAL	STAGE29	/home/reckless-ideator/Difference-Engine/workspace/operational/ingestion/output/ING-20260812-0340
/home/reckless-ideator/Difference-Engine-LEGACY-STALE-DECOMPOSED/LEGACY-RC-GOLD/RC1-0096_Repository_RC1_Canonical_Repository_Certification_Master_Compendium_GOLD_v1.2.0.json	e82a6141097dbf714cfd2750ef6bdda3ee71e2058d8d7084e3d02caa387e8cbc	2236	LIVE_CANONICAL	STAGE29	/home/reckless-ideator/Difference-Engine/workspace/operational/ingestion/output/ING-20260812-0341
/home/reckless-ideator/Difference-Engine-LEGACY-STALE-DECOMPOSED/LEGACY-RC-GOLD/RC1-0097_Repository_RC1_Canonical_Repository_Certification_Master_Ledger_GOLD_v1.2.0.json	ece6147ebcd7321b94c71e47787603a92f17e205774fa69f46be220477840c9b	2204	LIVE_CANONICAL	STAGE29	/home/reckless-ideator/Difference-Engine/workspace/operational/ingestion/output/ING-20260812-0342
/home/reckless-ideator/Difference-Engine-LEGACY-STALE-DECOMPOSED/LEGACY-RC-GOLD/RC1-0098_Repository_RC1_Canonical_Repository_Certification_Master_Index_GOLD_v1.2.0.json	c434983187b5cd63f5507d5c3dafc850ab118b18da525cf9f607ccf699715cf2	2196	LIVE_CANONICAL	STAGE29	/home/reckless-ideator/Difference-Engine/workspace/operational/ingestion/output/ING-20260812-0343
/home/reckless-ideator/Difference-Engine-LEGACY-STALE-DECOMPOSED/LEGACY-RC-GOLD/RC1-0099_Repository_RC1_Canonical_Repository_Certification_Master_Catalog_GOLD_v1.2.0.json	f095d7805828d225a930d1f2ec66a9eeab3837101ac86c4dd56ffae78fd0ddc9	2212	LIVE_CANONICAL	STAGE29	/home/reckless-ideator/Difference-Engine/workspace/operational/ingestion/output/ING-20260812-0344
/home/reckless-ideator/Difference-Engine-LEGACY-STALE-DECOMPOSED/LEGACY-RC-GOLD/RC1-0100_Repository_RC1_Canonical_Repository_Centennial_Preservation_Record_GOLD_v1.2.0.json	8ba937a84b7321752288b16d53a0e2665347278e83d1fcfe6759b07fe5898812	2228	LIVE_CANONICAL	STAGE29	/home/reckless-ideator/Difference-Engine/workspace/operational/ingestion/output/ING-20260812-0345
/home/reckless-ideator/Difference-Engine-LEGACY-STALE-DECOMPOSED/LEGACY-RC-GOLD/RC1-0101_Repository_RC1_Canonical_Repository_Centennial_Continuity_Register_GOLD_v1.2.0.json	176c405a7b56ab5d8cc3d82a3fc1862cc7560b33c477091a8d029766b6473777	2204	LIVE_CANONICAL	STAGE29	/home/reckless-ideator/Difference-Engine/workspace/operational/ingestion/output/ING-20260812-0346
/home/reckless-ideator/Difference-Engine-LEGACY-STALE-DECOMPOSED/LEGACY-RC-GOLD/RC1-0102_Repository_RC1_Canonical_Repository_Centennial_Preservation_Ledger_GOLD_v1.2.0.json	a54e59ffd567396c4c057dfbed2c14d3cf67c345f9f1147017805ee5d599d81c	2217	LIVE_CANONICAL	STAGE29	/home/reckless-ideator/Difference-Engine/workspace/operational/ingestion/output/ING-20260812-0347
/home/reckless-ideator/Difference-Engine-LEGACY-STALE-DECOMPOSED/LEGACY-TERMUX/termux-private-home/verified-extract/BOOTSTRAP-vNext.md	a00c3b59d5e9e2d8ad78e29258e13b5cf4807919ebb5a523c199e8da1cda91b9	4	HELD_BACK_MARKDOWN_SOURCE_DEFICIENT	STAGE41	missing_title
/home/reckless-ideator/Difference-Engine-LEGACY-STALE-DECOMPOSED/LEGACY-TERMUX/termux-private-home/verified-extract/downloads/Difference-Engine-Gboard-Concepts-v0.1.0.acceptance.txt	c6475d03e6800db7f2fa71af878c5516185a6bc7bbe615bf3873c24900d7bb91	421	HELD_BACK_TXT_SOURCE_DEFICIENT	STAGE43	missing_title
/home/reckless-ideator/Difference-Engine-LEGACY-STALE-DECOMPOSED/LEGACY-TERMUX/termux-private-home/verified-extract/downloads/Difference-Engine-Gboard-Concepts-v0.1.0.manifest.txt	7977abc7ad993905216adaed8588871f1ed27fc703dc36f3edfc56dce5e39090	802	HELD_BACK_TXT_SOURCE_DEFICIENT	STAGE43	missing_title
/home/reckless-ideator/Difference-Engine-LEGACY-STALE-DECOMPOSED/LEGACY-TERMUX/termux-private-home/verified-extract/downloads/Difference-Engine-Gboard-Greek-v0.1.1.manifest.txt	ca0080519ee021872bf2bbbee6134fa86d20a7592948aed674db14aa4d05e9f8	557	HELD_BACK_TXT_SOURCE_DEFICIENT	STAGE43	missing_title
/home/reckless-ideator/Difference-Engine-LEGACY-STALE-DECOMPOSED/LEGACY-TERMUX/termux-private-home/verified-extract/downloads/Difference-Engine-Gboard-Greek-v0.1.manifest.txt	d0f7e516ea487e7d6cd2b6952776d903b21cf83043951d16c123a3b7ffd0f8c7	472	HELD_BACK_TXT_SOURCE_DEFICIENT	STAGE43	missing_title
/home/reckless-ideator/Difference-Engine-LEGACY-STALE-DECOMPOSED/LEGACY-TERMUX/termux-private-home/verified-extract/downloads/MOBILE_VOCABULARY_STAGED_CHECK.raw.txt	358cbb329ec80a9c84c2414c2b5193fb429b5b83109a7b8f137db2ee3bb4cbfd	163488	HELD_BACK_TXT_SOURCE_DEFICIENT	STAGE43	missing_title
/home/reckless-ideator/Difference-Engine-LEGACY-STALE-DECOMPOSED/LEGACY-TERMUX/termux-private-home/verified-extract/repo_files.txt	feea1b3ff2e8767b5e6a04c104465c2dd3a9d71415707b8b8aa499d2e0dc58b5	1804	HELD_BACK_TXT_SOURCE_DEFICIENT	STAGE43	missing_title
/home/reckless-ideator/Difference-Engine-LEGACY-STALE-DECOMPOSED/LEGACY-TERMUX/termux-private-home/verified-extract/repo_tree.txt	f55474292470a6918b496a37bf6a300d46e00e61cecbb58d881e52dd5b96d695	2482	HELD_BACK_TXT_SOURCE_DEFICIENT	STAGE43	missing_title
/home/reckless-ideator/Difference-Engine-LEGACY-STALE-DECOMPOSED/LEGACY-Unsorted/10_Governance/ARC-0001_Information_Architecture.md	f5cc163cf1547860c8052845c2adba673dfeaa4de0fd48f6154d63236ef0e5cb	1598	LIVE_CANONICAL	STAGE29	/home/reckless-ideator/Difference-Engine/workspace/operational/ingestion/output/ING-20260812-0348
/home/reckless-ideator/Difference-Engine-LEGACY-STALE-DECOMPOSED/LEGACY-Unsorted/10_Governance/GOV-0001_Repository_Principles.md	6971a90f994c32aa33853476339764c05faa1bfab027a13df2437cb86c7b9fcb	1729	LIVE_CANONICAL	STAGE29	/home/reckless-ideator/Difference-Engine/workspace/operational/ingestion/output/ING-20260812-0349
/home/reckless-ideator/Difference-Engine-LEGACY-STALE-DECOMPOSED/LEGACY-Unsorted/10_Governance/GOV-0002_Document_Lifecycle.md	4ee3fe7884609718c7e966f46e711b86a88662e5919280cd64fa1acefa6990fa	1202	LIVE_CANONICAL	STAGE29	/home/reckless-ideator/Difference-Engine/workspace/operational/ingestion/output/ING-20260812-0350
/home/reckless-ideator/Difference-Engine-LEGACY-STALE-DECOMPOSED/LEGACY-Unsorted/10_Governance/ICD-002 — Governance Philosophy.md	a93840efd4826cfb4de835f12059e7cfc1c2c4cccab010abb62a5757e5237a66	240	HELD_BACK_MARKDOWN_SOURCE_DEFICIENT	STAGE41	missing_title
/home/reckless-ideator/Difference-Engine-LEGACY-STALE-DECOMPOSED/LEGACY-Unsorted/10_Governance/ICD-003 — Artifact Lifecycle.md	5a4777649b772742fa0c7003191bd8ed9db1fe68a41f93014bd814b172f07de3	143	HELD_BACK_MARKDOWN_SOURCE_DEFICIENT	STAGE41	missing_title
/home/reckless-ideator/Difference-Engine-LEGACY-STALE-DECOMPOSED/LEGACY-Unsorted/10_Governance/ICD-004 — Repository Topology.md	daa850d193f5806011e7df89e0a0b6f9c4a2669ea22a9a0e2d1f088317934d45	491	HELD_BACK_MARKDOWN_SOURCE_DEFICIENT	STAGE41	missing_title
/home/reckless-ideator/Difference-Engine-LEGACY-STALE-DECOMPOSED/LEGACY-Unsorted/10_Governance/README.md	15ea9a79adc54115836570e17aa4a68b91d683ad1e412f150a3e673a48adf3a4	3120	LIVE_CANONICAL	STAGE29	/home/reckless-ideator/Difference-Engine/workspace/operational/ingestion/output/ING-20260812-0351
/home/reckless-ideator/Difference-Engine-LEGACY-STALE-DECOMPOSED/LEGACY-Unsorted/99_UTILITIES/Conventions/DOCUMENT_METADATA.md	608a63a8f98297f1b0f4cb32c7ff20324779a48e866db662952af98ee208ffa8	1121	LIVE_CANONICAL	STAGE29	/home/reckless-ideator/Difference-Engine/workspace/operational/ingestion/output/ING-20260812-0352
/home/reckless-ideator/Difference-Engine-LEGACY-STALE-DECOMPOSED/LEGACY-Unsorted/99_UTILITIES/Conventions/MARKDOWN_STYLE.md	53cd9c412f2a24d0a08925d20d2beac3c71a2f12ab4c10131b7d12f3037aad5b	889	LIVE_CANONICAL	STAGE29	/home/reckless-ideator/Difference-Engine/workspace/operational/ingestion/output/ING-20260812-0353
/home/reckless-ideator/Difference-Engine-LEGACY-STALE-DECOMPOSED/LEGACY-Unsorted/99_UTILITIES/Conventions/WRITING_GUIDELINES.md	e67759ed409fdbcc59b9d1be3d11cd8ceaf0c58e01e43b0e21fe3cf69c62c43c	846	LIVE_CANONICAL	STAGE29	/home/reckless-ideator/Difference-Engine/workspace/operational/ingestion/output/ING-20260812-0354
/home/reckless-ideator/Difference-Engine-LEGACY-STALE-DECOMPOSED/LEGACY-Unsorted/99_UTILITIES/Ingestion/AIS_v0.1.md	08a9dc7946b0271b204c1bb088045a39a9f423c5081c21d35c443a71945d421b	2627	LIVE_CANONICAL	STAGE29	/home/reckless-ideator/Difference-Engine/workspace/operational/ingestion/output/ING-20260812-0355
/home/reckless-ideator/Difference-Engine-LEGACY-STALE-DECOMPOSED/LEGACY-Unsorted/99_UTILITIES/Ingestion/Architecture_Decision_Record_Specification_v0.1.md	a2c15e6a6366749255b174ad7bdc4c5564c852d13a4254b44b3f9af7d9f19e78	3575	LIVE_CANONICAL	STAGE29	/home/reckless-ideator/Difference-Engine/workspace/operational/ingestion/output/ING-20260812-0356
/home/reckless-ideator/Difference-Engine-LEGACY-STALE-DECOMPOSED/LEGACY-Unsorted/99_UTILITIES/Ingestion/Artifact_Lifecycle_Specification_v0.1.md	810afef8fc496cd837caaded4efcd09201ad27880b798950c31b1c8302c42d6d	3018	LIVE_CANONICAL	STAGE29	/home/reckless-ideator/Difference-Engine/workspace/operational/ingestion/output/ING-20260812-0357
/home/reckless-ideator/Difference-Engine-LEGACY-STALE-DECOMPOSED/LEGACY-Unsorted/99_UTILITIES/Ingestion/Artifact_Schema_v0.1.md	3dfde42a66a991a398e00f9796ecbf90424aa5a198602663d96e83804ea57a54	3103	LIVE_CANONICAL	STAGE29	/home/reckless-ideator/Difference-Engine/workspace/operational/ingestion/output/ING-20260812-0358
/home/reckless-ideator/Difference-Engine-LEGACY-STALE-DECOMPOSED/LEGACY-Unsorted/99_UTILITIES/Ingestion/Asset_Schema_v0.1.md	123ca1c3250dc7f6563992da4d95cec8d8adf199aa179f1fc9e1c5de914053e6	2461	LIVE_CANONICAL	STAGE29	/home/reckless-ideator/Difference-Engine/workspace/operational/ingestion/output/ING-20260812-0359
/home/reckless-ideator/Difference-Engine-LEGACY-STALE-DECOMPOSED/LEGACY-Unsorted/99_UTILITIES/Ingestion/Canonical_Promotion_Specification_v0.1.md	febae23e4564ce88f779b6270c5be2fb2b1ec1f94801a9373a9b316e48417249	2696	LIVE_CANONICAL	STAGE29	/home/reckless-ideator/Difference-Engine/workspace/operational/ingestion/output/ING-20260812-0360
/home/reckless-ideator/Difference-Engine-LEGACY-STALE-DECOMPOSED/LEGACY-Unsorted/99_UTILITIES/Ingestion/Configuration_Management_Specification_v0.1.md	cb516390740a2b2b56b726de591ba147a3f9b4bf334f6044b38af45f72306b63	3723	LIVE_CANONICAL	STAGE29	/home/reckless-ideator/Difference-Engine/workspace/operational/ingestion/output/ING-20260812-0361
/home/reckless-ideator/Difference-Engine-LEGACY-STALE-DECOMPOSED/LEGACY-Unsorted/99_UTILITIES/Ingestion/Conversation_Schema_v0.1.md	a6356f648d7d738e28a8dc44491c167db0d263250296e55e4b135bb876b9d38c	3219	LIVE_CANONICAL	STAGE29	/home/reckless-ideator/Difference-Engine/workspace/operational/ingestion/output/ING-20260812-0362
/home/reckless-ideator/Difference-Engine-LEGACY-STALE-DECOMPOSED/LEGACY-Unsorted/99_UTILITIES/Ingestion/Developer_Guide_v0.1.md	cf82b71016d0cdba5a31009077e2261af027752b91774b6c4c591b9e2c228724	3581	LIVE_CANONICAL	STAGE29	/home/reckless-ideator/Difference-Engine/workspace/operational/ingestion/output/ING-20260812-0363
/home/reckless-ideator/Difference-Engine-LEGACY-STALE-DECOMPOSED/LEGACY-Unsorted/99_UTILITIES/Ingestion/Event_Catalog_Specification_v0.1.md	b570625ac49761715ef4bf76957deb5042843bbea0a8bc965c7dafe4f5bcf952	5644	LIVE_CANONICAL	STAGE29	/home/reckless-ideator/Difference-Engine/workspace/operational/ingestion/output/ING-20260812-0364
/home/reckless-ideator/Difference-Engine-LEGACY-STALE-DECOMPOSED/LEGACY-Unsorted/99_UTILITIES/Ingestion/Event_Model_Specification_v0.1.md	29f06ee84e8a5ab27afc66191e836fb25dc3bfc42e6b5c4de6904549f2cbc814	3931	LIVE_CANONICAL	STAGE29	/home/reckless-ideator/Difference-Engine/workspace/operational/ingestion/output/ING-20260812-0365
/home/reckless-ideator/Difference-Engine-LEGACY-STALE-DECOMPOSED/LEGACY-Unsorted/99_UTILITIES/Ingestion/Event_Processing_Specification_v0.1.md	90426200742ed006555aa4fb77668b06826ebeedf678eaf5a068044a6532959b	4143	LIVE_CANONICAL	STAGE29	/home/reckless-ideator/Difference-Engine/workspace/operational/ingestion/output/ING-20260812-0366
/home/reckless-ideator/Difference-Engine-LEGACY-STALE-DECOMPOSED/LEGACY-Unsorted/99_UTILITIES/Ingestion/Event_Routing_Specification_v0.1.md	0d5f668f71fb2cc63d6be5257217ff417f140c09cead24e1386e9d52c44f94cc	3975	LIVE_CANONICAL	STAGE29	/home/reckless-ideator/Difference-Engine/workspace/operational/ingestion/output/ING-20260812-0367
/home/reckless-ideator/Difference-Engine-LEGACY-STALE-DECOMPOSED/LEGACY-Unsorted/99_UTILITIES/Ingestion/Event_Schema_Specification_v0.1.md	853a565bf8cc903f7aa9bf7b5e323ea5fc00c8a524546c49ec6a7b6001ff3197	9344	LIVE_CANONICAL	STAGE29	/home/reckless-ideator/Difference-Engine/workspace/operational/ingestion/output/ING-20260812-0368
/home/reckless-ideator/Difference-Engine-LEGACY-STALE-DECOMPOSED/LEGACY-Unsorted/99_UTILITIES/Ingestion/Implementation_Backlog_v0.1.md	5283908988da39356bb1a5e4d639f4997ab0c0db813a25a15462c570756e440c	3300	LIVE_CANONICAL	STAGE29	/home/reckless-ideator/Difference-Engine/workspace/operational/ingestion/output/ING-20260812-0369
/home/reckless-ideator/Difference-Engine-LEGACY-STALE-DECOMPOSED/LEGACY-Unsorted/99_UTILITIES/Ingestion/Implementation_Checklist_v0.1.md	74d8236eef566b74aa7092d17940f72ae2ea838929bed1b885de6a3fc5ba35cc	3940	LIVE_CANONICAL	STAGE29	/home/reckless-ideator/Difference-Engine/workspace/operational/ingestion/output/ING-20260812-0370
/home/reckless-ideator/Difference-Engine-LEGACY-STALE-DECOMPOSED/LEGACY-Unsorted/99_UTILITIES/Ingestion/Implementation_Milestones_v0.1.md	444d7902f6dbb4762735102ffce17e566778891512fbe733217e40a1a42d6a49	4511	LIVE_CANONICAL	STAGE29	/home/reckless-ideator/Difference-Engine/workspace/operational/ingestion/output/ING-20260812-0371
/home/reckless-ideator/Difference-Engine-LEGACY-STALE-DECOMPOSED/LEGACY-Unsorted/99_UTILITIES/Ingestion/Implementation_Roadmap_v0.1.md	9bf7a07074b94414046d562e7696593e2db26035186ee4a481182a6280936e0d	3856	LIVE_CANONICAL	STAGE29	/home/reckless-ideator/Difference-Engine/workspace/operational/ingestion/output/ING-20260812-0372
/home/reckless-ideator/Difference-Engine-LEGACY-STALE-DECOMPOSED/LEGACY-Unsorted/99_UTILITIES/Ingestion/Ingestion_Glossary_v0.1.md	9d70ade0638bc4930375da2323b55d46b811f580e5e6042fd78293bbbc196fa6	3957	LIVE_CANONICAL	STAGE29	/home/reckless-ideator/Difference-Engine/workspace/operational/ingestion/output/ING-20260812-0373
/home/reckless-ideator/Difference-Engine-LEGACY-STALE-DECOMPOSED/LEGACY-Unsorted/99_UTILITIES/Ingestion/Ingestion_Pipeline_Specification_v0.1.md	62cd62e53dc6b24168129c3b49391641b1edd73c302ace661f92ac2d84db668e	3546	LIVE_CANONICAL	STAGE29	/home/reckless-ideator/Difference-Engine/workspace/operational/ingestion/output/ING-20260812-0374
/home/reckless-ideator/Difference-Engine-LEGACY-STALE-DECOMPOSED/LEGACY-Unsorted/99_UTILITIES/Ingestion/Ingestion_Report_Schema_v0.1.md	325402b6af58f8040aeec390af30b5958bc206044d63e1d00364ff5ee2ac62c3	2645	LIVE_CANONICAL	STAGE29	/home/reckless-ideator/Difference-Engine/workspace/operational/ingestion/output/ING-20260812-0375
/home/reckless-ideator/Difference-Engine-LEGACY-STALE-DECOMPOSED/LEGACY-Unsorted/99_UTILITIES/Ingestion/Observability_Specification_v0.1.md	c9c660e19409f62f6309006921b292ef1e9cbf7f4433c9a42bcb91cbe18a681a	4141	LIVE_CANONICAL	STAGE29	/home/reckless-ideator/Difference-Engine/workspace/operational/ingestion/output/ING-20260812-0376
/home/reckless-ideator/Difference-Engine-LEGACY-STALE-DECOMPOSED/LEGACY-Unsorted/99_UTILITIES/Ingestion/Operational_Readiness_Specification_v0.1.md	7132943d8c9c0e6535965645577e2ab80b99aba9613aa031557a34271b955719	4008	LIVE_CANONICAL	STAGE29	/home/reckless-ideator/Difference-Engine/workspace/operational/ingestion/output/ING-20260812-0377
/home/reckless-ideator/Difference-Engine-LEGACY-STALE-DECOMPOSED/LEGACY-Unsorted/99_UTILITIES/Ingestion/Output_Package_Specificatiom_v0.1.md	4084be32105c7ec72e0729a6fbd4e8c5c9879b62990a794906b1a5e77bff8205	2328	LIVE_CANONICAL	STAGE29	/home/reckless-ideator/Difference-Engine/workspace/operational/ingestion/output/ING-20260812-0378
/home/reckless-ideator/Difference-Engine-LEGACY-STALE-DECOMPOSED/LEGACY-Unsorted/99_UTILITIES/Ingestion/Parser_Behavior_Specification_v0.1.md	5e3dc72e2bd714d03db9505f4e325e3ce25b46e6d0112e4d79d9e189e635e1bc	2747	LIVE_CANONICAL	STAGE29	/home/reckless-ideator/Difference-Engine/workspace/operational/ingestion/output/ING-20260812-0379
/home/reckless-ideator/Difference-Engine-LEGACY-STALE-DECOMPOSED/LEGACY-Unsorted/99_UTILITIES/Ingestion/Parser_Development_Guide_v0.1.md	9788de86c4cace2373622ac2305d2966faadc713ded38f27fd03f19f710d6172	3015	LIVE_CANONICAL	STAGE29	/home/reckless-ideator/Difference-Engine/workspace/operational/ingestion/output/ING-20260812-0380
/home/reckless-ideator/Difference-Engine-LEGACY-STALE-DECOMPOSED/LEGACY-Unsorted/99_UTILITIES/Ingestion/Provenance_Specification_v0.1.md	8268bdc1d2af37eb271ffe9afcbcb4d865e02b8880d323bf7ddf77ff342b332a	2222	LIVE_CANONICAL	STAGE29	/home/reckless-ideator/Difference-Engine/workspace/operational/ingestion/output/ING-20260812-0381
/home/reckless-ideator/Difference-Engine-LEGACY-STALE-DECOMPOSED/LEGACY-Unsorted/99_UTILITIES/Ingestion/Publication_Specification_v0.1.md	827453486f2b40479ae26e01b6551510e3efd09e96fe6f92854e150fb2967571	2318	LIVE_CANONICAL	STAGE29	/home/reckless-ideator/Difference-Engine/workspace/operational/ingestion/output/ING-20260812-0382
/home/reckless-ideator/Difference-Engine-LEGACY-STALE-DECOMPOSED/LEGACY-Unsorted/99_UTILITIES/Ingestion/Quality_Assurance_Specification_v0.1.md	7294359a6f15a5d7470601abb9c66731ea65d778ed90b8e1a122154b59356741	4078	LIVE_CANONICAL	STAGE29	/home/reckless-ideator/Difference-Engine/workspace/operational/ingestion/output/ING-20260812-0383
/home/reckless-ideator/Difference-Engine-LEGACY-STALE-DECOMPOSED/LEGACY-Unsorted/99_UTILITIES/Ingestion/Queue_Candidate_Schema_v0.1.md	a6a8b6f7b011536c99f7866341e6affa5def05e7f4449d338b65721d037d3c55	2173	LIVE_CANONICAL	STAGE29	/home/reckless-ideator/Difference-Engine/workspace/operational/ingestion/output/ING-20260812-0384
/home/reckless-ideator/Difference-Engine-LEGACY-STALE-DECOMPOSED/LEGACY-Unsorted/99_UTILITIES/Ingestion/Queue_Specification_v0.1.md	03ce352b3bb7ac5024227ec200a2044b87e18c906f04d48f5f285d46b754b232	3732	LIVE_CANONICAL	STAGE29	/home/reckless-ideator/Difference-Engine/workspace/operational/ingestion/output/ING-20260812-0385
/home/reckless-ideator/Difference-Engine-LEGACY-STALE-DECOMPOSED/LEGACY-Unsorted/99_UTILITIES/Ingestion/Reference_Schema_v0.1.md	d95f8c590d23540738750671ed0ebc341c9a9f0e6d6e53b68df2de36aa550f44	2421	LIVE_CANONICAL	STAGE29	/home/reckless-ideator/Difference-Engine/workspace/operational/ingestion/output/ING-20260812-0386
/home/reckless-ideator/Difference-Engine-LEGACY-STALE-DECOMPOSED/LEGACY-Unsorted/99_UTILITIES/Ingestion/Repository_Index_Specification_v0.1.md	b63d7270b6f4a22a3c51b9031469a97e2ec674a1b533144b44d3bcc826fb29aa	3084	LIVE_CANONICAL	STAGE29	/home/reckless-ideator/Difference-Engine/workspace/operational/ingestion/output/ING-20260812-0387
/home/reckless-ideator/Difference-Engine-LEGACY-STALE-DECOMPOSED/LEGACY-Unsorted/99_UTILITIES/Ingestion/Repository_Mapping_Specification_v0.1.md	76d30001c9960dfa52164ed54d578995b6e29c754cc60bd58e55ea4978c802e1	2261	LIVE_CANONICAL	STAGE29	/home/reckless-ideator/Difference-Engine/workspace/operational/ingestion/output/ING-20260812-0388
/home/reckless-ideator/Difference-Engine-LEGACY-STALE-DECOMPOSED/LEGACY-Unsorted/99_UTILITIES/Ingestion/Repository_Maturity_Model_v0.1.md	e19317904d9f05e34dbad0d0eb23aec06621985e9c0342fee2f47ea0cb2cbaef	3806	LIVE_CANONICAL	STAGE29	/home/reckless-ideator/Difference-Engine/workspace/operational/ingestion/output/ING-20260812-0389
/home/reckless-ideator/Difference-Engine-LEGACY-STALE-DECOMPOSED/LEGACY-Unsorted/99_UTILITIES/Ingestion/Repository_Relationship_Schema_v0.1.md	de7ee654d04a27abc6506ddbd0c13998159fe10dba76119fd6b3813f4ba6f3b4	2355	LIVE_CANONICAL	STAGE29	/home/reckless-ideator/Difference-Engine/workspace/operational/ingestion/output/ING-20260812-0390
/home/reckless-ideator/Difference-Engine-LEGACY-STALE-DECOMPOSED/LEGACY-Unsorted/99_UTILITIES/Ingestion/Repository_Standards_v0.1.md	7c4805ea55151a1441b979f2a5483746670a9705799d1e6e4170da2d62248922	4047	LIVE_CANONICAL	STAGE29	/home/reckless-ideator/Difference-Engine/workspace/operational/ingestion/output/ING-20260812-0391
/home/reckless-ideator/Difference-Engine-LEGACY-STALE-DECOMPOSED/LEGACY-Unsorted/99_UTILITIES/Ingestion/Schema_Governance_Specification_v0.1.md	16c73d82b56b3cab5fc260cc1a9c455ba1aef44caaaf2e15102da3f6d44fcaa8	2437	LIVE_CANONICAL	STAGE29	/home/reckless-ideator/Difference-Engine/workspace/operational/ingestion/output/ING-20260812-0392
/home/reckless-ideator/Difference-Engine-LEGACY-STALE-DECOMPOSED/LEGACY-Unsorted/99_UTILITIES/Ingestion/Security_and_Integrity_Specification_v0.1.md	1aa662e2e55364f23b2867e28f32ff1d5f1af701bab53540ebc3f75e54d564a8	3814	LIVE_CANONICAL	STAGE29	/home/reckless-ideator/Difference-Engine/workspace/operational/ingestion/output/ING-20260812-0393
/home/reckless-ideator/Difference-Engine-LEGACY-STALE-DECOMPOSED/LEGACY-Unsorted/99_UTILITIES/Ingestion/Service_Contracts_v0.1.md	a807a5fc46bd309bc57fc46bfb41e14d38eea916ccc909e8e22a91dee313c6f0	3736	LIVE_CANONICAL	STAGE29	/home/reckless-ideator/Difference-Engine/workspace/operational/ingestion/output/ING-20260812-0394
/home/reckless-ideator/Difference-Engine-LEGACY-STALE-DECOMPOSED/LEGACY-Unsorted/99_UTILITIES/Ingestion/Service_Development_Guide_v0.1.md	aef89386877a9b8af75adcf3795eeb0e7484a2674a971a3a9366afb5b7a3d24b	3660	LIVE_CANONICAL	STAGE29	/home/reckless-ideator/Difference-Engine/workspace/operational/ingestion/output/ING-20260812-0395
/home/reckless-ideator/Difference-Engine-LEGACY-STALE-DECOMPOSED/LEGACY-Unsorted/99_UTILITIES/Ingestion/Testing_Strategy_Specification_v0.1.md	6e8256ce24cb5e6a13e6cb532bbe05e58bc6baa2a66bce493663ea23ae9f9f08	3952	LIVE_CANONICAL	STAGE29	/home/reckless-ideator/Difference-Engine/workspace/operational/ingestion/output/ING-20260812-0396
/home/reckless-ideator/Difference-Engine-LEGACY-STALE-DECOMPOSED/LEGACY-Unsorted/99_UTILITIES/Ingestion/Validation_Specification_v0.1.md	3eacea10616c7a60d8b2773652ca4108c032f1ede83f859dff1afce6797bdc12	2567	LIVE_CANONICAL	STAGE29	/home/reckless-ideator/Difference-Engine/workspace/operational/ingestion/output/ING-20260812-0397
/home/reckless-ideator/Difference-Engine-LEGACY-STALE-DECOMPOSED/LEGACY-Unsorted/99_UTILITIES/Ingestion/Workflow_API_Specification_v0.1.md	7444f24e46d580dbbc99e329dce3ec513e2acf1f4646566ef4ffc8c9ccdc1e7d	5899	LIVE_CANONICAL	STAGE29	/home/reckless-ideator/Difference-Engine/workspace/operational/ingestion/output/ING-20260812-0398
/home/reckless-ideator/Difference-Engine-LEGACY-STALE-DECOMPOSED/LEGACY-Unsorted/99_UTILITIES/Ingestion/Workflow_Audit_Specification_v0.1.md	9baed3f30c6568ce7cb8e118ac00701e3314ae4c17ad3f80e201146b9fa42d0f	5583	LIVE_CANONICAL	STAGE29	/home/reckless-ideator/Difference-Engine/workspace/operational/ingestion/output/ING-20260812-0399
/home/reckless-ideator/Difference-Engine-LEGACY-STALE-DECOMPOSED/LEGACY-Unsorted/99_UTILITIES/Ingestion/Workflow_Checkpointing_Specification_v0.1.md	b152c9005bdf63f252a27f6418291a79b3bbbd456fc6e3f1088af82c2423a769	5214	LIVE_CANONICAL	STAGE29	/home/reckless-ideator/Difference-Engine/workspace/operational/ingestion/output/ING-20260812-0400
/home/reckless-ideator/Difference-Engine-LEGACY-STALE-DECOMPOSED/LEGACY-Unsorted/99_UTILITIES/Ingestion/Workflow_Context_Specification_v0.1.md	d350a7f28b3731298fe988009e448bde53b0fc187a1a4fb5887adfafb626192a	4617	LIVE_CANONICAL	STAGE29	/home/reckless-ideator/Difference-Engine/workspace/operational/ingestion/output/ING-20260812-0401
/home/reckless-ideator/Difference-Engine-LEGACY-STALE-DECOMPOSED/LEGACY-Unsorted/99_UTILITIES/Ingestion/Workflow_Definition_Schema_v0.1.md	492dfb9cec58b2cbc7d2858475e516853e9ea79a6c6f777e3f7e22289ec37e5f	4406	LIVE_CANONICAL	STAGE29	/home/reckless-ideator/Difference-Engine/workspace/operational/ingestion/output/ING-20260812-0402
/home/reckless-ideator/Difference-Engine-LEGACY-STALE-DECOMPOSED/LEGACY-Unsorted/99_UTILITIES/Ingestion/Workflow_Execution_Specification_v0.1.md	5b9a0513f3b4c95b665e58aaef462b1e7446ae407bf83b35a0c765afe3f28e56	5274	LIVE_CANONICAL	STAGE29	/home/reckless-ideator/Difference-Engine/workspace/operational/ingestion/output/ING-20260812-0403
/home/reckless-ideator/Difference-Engine-LEGACY-STALE-DECOMPOSED/LEGACY-Unsorted/99_UTILITIES/Ingestion/Workflow_Governance_Specification_v0.1.md	9a2668c16402288b26db815dd7aa8146cccb5348cf81609e5d0c68a5e2c07394	5794	LIVE_CANONICAL	STAGE29	/home/reckless-ideator/Difference-Engine/workspace/operational/ingestion/output/ING-20260812-0404
/home/reckless-ideator/Difference-Engine-LEGACY-STALE-DECOMPOSED/LEGACY-Unsorted/99_UTILITIES/Ingestion/Workflow_Metrics_Specification_v0.1.md	5686b69049d6c5b8f069e754d91e8b2c2791cfc4b5a7d17476d3b4c0988bd258	6356	LIVE_CANONICAL	STAGE29	/home/reckless-ideator/Difference-Engine/workspace/operational/ingestion/output/ING-20260812-0405
/home/reckless-ideator/Difference-Engine-LEGACY-STALE-DECOMPOSED/LEGACY-Unsorted/99_UTILITIES/Ingestion/Workflow_Orchestration_Specification_v0.1.md	305da80317c8fe0fe4eb70d7c80132e6399d108cba1709fa09bc722a140e7ce9	4655	LIVE_CANONICAL	STAGE29	/home/reckless-ideator/Difference-Engine/workspace/operational/ingestion/output/ING-20260812-0406
/home/reckless-ideator/Difference-Engine-LEGACY-STALE-DECOMPOSED/LEGACY-Unsorted/99_UTILITIES/Ingestion/Workflow_Recovery_Specification_v0.1.md	ab6d51ea4c17948d0052e86089b9047ee028e4c92d0b34057d2a5fb5616e31ac	5960	LIVE_CANONICAL	STAGE29	/home/reckless-ideator/Difference-Engine/workspace/operational/ingestion/output/ING-20260812-0407
/home/reckless-ideator/Difference-Engine-LEGACY-STALE-DECOMPOSED/LEGACY-Unsorted/99_UTILITIES/Ingestion/Workflow_Replay_Specification_v0.1.md	20afde614c0870aa7d39d48080d207bd59337ff243bd44818b5e42b0254614ca	5667	LIVE_CANONICAL	STAGE29	/home/reckless-ideator/Difference-Engine/workspace/operational/ingestion/output/ING-20260812-0408
/home/reckless-ideator/Difference-Engine-LEGACY-STALE-DECOMPOSED/LEGACY-Unsorted/99_UTILITIES/Ingestion/Workflow_Reporting_Specification_v0.1.md	a527fbb9ad826d9a3f517c18b5dfe241f1f9db8ef5dd4282d1a312438ebc382a	6323	LIVE_CANONICAL	STAGE29	/home/reckless-ideator/Difference-Engine/workspace/operational/ingestion/output/ING-20260812-0409
/home/reckless-ideator/Difference-Engine-LEGACY-STALE-DECOMPOSED/LEGACY-Unsorted/99_UTILITIES/Ingestion/Workflow_Service_Capability_Specification_v0.1.md	785a23af3af1a5a2697e9f553299361a4340f981c8c7f888e00340fbe2b91635	6332	LIVE_CANONICAL	STAGE29	/home/reckless-ideator/Difference-Engine/workspace/operational/ingestion/output/ING-20260812-0410
/home/reckless-ideator/Difference-Engine-LEGACY-STALE-DECOMPOSED/LEGACY-Unsorted/99_UTILITIES/Ingestion/Workflow_Service_Communication_Specification_v0.1.md	0c890b255bf6a8d8819a11d897c542a57cdc50ffcf5c2b4169cf5c408baad2a4	7198	LIVE_CANONICAL	STAGE29	/home/reckless-ideator/Difference-Engine/workspace/operational/ingestion/output/ING-20260812-0411
/home/reckless-ideator/Difference-Engine-LEGACY-STALE-DECOMPOSED/LEGACY-Unsorted/99_UTILITIES/Ingestion/Workflow_Service_Composition_Specification_v0.1.md	7b3cde76a9df98c6a6ea2740222d835c526cd2eff7fea4f62494f7d27a2d817b	6431	LIVE_CANONICAL	STAGE29	/home/reckless-ideator/Difference-Engine/workspace/operational/ingestion/output/ING-20260812-0412
/home/reckless-ideator/Difference-Engine-LEGACY-STALE-DECOMPOSED/LEGACY-Unsorted/99_UTILITIES/Ingestion/Workflow_Service_Configuration_Specification_v0.1.md	9e478fdac1bfa8a72c4cf4a9c0683551ed4cd300f48c5fb012be0d4b533ee9e1	7128	LIVE_CANONICAL	STAGE29	/home/reckless-ideator/Difference-Engine/workspace/operational/ingestion/output/ING-20260812-0413
/home/reckless-ideator/Difference-Engine-LEGACY-STALE-DECOMPOSED/LEGACY-Unsorted/99_UTILITIES/Ingestion/Workflow_Service_Contract_Specification_v0.1.md	4a8183d51b02d3d7908fca1fcb17c60d2450821c6d6e9da568b68f323a3907a8	5844	LIVE_CANONICAL	STAGE29	/home/reckless-ideator/Difference-Engine/workspace/operational/ingestion/output/ING-20260812-0414
/home/reckless-ideator/Difference-Engine-LEGACY-STALE-DECOMPOSED/LEGACY-Unsorted/99_UTILITIES/Ingestion/Workflow_Service_Coordination_Specification_v0.1.md	e62d318b1337deda596d820146f337abc18c489bb872260ba46c846fddb433b1	8139	LIVE_CANONICAL	STAGE29	/home/reckless-ideator/Difference-Engine/workspace/operational/ingestion/output/ING-20260812-0415
/home/reckless-ideator/Difference-Engine-LEGACY-STALE-DECOMPOSED/LEGACY-Unsorted/99_UTILITIES/Ingestion/Workflow_Service_Dependency_Specification_v0.1.md	1e86fbc6e404f491d5602e12ee198c2005f084a3d488ec4343724a0e483a3a26	6823	LIVE_CANONICAL	STAGE29	/home/reckless-ideator/Difference-Engine/workspace/operational/ingestion/output/ING-20260812-0416
/home/reckless-ideator/Difference-Engine-LEGACY-STALE-DECOMPOSED/LEGACY-Unsorted/99_UTILITIES/Ingestion/Workflow_Service_Discovery_Specification_v0.1.md	182e4dc4ba8658c2bef49bf74bb055c63b928b40ce52a4eb058bdfcf24dc7f8b	6264	LIVE_CANONICAL	STAGE29	/home/reckless-ideator/Difference-Engine/workspace/operational/ingestion/output/ING-20260812-0417
/home/reckless-ideator/Difference-Engine-LEGACY-STALE-DECOMPOSED/LEGACY-Unsorted/99_UTILITIES/Ingestion/Workflow_Service_Dispatch_Specification_v0.1.md	9b91260bccb4d23dfb1f7122bcd62f8337594d502b24897f2a9509ba3280832a	7893	LIVE_CANONICAL	STAGE29	/home/reckless-ideator/Difference-Engine/workspace/operational/ingestion/output/ING-20260812-0418
/home/reckless-ideator/Difference-Engine-LEGACY-STALE-DECOMPOSED/LEGACY-Unsorted/99_UTILITIES/Ingestion/Workflow_Service_Health_Specification_v0.1.md	e698fb80a81b20b3a53d5246bec585db5f8cd9ef10212bdac8a37165670debb7	7215	LIVE_CANONICAL	STAGE29	/home/reckless-ideator/Difference-Engine/workspace/operational/ingestion/output/ING-20260812-0419
/home/reckless-ideator/Difference-Engine-LEGACY-STALE-DECOMPOSED/LEGACY-Unsorted/99_UTILITIES/Ingestion/Workflow_Service_Lifecycle_Specification_v0.1.md	2f8fb9c56f37c3660a832678f10542138a14b26e60d2fdf9b609542e8a480a52	7954	LIVE_CANONICAL	STAGE29	/home/reckless-ideator/Difference-Engine/workspace/operational/ingestion/output/ING-20260812-0420
/home/reckless-ideator/Difference-Engine-LEGACY-STALE-DECOMPOSED/LEGACY-Unsorted/99_UTILITIES/Ingestion/Workflow_Service_Load_Balancing_Specification_v0.1.md	9d5c49c616a7b5ed98fb3ed612ac0942de408b4be6acd01726ceaf3bc0857f5a	7731	LIVE_CANONICAL	STAGE29	/home/reckless-ideator/Difference-Engine/workspace/operational/ingestion/output/ING-20260812-0421
/home/reckless-ideator/Difference-Engine-LEGACY-STALE-DECOMPOSED/LEGACY-Unsorted/99_UTILITIES/Ingestion/Workflow_Service_Messaging_Specification_v0.1.md	6ca1066b5b49df13841813ea118261a71e1ca646ecf054a842a40add51bf78cb	7601	LIVE_CANONICAL	STAGE29	/home/reckless-ideator/Difference-Engine/workspace/operational/ingestion/output/ING-20260812-0422
/home/reckless-ideator/Difference-Engine-LEGACY-STALE-DECOMPOSED/LEGACY-Unsorted/99_UTILITIES/Ingestion/Workflow_Service_Registry_Specification_v0.1.md	01022be4babc84ccdd5a4236c12b6a932f0a06286a5e0afc1c183256aecd1fb5	6000	LIVE_CANONICAL	STAGE29	/home/reckless-ideator/Difference-Engine/workspace/operational/ingestion/output/ING-20260812-0423
/home/reckless-ideator/Difference-Engine-LEGACY-STALE-DECOMPOSED/LEGACY-Unsorted/99_UTILITIES/Ingestion/Workflow_Service_Resilience_Specification_v0.1.md	f988b92617afbb39f957b2b8d4dcef9aa58bd85e0c7052e18be3dc2ad1d51b58	7522	LIVE_CANONICAL	STAGE29	/home/reckless-ideator/Difference-Engine/workspace/operational/ingestion/output/ING-20260812-0424
/home/reckless-ideator/Difference-Engine-LEGACY-STALE-DECOMPOSED/LEGACY-Unsorted/99_UTILITIES/Ingestion/Workflow_Service_Routing_Specification_v0.1.md	6508a051ccb131fc2acb8dcbb3cf3de10efc84d3d0a091d9aa5ae567b2d21096	7486	LIVE_CANONICAL	STAGE29	/home/reckless-ideator/Difference-Engine/workspace/operational/ingestion/output/ING-20260812-0425
/home/reckless-ideator/Difference-Engine-LEGACY-STALE-DECOMPOSED/LEGACY-Unsorted/99_UTILITIES/Ingestion/Workflow_Service_Scaling_Specification_v0.1.md	ee2cc20d81a0fcb5335d44bf74c118ae63b3ab52e520fbaa183755560b37bb9b	7950	LIVE_CANONICAL	STAGE29	/home/reckless-ideator/Difference-Engine/workspace/operational/ingestion/output/ING-20260812-0426
/home/reckless-ideator/Difference-Engine-LEGACY-STALE-DECOMPOSED/LEGACY-Unsorted/99_UTILITIES/Ingestion/Workflow_Service_Scheduling_Specification_v0.1.md	b8a5e3f2ae6ed5549c5e251cd1bde10c5458e95f6da13bb075a7e52b771d9923	7675	LIVE_CANONICAL	STAGE29	/home/reckless-ideator/Difference-Engine/workspace/operational/ingestion/output/ING-20260812-0427
/home/reckless-ideator/Difference-Engine-LEGACY-STALE-DECOMPOSED/LEGACY-Unsorted/99_UTILITIES/Ingestion/Workflow_State_Machine_Specification_v0.1.md	3de4f8bc79964d006de92b926f9ba915f8ba1b55d6a2e3ce76433226791e6526	5195	LIVE_CANONICAL	STAGE29	/home/reckless-ideator/Difference-Engine/workspace/operational/ingestion/output/ING-20260812-0428
/home/reckless-ideator/Difference-Engine-LEGACY-STALE-DECOMPOSED/LEGACY-Unsorted/99_UTILITIES/Ingestion/Workflow_Versioning_Specification_v0.1.md	e7d2de995256ab6051b1da975565e9d394558681db04c899f8904f5195b7e80c	5941	LIVE_CANONICAL	STAGE29	/home/reckless-ideator/Difference-Engine/workspace/operational/ingestion/output/ING-20260812-0429
/home/reckless-ideator/Difference-Engine-LEGACY-STALE-DECOMPOSED/LEGACY-Unsorted/99_UTILITIES/Naming/FILE_NAMING.md	1c89429b8cb91982b561cca431fddbb3d93f8fb2fb3f8676f0d88e69b71bc103	1026	LIVE_CANONICAL	STAGE29	/home/reckless-ideator/Difference-Engine/workspace/operational/ingestion/output/ING-20260812-0430
/home/reckless-ideator/Difference-Engine-LEGACY-STALE-DECOMPOSED/LEGACY-Unsorted/99_UTILITIES/README.md	59a5451b82116fbbf5b6501bce38dd6ce228fbc7b26a54b99ec4b9735881c7c8	438	LIVE_CANONICAL	STAGE29	/home/reckless-ideator/Difference-Engine/workspace/operational/ingestion/output/ING-20260812-0431
/home/reckless-ideator/Difference-Engine-LEGACY-STALE-DECOMPOSED/LEGACY-Unsorted/99_UTILITIES/Scripts/README.md	142a4ba667e430021a16210580cf6ecbd96bf6b06d7e7af5aeb5bf516551acea	1020	LIVE_CANONICAL	STAGE29	/home/reckless-ideator/Difference-Engine/workspace/operational/ingestion/output/ING-20260812-0432
/home/reckless-ideator/Difference-Engine-LEGACY-STALE-DECOMPOSED/LEGACY-Unsorted/99_UTILITIES/Templates/ADR.template.md	50db31c05132b08999fc718b55ed4b3e32fd49a07f2bffbf9c703cdb64dce3d7	623	LIVE_CANONICAL	STAGE29	/home/reckless-ideator/Difference-Engine/workspace/operational/ingestion/output/ING-20260812-0433
/home/reckless-ideator/Difference-Engine-LEGACY-STALE-DECOMPOSED/LEGACY-Unsorted/99_UTILITIES/Templates/ARC.template.md	9a11ef4b081b3259529927dae64ee85e0f1a22e7ca13664381e195a4a7426d20	730	LIVE_CANONICAL	STAGE29	/home/reckless-ideator/Difference-Engine/workspace/operational/ingestion/output/ING-20260812-0434
/home/reckless-ideator/Difference-Engine-LEGACY-STALE-DECOMPOSED/LEGACY-Unsorted/99_UTILITIES/Templates/GOV.template.md	d2440337c059fc47ba5161f2a053310b128b7c85abc7b5932d13a34acfaa200a	545	LIVE_CANONICAL	STAGE29	/home/reckless-ideator/Difference-Engine/workspace/operational/ingestion/output/ING-20260812-0435
/home/reckless-ideator/Difference-Engine-LEGACY-STALE-DECOMPOSED/LEGACY-Unsorted/99_UTILITIES/Templates/PUB.template.md	503dd2c0f290aa5369b8de3a919550c5c8591596172bc3eefe48672bc91e5674	524	LIVE_CANONICAL	STAGE29	/home/reckless-ideator/Difference-Engine/workspace/operational/ingestion/output/ING-20260812-0436
/home/reckless-ideator/Difference-Engine-LEGACY-STALE-DECOMPOSED/LEGACY-Unsorted/99_UTILITIES/Templates/SPEC.template.md	eea7dec2f182df4f296e6bd5493af18a3e032f08660830f69ca690c9c527cddd	797	LIVE_CANONICAL	STAGE29	/home/reckless-ideator/Difference-Engine/workspace/operational/ingestion/output/ING-20260812-0437
/home/reckless-ideator/Difference-Engine-LEGACY-STALE-DECOMPOSED/LEGACY-Unsorted/ADE_Constitution_v1.4.md	3252209105c671f3c980c6294f5c39ac22201b9b5ad592b6167754994adfbff3	1249	LIVE_CANONICAL	STAGE29	/home/reckless-ideator/Difference-Engine/workspace/operational/ingestion/output/ING-20260812-0438
/home/reckless-ideator/Difference-Engine-LEGACY-STALE-DECOMPOSED/LEGACY-Unsorted/ADE_REPOSITORY_FILES.txt	9cf3af631478588e5990e34437d547a60d5ff3363eb174df89cf57399b826892	44951	HELD_BACK_TXT_SOURCE_DEFICIENT	STAGE43	missing_title
/home/reckless-ideator/Difference-Engine-LEGACY-STALE-DECOMPOSED/LEGACY-Unsorted/ADE_REPOSITORY_TREE (1).txt	18256a57006229a0d05280a0f1a3c6e29a9e05cf0eeff0df8966090942b8a0b7	2268	HELD_BACK_TXT_SOURCE_DEFICIENT	STAGE43	missing_title
/home/reckless-ideator/Difference-Engine-LEGACY-STALE-DECOMPOSED/LEGACY-Unsorted/ADE_REPOSITORY_TREE.txt	18256a57006229a0d05280a0f1a3c6e29a9e05cf0eeff0df8966090942b8a0b7	2268	HELD_BACK_TXT_SOURCE_DEFICIENT	STAGE43	missing_title
/home/reckless-ideator/Difference-Engine-LEGACY-STALE-DECOMPOSED/LEGACY-Unsorted/ADE_REPOSITORY_TREE_FULL.txt	758c6899a59c25d6d602c658e3738d24b0d711e61c482cf667f4d2073c53637d	53680	HELD_BACK_TXT_SOURCE_DEFICIENT	STAGE43	missing_title
/home/reckless-ideator/Difference-Engine-LEGACY-STALE-DECOMPOSED/LEGACY-Unsorted/Accountability Authority Graph.md	a4bec94b5f7101b26c248a241785fbbfd2f624fa353a976d9c4c9f7c414da5d2	741	LIVE_CANONICAL	STAGE29	/home/reckless-ideator/Difference-Engine/workspace/operational/ingestion/output/ING-20260812-0439
/home/reckless-ideator/Difference-Engine-LEGACY-STALE-DECOMPOSED/LEGACY-Unsorted/Artifact Header.md	57c4d94223149a0a46cb4221ce8550733fe02200c9fbb15b3a5fdd4251003c54	333	LIVE_CANONICAL	STAGE29	/home/reckless-ideator/Difference-Engine/workspace/operational/ingestion/output/ING-20260812-0440
/home/reckless-ideator/Difference-Engine-LEGACY-STALE-DECOMPOSED/LEGACY-Unsorted/BLUEPRINT.md	45456f0df12c1072d761755ef212424021f6926095f4fb89f49de8d84ca05051	24956	LIVE_CANONICAL	STAGE29	/home/reckless-ideator/Difference-Engine/workspace/operational/ingestion/output/ING-20260812-0441
/home/reckless-ideator/Difference-Engine-LEGACY-STALE-DECOMPOSED/LEGACY-Unsorted/BLUEPRINT_v2.0_RESTORATION.md	8037e96aa2088d5144bb824070f231c7efed4a9e3c5e3f1d462ba4f6ff31b520	775	LIVE_CANONICAL	STAGE29	/home/reckless-ideator/Difference-Engine/workspace/operational/ingestion/output/ING-20260812-0442
/home/reckless-ideator/Difference-Engine-LEGACY-STALE-DECOMPOSED/LEGACY-Unsorted/BOOTSTRAP-Difference-Engine-Branch-IV-Operations-ADE-Execution.md	9cea14f31bb33aa398afea98d6c9c5eaa704b5144c7d0329954f35b4e2b1c3ae	13263	LIVE_CANONICAL	STAGE29	/home/reckless-ideator/Difference-Engine/workspace/operational/ingestion/output/ING-20260812-0443
/home/reckless-ideator/Difference-Engine-LEGACY-STALE-DECOMPOSED/LEGACY-Unsorted/BOOTSTRAP.md	b0cf08df1f88f055bf1897cb7664d222f34862a12b38b6bab11402ec504dfb7a	374	LIVE_CANONICAL	STAGE29	/home/reckless-ideator/Difference-Engine/workspace/operational/ingestion/output/ING-20260812-0444
/home/reckless-ideator/Difference-Engine-LEGACY-STALE-DECOMPOSED/LEGACY-Unsorted/BOOTSTRAP_CONTEXT_SNAPSHOT_Part_02.md	7d59765ae6d1fd05b9f86e5d454d48a6f29de81d9ca849a6dd27ccaba348f5e6	5093	LIVE_CANONICAL	STAGE29	/home/reckless-ideator/Difference-Engine/workspace/operational/ingestion/output/ING-20260812-0445
/home/reckless-ideator/Difference-Engine-LEGACY-STALE-DECOMPOSED/LEGACY-Unsorted/BRANCH-NOMENCLATURE-LOCK-v1.0.0.md	ee6770d602a3c4c7dd9caf09576d820770b64774f65c3cfc56bd1e4fb679be9a	4933	LIVE_CANONICAL	STAGE29	/home/reckless-ideator/Difference-Engine/workspace/operational/ingestion/output/ING-20260812-0446
/home/reckless-ideator/Difference-Engine-LEGACY-STALE-DECOMPOSED/LEGACY-Unsorted/Bootstrap-RC2.md	3994624aa320bac6760021484ad1ed7e6cae0065da8129236e0c0cf4873949a9	4623	LIVE_CANONICAL	STAGE29	/home/reckless-ideator/Difference-Engine/workspace/operational/ingestion/output/ING-20260812-0447
/home/reckless-ideator/Difference-Engine-LEGACY-STALE-DECOMPOSED/LEGACY-Unsorted/Branch_V_ Human_Interface.md	15b2fdae9af9301cc9e72ba51c32f19b7e8bffa9b0bd64547522ec74915afd07	1214	HELD_BACK_MARKDOWN_SOURCE_DEFICIENT	STAGE41	missing_title
/home/reckless-ideator/Difference-Engine-LEGACY-STALE-DECOMPOSED/LEGACY-Unsorted/CA_Execution_Chunking_Standard.md	bc2ba238a6d4d1528ba37dc0de5023970d21a050c5494803e5d71ebb2d805152	1848	LIVE_CANONICAL	STAGE29	/home/reckless-ideator/Difference-Engine/workspace/operational/ingestion/output/ING-20260812-0448
/home/reckless-ideator/Difference-Engine-LEGACY-STALE-DECOMPOSED/LEGACY-Unsorted/CLAUDE START HERE/ACP-0001_Foundation_Gamma_v1.4.md	705533b8a98c0939370174a190595d0eae58afa02e642a016e540f06f1f93135	895	LIVE_CANONICAL	STAGE29	/home/reckless-ideator/Difference-Engine/workspace/operational/ingestion/output/ING-20260812-0449
/home/reckless-ideator/Difference-Engine-LEGACY-STALE-DECOMPOSED/LEGACY-Unsorted/CLAUDE START HERE/ACTIVE_STATE_SNAPSHOT_v1.4.md	1bb255bec02c8e014e57386473a882066d6ff7191a5eb15dc14a988490e8ab07	1394	LIVE_CANONICAL	STAGE29	/home/reckless-ideator/Difference-Engine/workspace/operational/ingestion/output/ING-20260812-0450
/home/reckless-ideator/Difference-Engine-LEGACY-STALE-DECOMPOSED/LEGACY-Unsorted/CLAUDE START HERE/ADE_Constitution_v1.4.md	3252209105c671f3c980c6294f5c39ac22201b9b5ad592b6167754994adfbff3	1249	LIVE_CANONICAL	STAGE29	/home/reckless-ideator/Difference-Engine/workspace/operational/ingestion/output/ING-20260812-0451
/home/reckless-ideator/Difference-Engine-LEGACY-STALE-DECOMPOSED/LEGACY-Unsorted/CLAUDE START HERE/ARTIFACT_POLICY.md	33f328ae5da428b748a1f413df629e3284c7148e123f8aae48f5c48235e9401a	275	LIVE_CANONICAL	STAGE29	/home/reckless-ideator/Difference-Engine/workspace/operational/ingestion/output/ING-20260812-0452
/home/reckless-ideator/Difference-Engine-LEGACY-STALE-DECOMPOSED/LEGACY-Unsorted/CLAUDE START HERE/AUTOMATION_POLICY.md	1b1920bc1157c01bb60673ed61971933c19ea314f3f7de6479a66bd64790a55a	370	LIVE_CANONICAL	STAGE29	/home/reckless-ideator/Difference-Engine/workspace/operational/ingestion/output/ING-20260812-0453
/home/reckless-ideator/Difference-Engine-LEGACY-STALE-DECOMPOSED/LEGACY-Unsorted/CLAUDE START HERE/BLUEPRINT_v2.0_RESTORATION.md	8037e96aa2088d5144bb824070f231c7efed4a9e3c5e3f1d462ba4f6ff31b520	775	LIVE_CANONICAL	STAGE29	/home/reckless-ideator/Difference-Engine/workspace/operational/ingestion/output/ING-20260812-0454
/home/reckless-ideator/Difference-Engine-LEGACY-STALE-DECOMPOSED/LEGACY-Unsorted/CLAUDE START HERE/BOOTSTRAP_v1.4.md	9e4b323a7618f641e2338b261516d83083e07fdb0fded7160ff8ec2a305e761f	263	LIVE_CANONICAL	STAGE29	/home/reckless-ideator/Difference-Engine/workspace/operational/ingestion/output/ING-20260812-0455
/home/reckless-ideator/Difference-Engine-LEGACY-STALE-DECOMPOSED/LEGACY-Unsorted/CLAUDE START HERE/CHANGELOG.md	f201555f0ec595a6d25af7c3f1a97943fa00d45d65050b1bac7ed1270fed31cd	285	LIVE_CANONICAL	STAGE29	/home/reckless-ideator/Difference-Engine/workspace/operational/ingestion/output/ING-20260812-0456
/home/reckless-ideator/Difference-Engine-LEGACY-STALE-DECOMPOSED/LEGACY-Unsorted/CLAUDE START HERE/CHANGELOG_v1.4.md	a553e14dbf239a32975680d1ebed3c77cfed5c69620d1c31a191e50711be3936	243	LIVE_CANONICAL	STAGE29	/home/reckless-ideator/Difference-Engine/workspace/operational/ingestion/output/ING-20260812-0457
/home/reckless-ideator/Difference-Engine-LEGACY-STALE-DECOMPOSED/LEGACY-Unsorted/CLAUDE START HERE/CLAUDE_FOUNDATIONAL_ROADMAP.txt	61b224b7961dc7102e9e3a6cceda0a201de2ff2723a8814160382e589bba4838	9587	LIVE_CANONICAL	STAGE45	/home/reckless-ideator/Difference-Engine/workspace/operational/ingestion/output/ING-20260812-0672
/home/reckless-ideator/Difference-Engine-LEGACY-STALE-DECOMPOSED/LEGACY-Unsorted/CLAUDE START HERE/CODE_OF_CONDUCT.md	fe738f138364b53a08b48250e223140d026d30c5f1c961a8e14066dce8e22597	232	LIVE_CANONICAL	STAGE29	/home/reckless-ideator/Difference-Engine/workspace/operational/ingestion/output/ING-20260812-0458
/home/reckless-ideator/Difference-Engine-LEGACY-STALE-DECOMPOSED/LEGACY-Unsorted/CLAUDE START HERE/CONSTITUTIONAL_AMENDMENT_FULL_ARTIFACTS.md	a9ea576ff34bbacf171431a45e5eee0ac05b7ea5b2e173f4d20210c62ca6e32e	1829	LIVE_CANONICAL	STAGE29	/home/reckless-ideator/Difference-Engine/workspace/operational/ingestion/output/ING-20260812-0459
/home/reckless-ideator/Difference-Engine-LEGACY-STALE-DECOMPOSED/LEGACY-Unsorted/CLAUDE START HERE/CONTRIBUTING.md	30a4e472639fd72e031bd27ff1b0d95048176c1c726b164a4b4f41e20d4cf2b3	350	LIVE_CANONICAL	STAGE29	/home/reckless-ideator/Difference-Engine/workspace/operational/ingestion/output/ING-20260812-0460
/home/reckless-ideator/Difference-Engine-LEGACY-STALE-DECOMPOSED/LEGACY-Unsorted/CLAUDE START HERE/Claude Network Drop Protocol .txt	01d72103b87e2f91dda0496e3f71de39312118702fab255d13563279ed02eabb	208	HELD_BACK_TXT_SOURCE_DEFICIENT	STAGE43	missing_title
/home/reckless-ideator/Difference-Engine-LEGACY-STALE-DECOMPOSED/LEGACY-Unsorted/CLAUDE START HERE/DECISION_POLICY.md	75ac0dfa3848d5460d24a81798f50ef6d179218678e0e01a35c3b87257d9fd06	304	LIVE_CANONICAL	STAGE29	/home/reckless-ideator/Difference-Engine/workspace/operational/ingestion/output/ING-20260812-0461
/home/reckless-ideator/Difference-Engine-LEGACY-STALE-DECOMPOSED/LEGACY-Unsorted/CLAUDE START HERE/EVIDENCE_STANDARD.md	e2878edfafe691ef94f5a8c361e79971a18dc5fd028180c9044bfdef92896ab2	272	LIVE_CANONICAL	STAGE29	/home/reckless-ideator/Difference-Engine/workspace/operational/ingestion/output/ING-20260812-0462
/home/reckless-ideator/Difference-Engine-LEGACY-STALE-DECOMPOSED/LEGACY-Unsorted/CLAUDE START HERE/Execution_Sprint_1.json	2a5586f03b5420c25f6a7694f41d29260157b586863ee91abeff48097cc98fc6	592	LIVE_CANONICAL	STAGE29	/home/reckless-ideator/Difference-Engine/workspace/operational/ingestion/output/ING-20260812-0463
/home/reckless-ideator/Difference-Engine-LEGACY-STALE-DECOMPOSED/LEGACY-Unsorted/CLAUDE START HERE/GLOSSARY.md	90dc12651a7d27e24a068e5146f01866ada6ee24745c52d04582df5332691d64	488	LIVE_CANONICAL	STAGE29	/home/reckless-ideator/Difference-Engine/workspace/operational/ingestion/output/ING-20260812-0464
/home/reckless-ideator/Difference-Engine-LEGACY-STALE-DECOMPOSED/LEGACY-Unsorted/CLAUDE START HERE/Handbook_Project_Organization(1).txt	cef88692bf17e556bc1ab5f819a90c450de91234e6e054d4eb8a67f5bc94d2cc	138388	HELD_BACK_TXT_SOURCE_DEFICIENT	STAGE43	missing_title
/home/reckless-ideator/Difference-Engine-LEGACY-STALE-DECOMPOSED/LEGACY-Unsorted/CLAUDE START HERE/IMPORT_POLICY(1).md	e886cd6f8784c75c0971535b6ebe6fb4da1c1c915cce2e85d44525f4cab90069	113	LIVE_CANONICAL	STAGE29	/home/reckless-ideator/Difference-Engine/workspace/operational/ingestion/output/ING-20260812-0465
/home/reckless-ideator/Difference-Engine-LEGACY-STALE-DECOMPOSED/LEGACY-Unsorted/CLAUDE START HERE/INDEX.md	0f10ab7067dd3e48d578369dc70bce0da737a24cfac21f68897e5403b04f084f	573	LIVE_CANONICAL	STAGE29	/home/reckless-ideator/Difference-Engine/workspace/operational/ingestion/output/ING-20260812-0466
/home/reckless-ideator/Difference-Engine-LEGACY-STALE-DECOMPOSED/LEGACY-Unsorted/CLAUDE START HERE/INDEX_v1.3.md	a452ecc97cb0caccbe74d910046385b907706c3405aa16dc82bdb30c7dcb891e	278	LIVE_CANONICAL	STAGE29	/home/reckless-ideator/Difference-Engine/workspace/operational/ingestion/output/ING-20260812-0467
/home/reckless-ideator/Difference-Engine-LEGACY-STALE-DECOMPOSED/LEGACY-Unsorted/CLAUDE START HERE/INDEX_v1.4.md	2d8acd73c51f6c602d85d12b850fd60eb56099b56754a8b3eae41464c688cf82	135	LIVE_CANONICAL	STAGE29	/home/reckless-ideator/Difference-Engine/workspace/operational/ingestion/output/ING-20260812-0468
/home/reckless-ideator/Difference-Engine-LEGACY-STALE-DECOMPOSED/LEGACY-Unsorted/CLAUDE START HERE/INDEX_v1.4_REVISED.md	3e43573c59704e2a3ab55fac1031271a14958758eb9b341f9458f14f826f8f67	255	LIVE_CANONICAL	STAGE29	/home/reckless-ideator/Difference-Engine/workspace/operational/ingestion/output/ING-20260812-0469
/home/reckless-ideator/Difference-Engine-LEGACY-STALE-DECOMPOSED/LEGACY-Unsorted/CLAUDE START HERE/INDEX_v1.4_REVISION.md	3e3b990d7825ccdd520462a8d5099454417dfc8f84f2d149fd6609ae35636142	279	LIVE_CANONICAL	STAGE29	/home/reckless-ideator/Difference-Engine/workspace/operational/ingestion/output/ING-20260812-0470
/home/reckless-ideator/Difference-Engine-LEGACY-STALE-DECOMPOSED/LEGACY-Unsorted/CLAUDE START HERE/KNOWLEDGE_MANAGEMENT.md	6cfa6ee077af4e7ac490977adffc1147b36868a542c8ff7e6da11d4a9f2d2d4e	215	LIVE_CANONICAL	STAGE29	/home/reckless-ideator/Difference-Engine/workspace/operational/ingestion/output/ING-20260812-0471
/home/reckless-ideator/Difference-Engine-LEGACY-STALE-DECOMPOSED/LEGACY-Unsorted/CLAUDE START HERE/Kernel_Manifest_v2.1.json	fd51437ed73944cbd8206c73616dd52493f1ebb2aaa71d62ba3a25423c848982	391	LIVE_CANONICAL	STAGE29	/home/reckless-ideator/Difference-Engine/workspace/operational/ingestion/output/ING-20260812-0472
/home/reckless-ideator/Difference-Engine-LEGACY-STALE-DECOMPOSED/LEGACY-Unsorted/CLAUDE START HERE/LICENSE.md	d92008e9524939967754476aad971ceee26e71f9c5d0d3155b63438817bbf615	126	LIVE_CANONICAL	STAGE29	/home/reckless-ideator/Difference-Engine/workspace/operational/ingestion/output/ING-20260812-0473
/home/reckless-ideator/Difference-Engine-LEGACY-STALE-DECOMPOSED/LEGACY-Unsorted/CLAUDE START HERE/Last_chat_before_starting_new_project.docx.md	ab64432fc5b43dd7429479178b87a96f47d37fa4f27e6a5838beb268881c9fc6	22166	HELD_BACK_MARKDOWN_SOURCE_DEFICIENT	STAGE41	missing_title
/home/reckless-ideator/Difference-Engine-LEGACY-STALE-DECOMPOSED/LEGACY-Unsorted/CLAUDE START HERE/MAJOR_PP_0003.json	11bb25d28b57c973bd1277898f514694c492a395e36177dc1da86029514f2237	1258	LIVE_CANONICAL	STAGE29	/home/reckless-ideator/Difference-Engine/workspace/operational/ingestion/output/ING-20260812-0474
/home/reckless-ideator/Difference-Engine-LEGACY-STALE-DECOMPOSED/LEGACY-Unsorted/CLAUDE START HERE/MANIFEST.md	8aa1aaf44396abb29bda2a9b44fba9e25bf8c42b6a15c23797bb5b3ac1ae15cb	351	LIVE_CANONICAL	STAGE29	/home/reckless-ideator/Difference-Engine/workspace/operational/ingestion/output/ING-20260812-0475
/home/reckless-ideator/Difference-Engine-LEGACY-STALE-DECOMPOSED/LEGACY-Unsorted/CLAUDE START HERE/Master_Conversations_1-18-part-1.docx.md	36d32597864053a212dee6d467b8c9bb5f7112df4b6f457f408847aa3590607c	315103	HELD_BACK_MARKDOWN_SOURCE_DEFICIENT	STAGE41	missing_title
/home/reckless-ideator/Difference-Engine-LEGACY-STALE-DECOMPOSED/LEGACY-Unsorted/CLAUDE START HERE/Master_Conversations_18-20-part-2.docx.md	2ad0a6e9db4c5448c48bc94266a641c385b75df463a418ebb5ea0aded991d3d3	160992	HELD_BACK_MARKDOWN_SOURCE_DEFICIENT	STAGE41	missing_title
/home/reckless-ideator/Difference-Engine-LEGACY-STALE-DECOMPOSED/LEGACY-Unsorted/CLAUDE START HERE/Master_Conversations_Unparsed_v1.json	cd4d35b29e3e8cc42f0258c333e8abdd5f5c94aa3e142392d4c6022629ca1894	493507	LIVE_CANONICAL	STAGE29	/home/reckless-ideator/Difference-Engine/workspace/operational/ingestion/output/ING-20260812-0476
/home/reckless-ideator/Difference-Engine-LEGACY-STALE-DECOMPOSED/LEGACY-Unsorted/CLAUDE START HERE/NAMING_CONVENTIONS.md	544e0370d0fd43ec4021942100f1f1c30f807ba448dd300450bc03fc92e7edd5	330	LIVE_CANONICAL	STAGE29	/home/reckless-ideator/Difference-Engine/workspace/operational/ingestion/output/ING-20260812-0477
/home/reckless-ideator/Difference-Engine-LEGACY-STALE-DECOMPOSED/LEGACY-Unsorted/CLAUDE START HERE/PLUGIN_POLICY.md	dfcf436c45dc48aba87d53ed1711ef83718b2494eda1d1252dcbce854b7a9900	2938	LIVE_CANONICAL	STAGE29	/home/reckless-ideator/Difference-Engine/workspace/operational/ingestion/output/ING-20260812-0478
/home/reckless-ideator/Difference-Engine-LEGACY-STALE-DECOMPOSED/LEGACY-Unsorted/CLAUDE START HERE/PP-0004.json	e5baecc04ee8f4482e514ef718ae77ffff2e7f933550f3c606c7baa11471d4ee	814	LIVE_CANONICAL	STAGE29	/home/reckless-ideator/Difference-Engine/workspace/operational/ingestion/output/ING-20260812-0479
/home/reckless-ideator/Difference-Engine-LEGACY-STALE-DECOMPOSED/LEGACY-Unsorted/CLAUDE START HERE/PP-0008.json	df893df3f33f7509b6cd267eab09548224ed57ab27a7058fbc3638a027051b71	1024	LIVE_CANONICAL	STAGE29	/home/reckless-ideator/Difference-Engine/workspace/operational/ingestion/output/ING-20260812-0480
/home/reckless-ideator/Difference-Engine-LEGACY-STALE-DECOMPOSED/LEGACY-Unsorted/CLAUDE START HERE/PP-0008_Bundle_Manifest.json	222df17a80cdd8a947f9d4334efc0ad88bfe2b61cb6b5f5c9f55bdab3c2c49d3	438	LIVE_CANONICAL	STAGE29	/home/reckless-ideator/Difference-Engine/workspace/operational/ingestion/output/ING-20260812-0481
/home/reckless-ideator/Difference-Engine-LEGACY-STALE-DECOMPOSED/LEGACY-Unsorted/CLAUDE START HERE/PP-0054_Phase_Shift_Living_Repository_v1.0.json	8f8cb33ba711a1d9bb9cb445586cafbfbf3461d9ebdd0b26a609c0eb85d682c5	329	LIVE_CANONICAL	STAGE29	/home/reckless-ideator/Difference-Engine/workspace/operational/ingestion/output/ING-20260812-0482
/home/reckless-ideator/Difference-Engine-LEGACY-STALE-DECOMPOSED/LEGACY-Unsorted/CLAUDE START HERE/PP-0058-MAJOR.json	fc4d8cd0604c57d6d781c90f816ca833541f6b97288ba439c80df8cfcb2a0072	879	LIVE_CANONICAL	STAGE29	/home/reckless-ideator/Difference-Engine/workspace/operational/ingestion/output/ING-20260812-0483
/home/reckless-ideator/Difference-Engine-LEGACY-STALE-DECOMPOSED/LEGACY-Unsorted/CLAUDE START HERE/PP-0058-Manifest.json	7ceac0fd2062fee02d8df5c7d2882e0e2335ea0bd18a9070f8935e278ab4a8b9	157	LIVE_CANONICAL	STAGE29	/home/reckless-ideator/Difference-Engine/workspace/operational/ingestion/output/ING-20260812-0484
/home/reckless-ideator/Difference-Engine-LEGACY-STALE-DECOMPOSED/LEGACY-Unsorted/CLAUDE START HERE/PP-0058-Principles.json	79db27459cf1e2c1c1fa8eb7eaa2a9ba53c76eb93550e1d6d8c8613b69f35352	490	LIVE_CANONICAL	STAGE29	/home/reckless-ideator/Difference-Engine/workspace/operational/ingestion/output/ING-20260812-0485
/home/reckless-ideator/Difference-Engine-LEGACY-STALE-DECOMPOSED/LEGACY-Unsorted/CLAUDE START HERE/PRINCIPLES.md	7e50b2e9448ec6c05224c98de06f20c57dfb16d33a4ddb5f3297d0eb1d52b840	395	LIVE_CANONICAL	STAGE29	/home/reckless-ideator/Difference-Engine/workspace/operational/ingestion/output/ING-20260812-0486
/home/reckless-ideator/Difference-Engine-LEGACY-STALE-DECOMPOSED/LEGACY-Unsorted/CLAUDE START HERE/PROJECT_LIFECYCLE.md	55e9c068f49729e9ac42b346a8097310ca67c7ca646300dfbe7241b36c587ab3	259	LIVE_CANONICAL	STAGE29	/home/reckless-ideator/Difference-Engine/workspace/operational/ingestion/output/ING-20260812-0487
/home/reckless-ideator/Difference-Engine-LEGACY-STALE-DECOMPOSED/LEGACY-Unsorted/CLAUDE START HERE/QUALITY_STANDARD.md	1876540878e768014bf8119ddf26e1aaa9a7e28505c1a00f8e75c62dff2420bd	246	LIVE_CANONICAL	STAGE29	/home/reckless-ideator/Difference-Engine/workspace/operational/ingestion/output/ING-20260812-0488
/home/reckless-ideator/Difference-Engine-LEGACY-STALE-DECOMPOSED/LEGACY-Unsorted/CLAUDE START HERE/RC1-0000_Master_Manifest_GOLD_MASTER_v1.2.0_FROZEN.json	8f2cd1c855f3111f4f94b5323de7914bb0d0ff431a04fca54600731855b85ab1	2113	LIVE_CANONICAL	STAGE29	/home/reckless-ideator/Difference-Engine/workspace/operational/ingestion/output/ING-20260812-0489
/home/reckless-ideator/Difference-Engine-LEGACY-STALE-DECOMPOSED/LEGACY-Unsorted/CLAUDE START HERE/RC1-0001_Repository_Constitution_GOLD_v1.2.0.json	3ffb5d31931ef55ad79d7523a591541e74c404bafc3e6fe733d949d8bd317d8d	2983	LIVE_CANONICAL	STAGE29	/home/reckless-ideator/Difference-Engine/workspace/operational/ingestion/output/ING-20260812-0490
/home/reckless-ideator/Difference-Engine-LEGACY-STALE-DECOMPOSED/LEGACY-Unsorted/CLAUDE START HERE/RC1-0002_Constitutional_Amendments_Ledger_GOLD_v1.2.0.json	f6d356ccb94ef0fcfe0a2a599247d2e1aa8fdaa78ca3d5a83d9c01adb38653cb	2151	LIVE_CANONICAL	STAGE29	/home/reckless-ideator/Difference-Engine/workspace/operational/ingestion/output/ING-20260812-0491
/home/reckless-ideator/Difference-Engine-LEGACY-STALE-DECOMPOSED/LEGACY-Unsorted/CLAUDE START HERE/RC1-0003_Governance_Framework_GOLD_v1.2.0.json	64cbb804a6624f56fa4bafc27431733f048c92a348d336a1f35271f13235bac3	2172	LIVE_CANONICAL	STAGE29	/home/reckless-ideator/Difference-Engine/workspace/operational/ingestion/output/ING-20260812-0492
/home/reckless-ideator/Difference-Engine-LEGACY-STALE-DECOMPOSED/LEGACY-Unsorted/CLAUDE START HERE/RC1-0004_Constitutional_Registry_GOLD_v1.2.0.json	f634977863cf3f95c91a4e9e1fcc8c30e9d90910cc1860b70e672a87ef386b93	2184	LIVE_CANONICAL	STAGE29	/home/reckless-ideator/Difference-Engine/workspace/operational/ingestion/output/ING-20260812-0493
/home/reckless-ideator/Difference-Engine-LEGACY-STALE-DECOMPOSED/LEGACY-Unsorted/CLAUDE START HERE/RC1-0005_Validation_Framework_GOLD_v1.2.0.json	2b65fc8a3fced28e06034df0b9727cc6d5fc848bccd0ae8ca7ab3c6832f45f26	2271	LIVE_CANONICAL	STAGE29	/home/reckless-ideator/Difference-Engine/workspace/operational/ingestion/output/ING-20260812-0494
/home/reckless-ideator/Difference-Engine-LEGACY-STALE-DECOMPOSED/LEGACY-Unsorted/CLAUDE START HERE/README.md	def9231359b86dfedb9f2d4b2c583b87f2f51ef1562c54b28df3783f1677c2ee	538	LIVE_CANONICAL	STAGE29	/home/reckless-ideator/Difference-Engine/workspace/operational/ingestion/output/ING-20260812-0495
/home/reckless-ideator/Difference-Engine-LEGACY-STALE-DECOMPOSED/LEGACY-Unsorted/CLAUDE START HERE/RECOVERY_MANIFEST(1).md	c9f1355ad243238dd08a34a3b86917a6341c4997f38b4da0c9f5c1013f9b5980	116	LIVE_CANONICAL	STAGE29	/home/reckless-ideator/Difference-Engine/workspace/operational/ingestion/output/ING-20260812-0496
/home/reckless-ideator/Difference-Engine-LEGACY-STALE-DECOMPOSED/LEGACY-Unsorted/CLAUDE START HERE/RECOVERY_POLICY.md	b1fe29c421e7897be1048e0dd8f043e626638f457c6de98d4c2d31322e620eea	201	LIVE_CANONICAL	STAGE29	/home/reckless-ideator/Difference-Engine/workspace/operational/ingestion/output/ING-20260812-0497
/home/reckless-ideator/Difference-Engine-LEGACY-STALE-DECOMPOSED/LEGACY-Unsorted/CLAUDE START HERE/REPOSITORY_CHARTER.md	b0ff8673f4750d95941c9ab5cf5999d629ae47a8b898c36331a7bb09c47f93f9	640	LIVE_CANONICAL	STAGE29	/home/reckless-ideator/Difference-Engine/workspace/operational/ingestion/output/ING-20260812-0498
/home/reckless-ideator/Difference-Engine-LEGACY-STALE-DECOMPOSED/LEGACY-Unsorted/CLAUDE START HERE/REPOSITORY_GOVERNANCE.md	c3a758597e69de84917f9f62ef01b7a66769f3111abd39b4395c2b568fe717df	461	LIVE_CANONICAL	STAGE29	/home/reckless-ideator/Difference-Engine/workspace/operational/ingestion/output/ING-20260812-0499
/home/reckless-ideator/Difference-Engine-LEGACY-STALE-DECOMPOSED/LEGACY-Unsorted/CLAUDE START HERE/REPOSITORY_STRUCTURE.md	c598896a77ee9023a0eeaabd9facb07df66883973b303a73e674d11a3d42b614	674	LIVE_CANONICAL	STAGE29	/home/reckless-ideator/Difference-Engine/workspace/operational/ingestion/output/ING-20260812-0500
/home/reckless-ideator/Difference-Engine-LEGACY-STALE-DECOMPOSED/LEGACY-Unsorted/CLAUDE START HERE/ROADMAP.md	d8aff4f86d77611b3089f7b323aa801cea7a43486769e8ffe5a7cb8c6f353f8c	495	LIVE_CANONICAL	STAGE29	/home/reckless-ideator/Difference-Engine/workspace/operational/ingestion/output/ING-20260812-0501
/home/reckless-ideator/Difference-Engine-LEGACY-STALE-DECOMPOSED/LEGACY-Unsorted/CLAUDE START HERE/ROADMAP_v1.3.md	d14de71be14311c7c50864b4d0f28bf7b279e1de39d6e1a47202b13ad7310e01	347	LIVE_CANONICAL	STAGE29	/home/reckless-ideator/Difference-Engine/workspace/operational/ingestion/output/ING-20260812-0502
/home/reckless-ideator/Difference-Engine-LEGACY-STALE-DECOMPOSED/LEGACY-Unsorted/CLAUDE START HERE/ROADMAP_v1.4.md	13b5d2072ea28bf2a3a9e7717d22f3d91431cbf7bac20a0c967434b0ce9bd508	162	LIVE_CANONICAL	STAGE29	/home/reckless-ideator/Difference-Engine/workspace/operational/ingestion/output/ING-20260812-0503
/home/reckless-ideator/Difference-Engine-LEGACY-STALE-DECOMPOSED/LEGACY-Unsorted/CLAUDE START HERE/ROADMAP_v1.4_REVISED.md	4c227a49de39c486bcf5f32387d1c7ba4c2a19b2457428e4169337c59ae2179b	229	LIVE_CANONICAL	STAGE29	/home/reckless-ideator/Difference-Engine/workspace/operational/ingestion/output/ING-20260812-0504
/home/reckless-ideator/Difference-Engine-LEGACY-STALE-DECOMPOSED/LEGACY-Unsorted/CLAUDE START HERE/ROADMAP_v1.4_REVISION.md	922b510c5ceaa74843bde7a3e14c5f6cdabec728f4dc8cde03e14a6d625b1d06	148	LIVE_CANONICAL	STAGE29	/home/reckless-ideator/Difference-Engine/workspace/operational/ingestion/output/ING-20260812-0505
/home/reckless-ideator/Difference-Engine-LEGACY-STALE-DECOMPOSED/LEGACY-Unsorted/CLAUDE START HERE/ROADMAP_v2.0_RESTORATION.md	7cb54b6e686ee22921f382b212c9ec1b0727666ef4f037572b618ba1f43c4cda	475	LIVE_CANONICAL	STAGE29	/home/reckless-ideator/Difference-Engine/workspace/operational/ingestion/output/ING-20260812-0506
/home/reckless-ideator/Difference-Engine-LEGACY-STALE-DECOMPOSED/LEGACY-Unsorted/CLAUDE START HERE/SECURITY.md	5801ed6cb73fa0240eb051ca432f5a479cc59f2545d1ae78eb58e9916d5a9bb5	244	LIVE_CANONICAL	STAGE29	/home/reckless-ideator/Difference-Engine/workspace/operational/ingestion/output/ING-20260812-0507
/home/reckless-ideator/Difference-Engine-LEGACY-STALE-DECOMPOSED/LEGACY-Unsorted/CLAUDE START HERE/STARTUP_PROCEDURE_v1.0.md	d9730bd6ae7c5c1d54c19f68578cffe120c21421f8bb0b979c132bd50a1a33bf	1342	LIVE_CANONICAL	STAGE29	/home/reckless-ideator/Difference-Engine/workspace/operational/ingestion/output/ING-20260812-0508
/home/reckless-ideator/Difference-Engine-LEGACY-STALE-DECOMPOSED/LEGACY-Unsorted/CLAUDE START HERE/SYSTEM_BOOTSTRAP_v2.0_CHATGPT.md	b426cb626bad898ee2c8fabc06a0e7047554146450f9f2316b6140aebf5bf984	2260	LIVE_CANONICAL	STAGE29	/home/reckless-ideator/Difference-Engine/workspace/operational/ingestion/output/ING-20260812-0509
/home/reckless-ideator/Difference-Engine-LEGACY-STALE-DECOMPOSED/LEGACY-Unsorted/CLAUDE START HERE/Traversal_Ledger_v0.1.json	91fad2d4d4f79d6e88b6e38a4ef633cc6b8b268370565ebcfa91285c2e3a7eda	698	LIVE_CANONICAL	STAGE29	/home/reckless-ideator/Difference-Engine/workspace/operational/ingestion/output/ING-20260812-0510
/home/reckless-ideator/Difference-Engine-LEGACY-STALE-DECOMPOSED/LEGACY-Unsorted/CLAUDE START HERE/UPDATE FIRST PJT INSTRCT CONS  LAWS FOR CLAUDE.txt	6009ac64c240e6a6ef212412726febf160139b4ee398be515fc1808b55241491	1448	HELD_BACK_TXT_SOURCE_DEFICIENT	STAGE43	missing_title
/home/reckless-ideator/Difference-Engine-LEGACY-STALE-DECOMPOSED/LEGACY-Unsorted/CLAUDE START HERE/VERSIONING_POLICY.md	706ccb81387af354ef0ab0624571e5b9e5ec45e038dd14ca3a28670498f0814a	278	LIVE_CANONICAL	STAGE29	/home/reckless-ideator/Difference-Engine/workspace/operational/ingestion/output/ING-20260812-0511
/home/reckless-ideator/Difference-Engine-LEGACY-STALE-DECOMPOSED/LEGACY-Unsorted/CLAUDE START HERE/forensic_parser_workflow_start.json	57739d401d170ba08463d45abd86161c50c1edb72ec046193cb28a46f086a7f0	7633	LIVE_CANONICAL	STAGE29	/home/reckless-ideator/Difference-Engine/workspace/operational/ingestion/output/ING-20260812-0512
/home/reckless-ideator/Difference-Engine-LEGACY-STALE-DECOMPOSED/LEGACY-Unsorted/CLAUDE START HERE/oh.md	01ba4719c80b6fe911b091a7c05124b64eeece964e09c058ef8f9805daca546b	1	HELD_BACK_MARKDOWN_SOURCE_DEFICIENT	STAGE41	missing_title
/home/reckless-ideator/Difference-Engine-LEGACY-STALE-DECOMPOSED/LEGACY-Unsorted/Canonical Evaluation Function.md	f5a505e7bcda6896c7c44854979ce583460c660de750a2f946b0ca419d229b04	409	LIVE_CANONICAL	STAGE29	/home/reckless-ideator/Difference-Engine/workspace/operational/ingestion/output/ING-20260812-0513
/home/reckless-ideator/Difference-Engine-LEGACY-STALE-DECOMPOSED/LEGACY-Unsorted/Complete Epistemic Persona.md	10bb565dd086cbe23df8152618cdf26759764d0fb5c1399531773107999a80ac	723	HELD_BACK_MARKDOWN_SOURCE_DEFICIENT	STAGE41	missing_title
/home/reckless-ideator/Difference-Engine-LEGACY-STALE-DECOMPOSED/LEGACY-Unsorted/Conservation_First_Archaeology.md	78283340b0e5453167bb39723841dd1d51d54e082b6655153547023099a8c841	152	HELD_BACK_MARKDOWN_SOURCE_DEFICIENT	STAGE41	missing_title
/home/reckless-ideator/Difference-Engine-LEGACY-STALE-DECOMPOSED/LEGACY-Unsorted/Constitutional_Convergence_Report.md	e72c487c5b5b46b5cef5a1092f2b7917d10a5fe71942cb52ca4d886ea6324857	41722	HELD_BACK_MARKDOWN_SOURCE_DEFICIENT	STAGE41	missing_title
/home/reckless-ideator/Difference-Engine-LEGACY-STALE-DECOMPOSED/LEGACY-Unsorted/DIFFERENCE_ENGINE_ROADMAP.md	4e8803a8905f07909986cae026e0a150276dac17d93bcd9f2e8a7f5a0b8052ef	13620	LIVE_CANONICAL	STAGE29	/home/reckless-ideator/Difference-Engine/workspace/operational/ingestion/output/ING-20260812-0514
/home/reckless-ideator/Difference-Engine-LEGACY-STALE-DECOMPOSED/LEGACY-Unsorted/Difference Engine Assistant Charter (Draft).txt	adda2525f27fc75a137790e3ab821609a0d5d2335c891e3397664859378e5be7	7881	HELD_BACK_TXT_SOURCE_DEFICIENT	STAGE43	missing_title
/home/reckless-ideator/Difference-Engine-LEGACY-STALE-DECOMPOSED/LEGACY-Unsorted/Difference Engine Branch IV Operations Bootstrap-RC1.0.0.md	271f39a11b81d6d556a3e6f77e9a5168bc8e7c7373e4dca3dcde135edb6b1588	10594	LIVE_CANONICAL	STAGE29	/home/reckless-ideator/Difference-Engine/workspace/operational/ingestion/output/ING-20260812-0515
/home/reckless-ideator/Difference-Engine-LEGACY-STALE-DECOMPOSED/LEGACY-Unsorted/Difference-Engine Gubmint Cheese.txt	e6260a8c5fbb44af9e6c95c05ba2cbe518b31d79029dc6982ebad14e4f6dda77	18668	HELD_BACK_TXT_SOURCE_DEFICIENT	STAGE43	missing_user_turn
/home/reckless-ideator/Difference-Engine-LEGACY-STALE-DECOMPOSED/LEGACY-Unsorted/Difference-Engine_Const2.md	e3b0c44298fc1c149afbf4c8996fb92427ae41e4649b934ca495991b7852b855	0	HELD_BACK_MARKDOWN_SOURCE_DEFICIENT	STAGE41	missing_title
/home/reckless-ideator/Difference-Engine-LEGACY-STALE-DECOMPOSED/LEGACY-Unsorted/Difference_Engine_Operational_Bedrock_Synthesis_v0.1.0.md	70da378a724b2ad0d22cfbe39c2950ce4496b42197392964e314e36a6cdb4771	31273	LIVE_CANONICAL	STAGE29	/home/reckless-ideator/Difference-Engine/workspace/operational/ingestion/output/ING-20260812-0516
/home/reckless-ideator/Difference-Engine-LEGACY-STALE-DECOMPOSED/LEGACY-Unsorted/Difference_Engine_Steward_Governance_Master.md	363599ea525bd793101325409d2a3d06d099a6153ccfd473945dd2fd079a3aa5	1738	HELD_BACK_MARKDOWN_SOURCE_DEFICIENT	STAGE41	missing_title
/home/reckless-ideator/Difference-Engine-LEGACY-STALE-DECOMPOSED/LEGACY-Unsorted/Difference_Engine____Branch_III____Integration.txt	e3e1f2f5b80db46a0942efa1a1fb20e7bba0060a487f6c764000cac292ef7280	702026	LIVE_CANONICAL	STAGE45	/home/reckless-ideator/Difference-Engine/workspace/operational/ingestion/output/ING-20260812-0673
/home/reckless-ideator/Difference-Engine-LEGACY-STALE-DECOMPOSED/LEGACY-Unsorted/Difference_Engine____Branch_II____Research.txt	05ad3b363b2b1c0bedd8bd2b0ffa1a25dbb912e8ec8e858d2befa79e7a232ed7	103140	HELD_BACK_TXT_SOURCE_DEFICIENT	STAGE43	missing_title
/home/reckless-ideator/Difference-Engine-LEGACY-STALE-DECOMPOSED/LEGACY-Unsorted/Difference_Engine____Branch_IV____Operations.txt	ef20992be9eeb05fd0bad187a2b4c97ff4b07544b4206c865600d4f60966587d	151240	HELD_BACK_TXT_SOURCE_DEFICIENT	STAGE43	missing_title
/home/reckless-ideator/Difference-Engine-LEGACY-STALE-DECOMPOSED/LEGACY-Unsorted/Difference____Engine____Branch_IV_Operations_ADE_E.txt	be12e955411196399652800ba8b11e805ab56dde869bd0e9f43aa364cbb2b9b1	281121	LIVE_CANONICAL	STAGE45	/home/reckless-ideator/Difference-Engine/workspace/operational/ingestion/output/ING-20260812-0674
/home/reckless-ideator/Difference-Engine-LEGACY-STALE-DECOMPOSED/LEGACY-Unsorted/Difference____Engine____Branch_V____Human_Imterfac.txt	cf1ee389ec7c33f7ba4a9b989568ab8685d1aa771222763da15151ec5691e191	136277	LIVE_CANONICAL	STAGE45	/home/reckless-ideator/Difference-Engine/workspace/operational/ingestion/output/ING-20260812-0675
/home/reckless-ideator/Difference-Engine-LEGACY-STALE-DECOMPOSED/LEGACY-Unsorted/Discovery Log.txt	086114b6fa0bb7f1f2e948407f0b31265d79043b7e1b06a0b45897281136cbdb	2764	HELD_BACK_TXT_SOURCE_DEFICIENT	STAGE43	missing_title
/home/reckless-ideator/Difference-Engine-LEGACY-STALE-DECOMPOSED/LEGACY-Unsorted/Evidence_Transformation_Specification_v1.0.json	e5c9b0eebeb37726ffda0b130ae0ca99e969e9856fe416e19d42d08adf096e3d	401	LIVE_CANONICAL	STAGE29	/home/reckless-ideator/Difference-Engine/workspace/operational/ingestion/output/ING-20260812-0517
/home/reckless-ideator/Difference-Engine-LEGACY-STALE-DECOMPOSED/LEGACY-Unsorted/FPA-0001-CanonicalVocabulary.json	3993eeb0f18e39448e0d6842d4ad63e24a6b9046e46f1cb5f2123e0210703bc6	901	LIVE_CANONICAL	STAGE29	/home/reckless-ideator/Difference-Engine/workspace/operational/ingestion/output/ING-20260812-0518
/home/reckless-ideator/Difference-Engine-LEGACY-STALE-DECOMPOSED/LEGACY-Unsorted/FPA-0002-SpecificationFramework.json	225aa2ed28bc264513ac3cfebc522166a6f31880d257a563835ae7dbe282be9a	848	LIVE_CANONICAL	STAGE29	/home/reckless-ideator/Difference-Engine/workspace/operational/ingestion/output/ING-20260812-0519
/home/reckless-ideator/Difference-Engine-LEGACY-STALE-DECOMPOSED/LEGACY-Unsorted/FPA-0003-CanonicalArtifactOntology.json	c79a273debf1fdcd62a2075e31a58a063e2c545d8acfc7dcaedbfd206bc8e27c	768	LIVE_CANONICAL	STAGE29	/home/reckless-ideator/Difference-Engine/workspace/operational/ingestion/output/ING-20260812-0520
/home/reckless-ideator/Difference-Engine-LEGACY-STALE-DECOMPOSED/LEGACY-Unsorted/FRAMEWORK_LOCK_7_31_26.md	8e48ed1dd578f8d40f6db3da03f2079dc3f8644eb5ea1a9a7709b8cffbc99ffa	3361	HELD_BACK_MARKDOWN_SOURCE_DEFICIENT	STAGE41	missing_title
/home/reckless-ideator/Difference-Engine-LEGACY-STALE-DECOMPOSED/LEGACY-Unsorted/Facet Conversation.md	73073c0ee20fdd4a72fef5cd8d586646db53b8023a033f953d100f5f61ecb453	16151	LIVE_CANONICAL	STAGE29	/home/reckless-ideator/Difference-Engine/workspace/operational/ingestion/output/ING-20260812-0521
/home/reckless-ideator/Difference-Engine-LEGACY-STALE-DECOMPOSED/LEGACY-Unsorted/Files on the Motorola G Power 21.md	eb1f470022194ca92bf253e61eda01b9c633be7f3f56d08804f8daad86002f94	26103	HELD_BACK_MARKDOWN_SOURCE_DEFICIENT	STAGE41	missing_title
/home/reckless-ideator/Difference-Engine-LEGACY-STALE-DECOMPOSED/LEGACY-Unsorted/For_Emily___Homework.txt	f5018d64e658e1e31b48001c46f6fefc68c3648ec8eef585be5754a21230d7ba	8963	HELD_BACK_TXT_SOURCE_DEFICIENT	STAGE43	missing_title
/home/reckless-ideator/Difference-Engine-LEGACY-STALE-DECOMPOSED/LEGACY-Unsorted/Foundation_Summit_001.md	98eb247eff3f308ff3598f737ab28639f3651b63dcb42ae2307bc97f304f20a0	4098	LIVE_CANONICAL	STAGE29	/home/reckless-ideator/Difference-Engine/workspace/operational/ingestion/output/ING-20260812-0522
/home/reckless-ideator/Difference-Engine-LEGACY-STALE-DECOMPOSED/LEGACY-Unsorted/From Human Interface.md	e3b0c44298fc1c149afbf4c8996fb92427ae41e4649b934ca495991b7852b855	0	HELD_BACK_MARKDOWN_SOURCE_DEFICIENT	STAGE41	missing_title
/home/reckless-ideator/Difference-Engine-LEGACY-STALE-DECOMPOSED/LEGACY-Unsorted/GPT Creation Injection 2..txt	5ab6b957377bccea2248646988cc69946e6af096ef7c82a1e786ef25dcfbbe9c	22254	HELD_BACK_TXT_SOURCE_DEFICIENT	STAGE43	missing_title
/home/reckless-ideator/Difference-Engine-LEGACY-STALE-DECOMPOSED/LEGACY-Unsorted/GPT Creation Injection 3.txt	ae2a925d8c105f2b1e6c8e7ca1cf88f5879a0e8c459c421f32f4cf0284bfa9e7	10366	HELD_BACK_TXT_SOURCE_DEFICIENT	STAGE43	missing_title
/home/reckless-ideator/Difference-Engine-LEGACY-STALE-DECOMPOSED/LEGACY-Unsorted/GPT Creation Injection.txt	38078dd076c06e9923b6eea909e1c4bde1e3272c2f727a1ec8358194d49c2693	22635	HELD_BACK_TXT_SOURCE_DEFICIENT	STAGE43	missing_title
/home/reckless-ideator/Difference-Engine-LEGACY-STALE-DECOMPOSED/LEGACY-Unsorted/HEAD_STEWARD.md	e3b0c44298fc1c149afbf4c8996fb92427ae41e4649b934ca495991b7852b855	0	HELD_BACK_MARKDOWN_SOURCE_DEFICIENT	STAGE41	missing_title
/home/reckless-ideator/Difference-Engine-LEGACY-STALE-DECOMPOSED/LEGACY-Unsorted/Head Steward.txt	8380397cb349207949d3b2b1d4db413b33a413a717bce3b72516418561c2c950	4145	HELD_BACK_TXT_SOURCE_DEFICIENT	STAGE43	missing_title
/home/reckless-ideator/Difference-Engine-LEGACY-STALE-DECOMPOSED/LEGACY-Unsorted/Head_Steward_v0.9.md	795196b37d72cc0ce53bb7a459a3193bad3310629c904c5eb04c24ec53cde54b	1854	HELD_BACK_MARKDOWN_SOURCE_DEFICIENT	STAGE41	missing_title
/home/reckless-ideator/Difference-Engine-LEGACY-STALE-DECOMPOSED/LEGACY-Unsorted/Inactive____Difference_Engine____Branch_IV____Oper.txt	c4f3625282886400227255fc6169cd57c1672f9e753a4baefd5cefda06b31dd6	332138	LIVE_CANONICAL	STAGE45	/home/reckless-ideator/Difference-Engine/workspace/operational/ingestion/output/ING-20260812-0676
/home/reckless-ideator/Difference-Engine-LEGACY-STALE-DECOMPOSED/LEGACY-Unsorted/Instituonal Knowledge Graph.md	b458831af80466e7692ad80ccd564b6b8b61d4e0695f7b7bd6d7ca6e304a1f76	873	LIVE_CANONICAL	STAGE29	/home/reckless-ideator/Difference-Engine/workspace/operational/ingestion/output/ING-20260812-0523
/home/reckless-ideator/Difference-Engine-LEGACY-STALE-DECOMPOSED/LEGACY-Unsorted/Instituonal Memory.md	0c762ed9217c01087eff1fee434f7219305ac2c2960bf8461aad3ca0ecfab956	768	LIVE_CANONICAL	STAGE29	/home/reckless-ideator/Difference-Engine/workspace/operational/ingestion/output/ING-20260812-0524
/home/reckless-ideator/Difference-Engine-LEGACY-STALE-DECOMPOSED/LEGACY-Unsorted/Institutional Governance Corpus.md	a9a22bb2046b30cfe34408adb6320eeab0cf174d3873bfd6c7c4df0ae21a7871	951	LIVE_CANONICAL	STAGE29	/home/reckless-ideator/Difference-Engine/workspace/operational/ingestion/output/ING-20260812-0525
/home/reckless-ideator/Difference-Engine-LEGACY-STALE-DECOMPOSED/LEGACY-Unsorted/Institutional Optimization Function.md	67d7f3022a6d03907f78ad572363275817282929ede5bd21cd7ba09f308e07de	333	LIVE_CANONICAL	STAGE29	/home/reckless-ideator/Difference-Engine/workspace/operational/ingestion/output/ING-20260812-0526
/home/reckless-ideator/Difference-Engine-LEGACY-STALE-DECOMPOSED/LEGACY-Unsorted/JSON-Unsorted/.cg/editor/breakpoints.json	4f53cda18c2baa0c0354bb5f9a3ecbe5ed12ab4d8e11ba873c2f11161202b945	2	LIVE_CANONICAL	STAGE29	/home/reckless-ideator/Difference-Engine/workspace/operational/ingestion/output/ING-20260812-0527
/home/reckless-ideator/Difference-Engine-LEGACY-STALE-DECOMPOSED/LEGACY-Unsorted/JSON-Unsorted/ALT_Specification_v1.0.json	02a68dceb72def71d7542ef63e2857d52170401b30b9059422c1cf2b7df72ba4	466	LIVE_CANONICAL	STAGE29	/home/reckless-ideator/Difference-Engine/workspace/operational/ingestion/output/ING-20260812-0528
/home/reckless-ideator/Difference-Engine-LEGACY-STALE-DECOMPOSED/LEGACY-Unsorted/JSON-Unsorted/AUDIT_STATE_PP0001.json	ac930a1b12c55f88907c5b52bbf526d0ad6bfb0549df5e292e2f833002542322	344	LIVE_CANONICAL	STAGE29	/home/reckless-ideator/Difference-Engine/workspace/operational/ingestion/output/ING-20260812-0529
/home/reckless-ideator/Difference-Engine-LEGACY-STALE-DECOMPOSED/LEGACY-Unsorted/JSON-Unsorted/BUR_Specification_v1.0-1.json	5eb24c8a5a989816dd5ee934915e7b26d69b82c71bc8bee707108ccb14f6e867	434	LIVE_CANONICAL	STAGE29	/home/reckless-ideator/Difference-Engine/workspace/operational/ingestion/output/ING-20260812-0530
/home/reckless-ideator/Difference-Engine-LEGACY-STALE-DECOMPOSED/LEGACY-Unsorted/JSON-Unsorted/BUR_Specification_v1.0-2.json	5eb24c8a5a989816dd5ee934915e7b26d69b82c71bc8bee707108ccb14f6e867	434	LIVE_CANONICAL	STAGE29	/home/reckless-ideator/Difference-Engine/workspace/operational/ingestion/output/ING-20260812-0531
/home/reckless-ideator/Difference-Engine-LEGACY-STALE-DECOMPOSED/LEGACY-Unsorted/JSON-Unsorted/BUR_Specification_v1.0.json	5eb24c8a5a989816dd5ee934915e7b26d69b82c71bc8bee707108ccb14f6e867	434	LIVE_CANONICAL	STAGE29	/home/reckless-ideator/Difference-Engine/workspace/operational/ingestion/output/ING-20260812-0532
/home/reckless-ideator/Difference-Engine-LEGACY-STALE-DECOMPOSED/LEGACY-Unsorted/JSON-Unsorted/CA-0003.json	d3539732ba57c2b8d4e06e7ab056b7a3502e7ec04112cac6a831e688bbaa87c0	91	LIVE_CANONICAL	STAGE29	/home/reckless-ideator/Difference-Engine/workspace/operational/ingestion/output/ING-20260812-0533
/home/reckless-ideator/Difference-Engine-LEGACY-STALE-DECOMPOSED/LEGACY-Unsorted/JSON-Unsorted/CA-0004.json	0e20cb780025b8096a606e3495a3ab025f4635be008faa3ae149b077d7c021c4	84	LIVE_CANONICAL	STAGE29	/home/reckless-ideator/Difference-Engine/workspace/operational/ingestion/output/ING-20260812-0534
/home/reckless-ideator/Difference-Engine-LEGACY-STALE-DECOMPOSED/LEGACY-Unsorted/JSON-Unsorted/CNF-0001.json	c7c21deaf8dde4c5ae66c022c2b164de5d9218636679fdf0301d037f4fa8a470	366	LIVE_CANONICAL	STAGE29	/home/reckless-ideator/Difference-Engine/workspace/operational/ingestion/output/ING-20260812-0535
/home/reckless-ideator/Difference-Engine-LEGACY-STALE-DECOMPOSED/LEGACY-Unsorted/JSON-Unsorted/CTX_Specification_v1.0.json	156637b281eca9f43eb1c309e935f08f458eae2d75c209cb1785e2b785104ff4	490	LIVE_CANONICAL	STAGE29	/home/reckless-ideator/Difference-Engine/workspace/operational/ingestion/output/ING-20260812-0536
/home/reckless-ideator/Difference-Engine-LEGACY-STALE-DECOMPOSED/LEGACY-Unsorted/JSON-Unsorted/ENT_Specification_v1.0.json	810f00ef12317b5d87692cc14ad660980beb194b8b2ba43172ab11d56ac5c5af	521	LIVE_CANONICAL	STAGE29	/home/reckless-ideator/Difference-Engine/workspace/operational/ingestion/output/ING-20260812-0537
/home/reckless-ideator/Difference-Engine-LEGACY-STALE-DECOMPOSED/LEGACY-Unsorted/JSON-Unsorted/ENV_Specification_v1.0-1.json	482d69a868b37caf40beceb60d17d87dfd849373611f765b6d03f9664f4e635b	416	LIVE_CANONICAL	STAGE29	/home/reckless-ideator/Difference-Engine/workspace/operational/ingestion/output/ING-20260812-0538
/home/reckless-ideator/Difference-Engine-LEGACY-STALE-DECOMPOSED/LEGACY-Unsorted/JSON-Unsorted/ENV_Specification_v1.0.json	482d69a868b37caf40beceb60d17d87dfd849373611f765b6d03f9664f4e635b	416	LIVE_CANONICAL	STAGE29	/home/reckless-ideator/Difference-Engine/workspace/operational/ingestion/output/ING-20260812-0539
/home/reckless-ideator/Difference-Engine-LEGACY-STALE-DECOMPOSED/LEGACY-Unsorted/JSON-Unsorted/EXECUTION_QUEUE_PP0001.json	913a11394344e4cf7f7c87f2dae8bf9e980871d3ec9e0c576afafaf466968bd0	204	LIVE_CANONICAL	STAGE29	/home/reckless-ideator/Difference-Engine/workspace/operational/ingestion/output/ING-20260812-0540
/home/reckless-ideator/Difference-Engine-LEGACY-STALE-DECOMPOSED/LEGACY-Unsorted/JSON-Unsorted/Evidence_Transformation_Specification_v1.0.json	e5c9b0eebeb37726ffda0b130ae0ca99e969e9856fe416e19d42d08adf096e3d	401	LIVE_CANONICAL	STAGE29	/home/reckless-ideator/Difference-Engine/workspace/operational/ingestion/output/ING-20260812-0541
/home/reckless-ideator/Difference-Engine-LEGACY-STALE-DECOMPOSED/LEGACY-Unsorted/JSON-Unsorted/Execution_Queue_PP0005.json	0ca76467a1c1d26d66725af0ec1ca028a2f8e74a1278b6f51e7cf2e3021f0170	232	LIVE_CANONICAL	STAGE29	/home/reckless-ideator/Difference-Engine/workspace/operational/ingestion/output/ING-20260812-0542
/home/reckless-ideator/Difference-Engine-LEGACY-STALE-DECOMPOSED/LEGACY-Unsorted/JSON-Unsorted/Execution_Queue_PP0006.json	92aebbe66db15a131d77657d4c765a284363dfd76c4de4408d59ca77e3c6cf9f	233	LIVE_CANONICAL	STAGE29	/home/reckless-ideator/Difference-Engine/workspace/operational/ingestion/output/ING-20260812-0543
/home/reckless-ideator/Difference-Engine-LEGACY-STALE-DECOMPOSED/LEGACY-Unsorted/JSON-Unsorted/Execution_Sprint_1.json	2a5586f03b5420c25f6a7694f41d29260157b586863ee91abeff48097cc98fc6	592	LIVE_CANONICAL	STAGE29	/home/reckless-ideator/Difference-Engine/workspace/operational/ingestion/output/ING-20260812-0544
/home/reckless-ideator/Difference-Engine-LEGACY-STALE-DECOMPOSED/LEGACY-Unsorted/JSON-Unsorted/Execution_Sprint_1_Update.json	08a3a5f9db8a13eebed12f9ee3475ae73f411a224d20e61a7e122c113843466d	256	LIVE_CANONICAL	STAGE29	/home/reckless-ideator/Difference-Engine/workspace/operational/ingestion/output/ING-20260812-0545
/home/reckless-ideator/Difference-Engine-LEGACY-STALE-DECOMPOSED/LEGACY-Unsorted/JSON-Unsorted/Execution_State_v0.2.json	f3540563c22f9f1a15e14c2d64af950eac9be95cd58d0237da2d0f5e638de596	266	LIVE_CANONICAL	STAGE29	/home/reckless-ideator/Difference-Engine/workspace/operational/ingestion/output/ING-20260812-0546
/home/reckless-ideator/Difference-Engine-LEGACY-STALE-DECOMPOSED/LEGACY-Unsorted/JSON-Unsorted/GAP_Specification_v1.0.json	286d89bc91759e22015c3ef9274725bd3007a6dadb2b5deec1dff76245a93ee7	448	LIVE_CANONICAL	STAGE29	/home/reckless-ideator/Difference-Engine/workspace/operational/ingestion/output/ING-20260812-0547
/home/reckless-ideator/Difference-Engine-LEGACY-STALE-DECOMPOSED/LEGACY-Unsorted/JSON-Unsorted/Kernel_Manifest_v2.1.json	fd51437ed73944cbd8206c73616dd52493f1ebb2aaa71d62ba3a25423c848982	391	LIVE_CANONICAL	STAGE29	/home/reckless-ideator/Difference-Engine/workspace/operational/ingestion/output/ING-20260812-0548
/home/reckless-ideator/Difference-Engine-LEGACY-STALE-DECOMPOSED/LEGACY-Unsorted/JSON-Unsorted/Kernel_Manifest_v2.json	c78db926e497ab7fe8bae17ff3999f4385192ca120309a907e8a8dc2bebe5cfc	303	LIVE_CANONICAL	STAGE29	/home/reckless-ideator/Difference-Engine/workspace/operational/ingestion/output/ING-20260812-0549
/home/reckless-ideator/Difference-Engine-LEGACY-STALE-DECOMPOSED/LEGACY-Unsorted/JSON-Unsorted/MAJOR_PP_0001.json	544d236dae0f888ff984166b7f6828fe2d258f5514bd2b37fe14a063716ccfed	933	LIVE_CANONICAL	STAGE29	/home/reckless-ideator/Difference-Engine/workspace/operational/ingestion/output/ING-20260812-0550
/home/reckless-ideator/Difference-Engine-LEGACY-STALE-DECOMPOSED/LEGACY-Unsorted/JSON-Unsorted/MAJOR_PP_0002.json	ed0893a5adaf72d37bf07342724ab33063abdcdd8aa21a6132ee26f728f26148	1325	LIVE_CANONICAL	STAGE29	/home/reckless-ideator/Difference-Engine/workspace/operational/ingestion/output/ING-20260812-0551
/home/reckless-ideator/Difference-Engine-LEGACY-STALE-DECOMPOSED/LEGACY-Unsorted/JSON-Unsorted/MAJOR_PP_0003.json	11bb25d28b57c973bd1277898f514694c492a395e36177dc1da86029514f2237	1258	LIVE_CANONICAL	STAGE29	/home/reckless-ideator/Difference-Engine/workspace/operational/ingestion/output/ING-20260812-0552
/home/reckless-ideator/Difference-Engine-LEGACY-STALE-DECOMPOSED/LEGACY-Unsorted/JSON-Unsorted/Master_Conversations_Unparsed_v1.json	cd4d35b29e3e8cc42f0258c333e8abdd5f5c94aa3e142392d4c6022629ca1894	493507	LIVE_CANONICAL	STAGE29	/home/reckless-ideator/Difference-Engine/workspace/operational/ingestion/output/ING-20260812-0553
/home/reckless-ideator/Difference-Engine-LEGACY-STALE-DECOMPOSED/LEGACY-Unsorted/JSON-Unsorted/OBS_Specification_v1.0.json	c37da6c2abc5ec13caff4baea771cc56e5623a3a6ca0fba83df54387f8f232ef	802	LIVE_CANONICAL	STAGE29	/home/reckless-ideator/Difference-Engine/workspace/operational/ingestion/output/ING-20260812-0554
/home/reckless-ideator/Difference-Engine-LEGACY-STALE-DECOMPOSED/LEGACY-Unsorted/JSON-Unsorted/OUT_Specification_v1.0.json	a1a751118f5569d55942931dec5dc9435eaa035811d6cab4efd37e07457a7a1e	465	LIVE_CANONICAL	STAGE29	/home/reckless-ideator/Difference-Engine/workspace/operational/ingestion/output/ING-20260812-0555
/home/reckless-ideator/Difference-Engine-LEGACY-STALE-DECOMPOSED/LEGACY-Unsorted/JSON-Unsorted/PAT_Specification_v1.0.json	c70782cddcea9e5b61cc09b53f5b3682490ac0a8f882c910ec2d395eef0a91f6	455	LIVE_CANONICAL	STAGE29	/home/reckless-ideator/Difference-Engine/workspace/operational/ingestion/output/ING-20260812-0556
/home/reckless-ideator/Difference-Engine-LEGACY-STALE-DECOMPOSED/LEGACY-Unsorted/JSON-Unsorted/PR-0001_Automatic_Transition_Preservation.json	2f1b712adcfb7b67a4087d03827a12a9e540f4cdf2a313fe07f41fd4d9c6ebc0	459	LIVE_CANONICAL	STAGE29	/home/reckless-ideator/Difference-Engine/workspace/operational/ingestion/output/ING-20260812-0557
/home/reckless-ideator/Difference-Engine-LEGACY-STALE-DECOMPOSED/LEGACY-Unsorted/JSON-Unsorted/PR-0002_Incremental_Canonical_Preservation.json	c0eaf338cb2b77ccb3053bce3b8d71de1a4c2f16913d92770a927f1fa9d1e3c0	782	LIVE_CANONICAL	STAGE29	/home/reckless-ideator/Difference-Engine/workspace/operational/ingestion/output/ING-20260812-0558
/home/reckless-ideator/Difference-Engine-LEGACY-STALE-DECOMPOSED/LEGACY-Unsorted/JSON-Unsorted/PR-0003_Continuous_Repository_Indexing.json	542637ec20c0b6f80e240f2e8bbbde1effce2450e653c995636e950ccbfd169b	435	LIVE_CANONICAL	STAGE29	/home/reckless-ideator/Difference-Engine/workspace/operational/ingestion/output/ING-20260812-0559
/home/reckless-ideator/Difference-Engine-LEGACY-STALE-DECOMPOSED/LEGACY-Unsorted/JSON-Unsorted/PR-0004_Conservation_of_Architectural_Work.json	2c8d7fb5f366d588a92942843c97020c760c71f7586aebe274e368caf76a23a8	532	LIVE_CANONICAL	STAGE29	/home/reckless-ideator/Difference-Engine/workspace/operational/ingestion/output/ING-20260812-0560
/home/reckless-ideator/Difference-Engine-LEGACY-STALE-DECOMPOSED/LEGACY-Unsorted/JSON-Unsorted/PR-0005_Architectural_Change_Preservation.json	878b84bcd409a664c4a8edcabfa9f442a670e84dd5d8ecc0dccbd516da9b4f3f	1161	LIVE_CANONICAL	STAGE29	/home/reckless-ideator/Difference-Engine/workspace/operational/ingestion/output/ING-20260812-0561
/home/reckless-ideator/Difference-Engine-LEGACY-STALE-DECOMPOSED/LEGACY-Unsorted/JSON-Unsorted/PR-0006_Canonical_Test_Requirement-1.json	e552980cddab61e2040f58f50fec505a598d99405551bd45f736f862aa5a5fbc	232	LIVE_CANONICAL	STAGE29	/home/reckless-ideator/Difference-Engine/workspace/operational/ingestion/output/ING-20260812-0562
/home/reckless-ideator/Difference-Engine-LEGACY-STALE-DECOMPOSED/LEGACY-Unsorted/JSON-Unsorted/PR-0006_Canonical_Test_Requirement-2.json	e552980cddab61e2040f58f50fec505a598d99405551bd45f736f862aa5a5fbc	232	LIVE_CANONICAL	STAGE29	/home/reckless-ideator/Difference-Engine/workspace/operational/ingestion/output/ING-20260812-0563
/home/reckless-ideator/Difference-Engine-LEGACY-STALE-DECOMPOSED/LEGACY-Unsorted/JSON-Unsorted/PR-INDEX-0001_Draft_0.1_Canonical.json	f532fc5fb191de86d2561615e46edd36982ee08d03ce4c1a7a207b9471cf1cea	933	LIVE_CANONICAL	STAGE29	/home/reckless-ideator/Difference-Engine/workspace/operational/ingestion/output/ING-20260812-0564
/home/reckless-ideator/Difference-Engine-LEGACY-STALE-DECOMPOSED/LEGACY-Unsorted/JSON-Unsorted/PR-INDEX-0001_Draft_0.2_Canonical.json	6bbbe132e7dc0aa73d5761c47c10704bb73256a7a5ccc29619ada6682e69e180	599	LIVE_CANONICAL	STAGE29	/home/reckless-ideator/Difference-Engine/workspace/operational/ingestion/output/ING-20260812-0565
/home/reckless-ideator/Difference-Engine-LEGACY-STALE-DECOMPOSED/LEGACY-Unsorted/JSON-Unsorted/PR-INDEX-0001_Draft_0.3_Update.json	d323f8726813d6423fca6eb89dfea7dce015b14676ad3d3eb1833acbcf7debf1	230	LIVE_CANONICAL	STAGE29	/home/reckless-ideator/Difference-Engine/workspace/operational/ingestion/output/ING-20260812-0566
/home/reckless-ideator/Difference-Engine-LEGACY-STALE-DECOMPOSED/LEGACY-Unsorted/JSON-Unsorted/QST_Specification_v1.0.json	9f13d94cde3c217d84beb964ab78329e3051cfc15546c36313a3e5484f16bd19	433	LIVE_CANONICAL	STAGE29	/home/reckless-ideator/Difference-Engine/workspace/operational/ingestion/output/ING-20260812-0567
/home/reckless-ideator/Difference-Engine-LEGACY-STALE-DECOMPOSED/LEGACY-Unsorted/JSON-Unsorted/REL_Specification_v1.0.json	5afa3bac37a8b147793e6355ff95916942dc01f46bb062cd31b712ac96a32831	332	LIVE_CANONICAL	STAGE29	/home/reckless-ideator/Difference-Engine/workspace/operational/ingestion/output/ING-20260812-0568
/home/reckless-ideator/Difference-Engine-LEGACY-STALE-DECOMPOSED/LEGACY-Unsorted/JSON-Unsorted/REV-0001.json	5f7ef45c10871ae7a1a0695acc72d790cb4ea80d6d23fe2f869d491284777556	417	LIVE_CANONICAL	STAGE29	/home/reckless-ideator/Difference-Engine/workspace/operational/ingestion/output/ING-20260812-0569
/home/reckless-ideator/Difference-Engine-LEGACY-STALE-DECOMPOSED/LEGACY-Unsorted/JSON-Unsorted/REV-0002.json	c9202477ab944f85f72378dc57e70a97751778e8ebc88b0570df8d7dd37d58d1	257	LIVE_CANONICAL	STAGE29	/home/reckless-ideator/Difference-Engine/workspace/operational/ingestion/output/ING-20260812-0570
/home/reckless-ideator/Difference-Engine-LEGACY-STALE-DECOMPOSED/LEGACY-Unsorted/JSON-Unsorted/REV-0005.json	12fd0aed05b34fb0d2f1cd74dc575f5581075a8a11df20c6c861fb2da4d6205c	267	LIVE_CANONICAL	STAGE29	/home/reckless-ideator/Difference-Engine/workspace/operational/ingestion/output/ING-20260812-0571
/home/reckless-ideator/Difference-Engine-LEGACY-STALE-DECOMPOSED/LEGACY-Unsorted/JSON-Unsorted/REV-0006.json	486a1c5fad3071c889536f57bc3546b9a23584bf7300894a3dba130278cd1d3a	218	LIVE_CANONICAL	STAGE29	/home/reckless-ideator/Difference-Engine/workspace/operational/ingestion/output/ING-20260812-0572
/home/reckless-ideator/Difference-Engine-LEGACY-STALE-DECOMPOSED/LEGACY-Unsorted/JSON-Unsorted/Repository_State_PP0004.json	10e64661dedec5fa13282295087ae29d3cd1962ca28ab4d07bb75dee73ff642f	363	LIVE_CANONICAL	STAGE29	/home/reckless-ideator/Difference-Engine/workspace/operational/ingestion/output/ING-20260812-0573
/home/reckless-ideator/Difference-Engine-LEGACY-STALE-DECOMPOSED/LEGACY-Unsorted/JSON-Unsorted/Repository_State_PP0005.json	a3001d61a07e8b874613d66dba0be6cc395dcee1d0977fd17bcb7aa373ecde6c	174	LIVE_CANONICAL	STAGE29	/home/reckless-ideator/Difference-Engine/workspace/operational/ingestion/output/ING-20260812-0574
/home/reckless-ideator/Difference-Engine-LEGACY-STALE-DECOMPOSED/LEGACY-Unsorted/JSON-Unsorted/Repository_State_PP0006.json	aee4fa3b7ca4ab4c4d9b735fafc1de1923c3475c7a141e0ee5adb88aa68bd71b	157	LIVE_CANONICAL	STAGE29	/home/reckless-ideator/Difference-Engine/workspace/operational/ingestion/output/ING-20260812-0575
/home/reckless-ideator/Difference-Engine-LEGACY-STALE-DECOMPOSED/LEGACY-Unsorted/JSON-Unsorted/Repository_State_PP0007.json	1f126351197941a1adeccef8fcd33bebac5d687b24564c6fb12c5088d69d2433	286	LIVE_CANONICAL	STAGE29	/home/reckless-ideator/Difference-Engine/workspace/operational/ingestion/output/ING-20260812-0576
/home/reckless-ideator/Difference-Engine-LEGACY-STALE-DECOMPOSED/LEGACY-Unsorted/JSON-Unsorted/Repository_State_PP0008.json	47324a06a6566d1be42b2788bc6516bcb63284c90e54650dcd0dc88fc2daba88	151	LIVE_CANONICAL	STAGE29	/home/reckless-ideator/Difference-Engine/workspace/operational/ingestion/output/ING-20260812-0577
/home/reckless-ideator/Difference-Engine-LEGACY-STALE-DECOMPOSED/LEGACY-Unsorted/JSON-Unsorted/Runtime_Manifest_v2.2.json	7be46daac70f1dd324b618203f62d10356a46d01e4f7235498bbc8d9305f373a	185	LIVE_CANONICAL	STAGE29	/home/reckless-ideator/Difference-Engine/workspace/operational/ingestion/output/ING-20260812-0578
/home/reckless-ideator/Difference-Engine-LEGACY-STALE-DECOMPOSED/LEGACY-Unsorted/JSON-Unsorted/Runtime_Manifest_v3.0.json	94ff93dbb2ae68d80cf33185ba86a162b016dcf89a833405f918cc6ea70e4205	165	LIVE_CANONICAL	STAGE29	/home/reckless-ideator/Difference-Engine/workspace/operational/ingestion/output/ING-20260812-0579
/home/reckless-ideator/Difference-Engine-LEGACY-STALE-DECOMPOSED/LEGACY-Unsorted/JSON-Unsorted/Runtime_Manifest_v4.0.json	f92c99c85716bbfa227535bde97e30e096f489fbff26310a476ccaccad358bc6	124	LIVE_CANONICAL	STAGE29	/home/reckless-ideator/Difference-Engine/workspace/operational/ingestion/output/ING-20260812-0580
/home/reckless-ideator/Difference-Engine-LEGACY-STALE-DECOMPOSED/LEGACY-Unsorted/JSON-Unsorted/Runtime_Manifest_v5.0.json	0114c907c61cba7df38e6bb8cbf5b40a80aae5da9bee023a496589fd6cf07142	429	LIVE_CANONICAL	STAGE29	/home/reckless-ideator/Difference-Engine/workspace/operational/ingestion/output/ING-20260812-0581
/home/reckless-ideator/Difference-Engine-LEGACY-STALE-DECOMPOSED/LEGACY-Unsorted/JSON-Unsorted/Runtime_Manifest_v6.0.json	222df17a80cdd8a947f9d4334efc0ad88bfe2b61cb6b5f5c9f55bdab3c2c49d3	438	LIVE_CANONICAL	STAGE29	/home/reckless-ideator/Difference-Engine/workspace/operational/ingestion/output/ING-20260812-0582
/home/reckless-ideator/Difference-Engine-LEGACY-STALE-DECOMPOSED/LEGACY-Unsorted/JSON-Unsorted/SPEC-0000_Constitutional_Registry.json	206f2d3d6ac60d7fe4aa7296145402e45b0b9be17850555472fcfc91856cd06d	423	LIVE_CANONICAL	STAGE29	/home/reckless-ideator/Difference-Engine/workspace/operational/ingestion/output/ING-20260812-0583
/home/reckless-ideator/Difference-Engine-LEGACY-STALE-DECOMPOSED/LEGACY-Unsorted/JSON-Unsorted/SPEC-0001_Machine_State_Model.json	cb8c8a2b13614dae7c988bb45df44e276275ad72e65cd3ec55eeeec5a48cc784	649	LIVE_CANONICAL	STAGE29	/home/reckless-ideator/Difference-Engine/workspace/operational/ingestion/output/ING-20260812-0584
/home/reckless-ideator/Difference-Engine-LEGACY-STALE-DECOMPOSED/LEGACY-Unsorted/JSON-Unsorted/SPEC-0002_Error_Exception_Framework.json	da8c39536493f19b0ff5bb46bc155bdf776c0a1ca7a3cbcc6fe871c3c0a979d9	492	LIVE_CANONICAL	STAGE29	/home/reckless-ideator/Difference-Engine/workspace/operational/ingestion/output/ING-20260812-0585
/home/reckless-ideator/Difference-Engine-LEGACY-STALE-DECOMPOSED/LEGACY-Unsorted/JSON-Unsorted/SPEC-0003_v1.0.1.json	9c4720c6b9de417936b431925aafdcd2e9845b38760a78584649379d117b6a85	560	LIVE_CANONICAL	STAGE29	/home/reckless-ideator/Difference-Engine/workspace/operational/ingestion/output/ING-20260812-0586
/home/reckless-ideator/Difference-Engine-LEGACY-STALE-DECOMPOSED/LEGACY-Unsorted/JSON-Unsorted/SPEC-0004_v1.0.0.json	9c1ed0ae9f074bf1fbe28ee676d7eabe1ec9479ca711cb174c1641064ef7a234	395	LIVE_CANONICAL	STAGE29	/home/reckless-ideator/Difference-Engine/workspace/operational/ingestion/output/ING-20260812-0587
/home/reckless-ideator/Difference-Engine-LEGACY-STALE-DECOMPOSED/LEGACY-Unsorted/JSON-Unsorted/SPEC-0005_v1.0.0.json	a1d26a7b76a93b7d72dc2363aca22812bdd8323d6a6087e14a292ca9c045b99d	540	LIVE_CANONICAL	STAGE29	/home/reckless-ideator/Difference-Engine/workspace/operational/ingestion/output/ING-20260812-0588
/home/reckless-ideator/Difference-Engine-LEGACY-STALE-DECOMPOSED/LEGACY-Unsorted/JSON-Unsorted/SPEC-0006_v1.0.0.json	5169618c8a998a23e16f56e3b0ff7cea1ff6be6d57a40ec426dc670f363442e7	503	LIVE_CANONICAL	STAGE29	/home/reckless-ideator/Difference-Engine/workspace/operational/ingestion/output/ING-20260812-0589
/home/reckless-ideator/Difference-Engine-LEGACY-STALE-DECOMPOSED/LEGACY-Unsorted/JSON-Unsorted/SPEC-1004_v1.0.0.json	908f21a35087771f1337643da52b62d70a16834d55af1706dbbcdcde0099fd59	1043	LIVE_CANONICAL	STAGE29	/home/reckless-ideator/Difference-Engine/workspace/operational/ingestion/output/ING-20260812-0590
/home/reckless-ideator/Difference-Engine-LEGACY-STALE-DECOMPOSED/LEGACY-Unsorted/JSON-Unsorted/SPEC-1005_v1.0.0.json	af6ab9876da2f43992f1ca0f2cf3e072ad5e570948c1d10bd11a87839e4f2426	490	LIVE_CANONICAL	STAGE29	/home/reckless-ideator/Difference-Engine/workspace/operational/ingestion/output/ING-20260812-0591
/home/reckless-ideator/Difference-Engine-LEGACY-STALE-DECOMPOSED/LEGACY-Unsorted/JSON-Unsorted/SPEC-2010_v1.0.0-1.json	575a631ac058be0211e7606a1afc0d83a6ab6aa40c728f14cccdd92d17677074	320	LIVE_CANONICAL	STAGE29	/home/reckless-ideator/Difference-Engine/workspace/operational/ingestion/output/ING-20260812-0592
/home/reckless-ideator/Difference-Engine-LEGACY-STALE-DECOMPOSED/LEGACY-Unsorted/JSON-Unsorted/SPEC-4002_v1.0.0.json	5ba40637c17539176d8584e3030fcc16d50a14993211639d6a1f0bd408a425ff	54	LIVE_CANONICAL	STAGE29	/home/reckless-ideator/Difference-Engine/workspace/operational/ingestion/output/ING-20260812-0593
/home/reckless-ideator/Difference-Engine-LEGACY-STALE-DECOMPOSED/LEGACY-Unsorted/JSON-Unsorted/SPEC-4003_v1.0.0.json	b61454cc0d33a2dfdddb694eaae68ca37e375247c5777a82ac7297fa6a268d57	59	LIVE_CANONICAL	STAGE29	/home/reckless-ideator/Difference-Engine/workspace/operational/ingestion/output/ING-20260812-0594
/home/reckless-ideator/Difference-Engine-LEGACY-STALE-DECOMPOSED/LEGACY-Unsorted/JSON-Unsorted/SPEC-4004_v1.0.0.json	c5584caf341134a1623b307f36c191225033375f7d3a55ccc4fbbffa8b629ea2	67	LIVE_CANONICAL	STAGE29	/home/reckless-ideator/Difference-Engine/workspace/operational/ingestion/output/ING-20260812-0595
/home/reckless-ideator/Difference-Engine-LEGACY-STALE-DECOMPOSED/LEGACY-Unsorted/JSON-Unsorted/SPEC-4005_v1.0.0.json	6586c4bdd55266f639d8e33f38247ece6ac8f0c8487869ba6b54cc6d79370494	62	LIVE_CANONICAL	STAGE29	/home/reckless-ideator/Difference-Engine/workspace/operational/ingestion/output/ING-20260812-0596
/home/reckless-ideator/Difference-Engine-LEGACY-STALE-DECOMPOSED/LEGACY-Unsorted/JSON-Unsorted/SPEC-4006_v1.0.0.json	6de6d7173bc857734b099c6ad96a1fbbc643dfdeff898f9ac707810b467ae380	63	LIVE_CANONICAL	STAGE29	/home/reckless-ideator/Difference-Engine/workspace/operational/ingestion/output/ING-20260812-0597
/home/reckless-ideator/Difference-Engine-LEGACY-STALE-DECOMPOSED/LEGACY-Unsorted/JSON-Unsorted/SPEC-5011_v1.0.0.json	e58550ae4b34634cf24e690f78f0729e2f3d6bbc82867e15f74be539d35cf5eb	64	LIVE_CANONICAL	STAGE29	/home/reckless-ideator/Difference-Engine/workspace/operational/ingestion/output/ING-20260812-0598
/home/reckless-ideator/Difference-Engine-LEGACY-STALE-DECOMPOSED/LEGACY-Unsorted/JSON-Unsorted/SPEC-5012_v1.0.0.json	2c4db74617c7e8b8fc0ff2a84f3941f974a667750014082409946340cc5a8ea7	68	LIVE_CANONICAL	STAGE29	/home/reckless-ideator/Difference-Engine/workspace/operational/ingestion/output/ING-20260812-0599
/home/reckless-ideator/Difference-Engine-LEGACY-STALE-DECOMPOSED/LEGACY-Unsorted/JSON-Unsorted/SPEC-5013_v1.0.0.json	d5af6665dd09ac0025f85ace8ea802b501a87d8f25738893cc1b1d0c5cec89cc	66	LIVE_CANONICAL	STAGE29	/home/reckless-ideator/Difference-Engine/workspace/operational/ingestion/output/ING-20260812-0600
/home/reckless-ideator/Difference-Engine-LEGACY-STALE-DECOMPOSED/LEGACY-Unsorted/JSON-Unsorted/SPEC-5014_v1.0.0.json	165053d3f263400cfaaa7bec92feca58b5924ac0713312b2d66812902186118d	55	LIVE_CANONICAL	STAGE29	/home/reckless-ideator/Difference-Engine/workspace/operational/ingestion/output/ING-20260812-0601
/home/reckless-ideator/Difference-Engine-LEGACY-STALE-DECOMPOSED/LEGACY-Unsorted/JSON-Unsorted/SPEC-5015_v1.0.0.json	090c7094f1456e23d97ad72b155fccd71116c473ca9335f842c4604caeb4f12e	73	LIVE_CANONICAL	STAGE29	/home/reckless-ideator/Difference-Engine/workspace/operational/ingestion/output/ING-20260812-0602
/home/reckless-ideator/Difference-Engine-LEGACY-STALE-DECOMPOSED/LEGACY-Unsorted/JSON-Unsorted/SPEC-6001_v1.0.0.json	e2ca214f57278462edb1779e64afa3de10c407baeb06427dcedb1a5465df99c0	69	LIVE_CANONICAL	STAGE29	/home/reckless-ideator/Difference-Engine/workspace/operational/ingestion/output/ING-20260812-0603
/home/reckless-ideator/Difference-Engine-LEGACY-STALE-DECOMPOSED/LEGACY-Unsorted/JSON-Unsorted/SPEC-7001_v1.0.0.json	24581cdbb39b6e927899ac887143cfa492457d586812051f2e2fb56866ea5082	58	LIVE_CANONICAL	STAGE29	/home/reckless-ideator/Difference-Engine/workspace/operational/ingestion/output/ING-20260812-0604
/home/reckless-ideator/Difference-Engine-LEGACY-STALE-DECOMPOSED/LEGACY-Unsorted/JSON-Unsorted/SPEC-GOV-0001.json	f32448502d214e7ced0837b6193e25f254a0e3c05958576c8b4a55620ff4ffc1	273	LIVE_CANONICAL	STAGE29	/home/reckless-ideator/Difference-Engine/workspace/operational/ingestion/output/ING-20260812-0605
/home/reckless-ideator/Difference-Engine-LEGACY-STALE-DECOMPOSED/LEGACY-Unsorted/JSON-Unsorted/Se.md	01ba4719c80b6fe911b091a7c05124b64eeece964e09c058ef8f9805daca546b	1	HELD_BACK_MARKDOWN_SOURCE_DEFICIENT	STAGE41	missing_title
/home/reckless-ideator/Difference-Engine-LEGACY-STALE-DECOMPOSED/LEGACY-Unsorted/JSON-Unsorted/TRN_Specification_v1.0.json	171d5274c153fa9817926dd2e38f1ff3f74ac0333754706cfe324fa6706fd5c2	455	LIVE_CANONICAL	STAGE29	/home/reckless-ideator/Difference-Engine/workspace/operational/ingestion/output/ING-20260812-0606
/home/reckless-ideator/Difference-Engine-LEGACY-STALE-DECOMPOSED/LEGACY-Unsorted/JSON-Unsorted/Traversal_Ledger_v0.1.json	91fad2d4d4f79d6e88b6e38a4ef633cc6b8b268370565ebcfa91285c2e3a7eda	698	LIVE_CANONICAL	STAGE29	/home/reckless-ideator/Difference-Engine/workspace/operational/ingestion/output/ING-20260812-0607
/home/reckless-ideator/Difference-Engine-LEGACY-STALE-DECOMPOSED/LEGACY-Unsorted/JSON-Unsorted/VAL-0001.json	08e41aad4667adc7bfc0fc0868fd7ef65f2a6b87afee004a2a8b6c347b827c91	286	LIVE_CANONICAL	STAGE29	/home/reckless-ideator/Difference-Engine/workspace/operational/ingestion/output/ING-20260812-0608
/home/reckless-ideator/Difference-Engine-LEGACY-STALE-DECOMPOSED/LEGACY-Unsorted/JSON-Unsorted/VAL-0004.json	294388c68eb9f7e2cb6c8dc17f431ca5b70af4bc038c6ab424f85741c1cc4b68	169	LIVE_CANONICAL	STAGE29	/home/reckless-ideator/Difference-Engine/workspace/operational/ingestion/output/ING-20260812-0609
/home/reckless-ideator/Difference-Engine-LEGACY-STALE-DECOMPOSED/LEGACY-Unsorted/JSON-Unsorted/VAL-0005.json	e02d95048e13616cad2d0bb7a7312c4b6c72709423e70e0b3c07555a577d8236	171	LIVE_CANONICAL	STAGE29	/home/reckless-ideator/Difference-Engine/workspace/operational/ingestion/output/ING-20260812-0610
/home/reckless-ideator/Difference-Engine-LEGACY-STALE-DECOMPOSED/LEGACY-Unsorted/JSON-Unsorted/census_v0.1.json	9c55c16cd7ad6686f14d59eedd6a020a9f3f5879133361e0df2774e4b9bc20f8	1735	LIVE_CANONICAL	STAGE29	/home/reckless-ideator/Difference-Engine/workspace/operational/ingestion/output/ING-20260812-0611
/home/reckless-ideator/Difference-Engine-LEGACY-STALE-DECOMPOSED/LEGACY-Unsorted/JSON-Unsorted/chatgpt-conversation (2).json	e3b0c44298fc1c149afbf4c8996fb92427ae41e4649b934ca495991b7852b855	0	HELD_BACK_JSON_SOURCE_EMPTY	STAGE44	SOURCE_INVALID_EMPTY
/home/reckless-ideator/Difference-Engine-LEGACY-STALE-DECOMPOSED/LEGACY-Unsorted/JSON-Unsorted/confidence_framework.json	7eb316b0cc9c832ead0dae40f1e79c420e97912edbf90c7b7e8749948b093a34	383	LIVE_CANONICAL	STAGE29	/home/reckless-ideator/Difference-Engine/workspace/operational/ingestion/output/ING-20260812-0612
/home/reckless-ideator/Difference-Engine-LEGACY-STALE-DECOMPOSED/LEGACY-Unsorted/JSON-Unsorted/cross_reference_index_seed.json	5a4876f18b96d2835ec581289f79e9323e936b7ebdd47004db312946a778370b	264	LIVE_CANONICAL	STAGE29	/home/reckless-ideator/Difference-Engine/workspace/operational/ingestion/output/ING-20260812-0613
/home/reckless-ideator/Difference-Engine-LEGACY-STALE-DECOMPOSED/LEGACY-Unsorted/JSON-Unsorted/decisions_template.json	ef86ccad5a6e6f9e7aaee25d631093c4a7cfbcca7baa640dd0b48981cecadb8b	249	LIVE_CANONICAL	STAGE29	/home/reckless-ideator/Difference-Engine/workspace/operational/ingestion/output/ING-20260812-0614
/home/reckless-ideator/Difference-Engine-LEGACY-STALE-DECOMPOSED/LEGACY-Unsorted/JSON-Unsorted/entities_template.json	3d013cf61bdd6946dc3ba6085214aa0e44e1953f5c3916b1e637c9c40c767b07	163	LIVE_CANONICAL	STAGE29	/home/reckless-ideator/Difference-Engine/workspace/operational/ingestion/output/ING-20260812-0615
/home/reckless-ideator/Difference-Engine-LEGACY-STALE-DECOMPOSED/LEGACY-Unsorted/JSON-Unsorted/forensic_parser_workflow_start.json	57739d401d170ba08463d45abd86161c50c1edb72ec046193cb28a46f086a7f0	7633	LIVE_CANONICAL	STAGE29	/home/reckless-ideator/Difference-Engine/workspace/operational/ingestion/output/ING-20260812-0616
/home/reckless-ideator/Difference-Engine-LEGACY-STALE-DECOMPOSED/LEGACY-Unsorted/JSON-Unsorted/interventions_template.json	0f78cda34fd7483a83a418887223a0667a7a2dc61cc5426a5cd01b3c99432787	201	LIVE_CANONICAL	STAGE29	/home/reckless-ideator/Difference-Engine/workspace/operational/ingestion/output/ING-20260812-0617
/home/reckless-ideator/Difference-Engine-LEGACY-STALE-DECOMPOSED/LEGACY-Unsorted/JSON-Unsorted/master_index_template.json	30d3dcd7f5701579bb746e776b6d1f4f7dcddbdee62463e9c271a81e037a08ea	336	LIVE_CANONICAL	STAGE29	/home/reckless-ideator/Difference-Engine/workspace/operational/ingestion/output/ING-20260812-0618
/home/reckless-ideator/Difference-Engine-LEGACY-STALE-DECOMPOSED/LEGACY-Unsorted/JSON-Unsorted/master_manifest_v0.2.json	2bfdcba7acb908da7e4acd60249d2ea0cd086b1dff5c4d2f63ba04b2c25b6114	593	LIVE_CANONICAL	STAGE29	/home/reckless-ideator/Difference-Engine/workspace/operational/ingestion/output/ING-20260812-0619
/home/reckless-ideator/Difference-Engine-LEGACY-STALE-DECOMPOSED/LEGACY-Unsorted/JSON-Unsorted/migration_manifest_v0.1.json	5f7d4711415e0fc2e1e2f9ce2618aba79bae83d2b1313adbdb63a71f7ce02fca	1257	LIVE_CANONICAL	STAGE29	/home/reckless-ideator/Difference-Engine/workspace/operational/ingestion/output/ING-20260812-0620
/home/reckless-ideator/Difference-Engine-LEGACY-STALE-DECOMPOSED/LEGACY-Unsorted/JSON-Unsorted/negative_evidence_template.json	12565b86c37243f9dcc801765e358ed3d419f64184a689134c297eddd54ea771	187	LIVE_CANONICAL	STAGE29	/home/reckless-ideator/Difference-Engine/workspace/operational/ingestion/output/ING-20260812-0621
/home/reckless-ideator/Difference-Engine-LEGACY-STALE-DECOMPOSED/LEGACY-Unsorted/JSON-Unsorted/observations_schema.json	e92bff1660459f00076c82b5cebe410598c6ef893c5df90fdce194a8b59e061c	505	LIVE_CANONICAL	STAGE29	/home/reckless-ideator/Difference-Engine/workspace/operational/ingestion/output/ING-20260812-0622
/home/reckless-ideator/Difference-Engine-LEGACY-STALE-DECOMPOSED/LEGACY-Unsorted/JSON-Unsorted/observations_seed.json	7a07cb8bd09ffb7e6334aa756fb0aec1301f61e9850f34e2d7e75a46c720d3fb	428	LIVE_CANONICAL	STAGE29	/home/reckless-ideator/Difference-Engine/workspace/operational/ingestion/output/ING-20260812-0623
/home/reckless-ideator/Difference-Engine-LEGACY-STALE-DECOMPOSED/LEGACY-Unsorted/JSON-Unsorted/pattern_schema.json	1a3e6210091f48d7909013297194174a8aa69fe850f3445693f0f7b0e045c3fe	246	LIVE_CANONICAL	STAGE29	/home/reckless-ideator/Difference-Engine/workspace/operational/ingestion/output/ING-20260812-0624
/home/reckless-ideator/Difference-Engine-LEGACY-STALE-DECOMPOSED/LEGACY-Unsorted/JSON-Unsorted/patterns_seed.json	51ff7e346399f0cef88a88d0884b8b5769e66a579fcd039ea2537ec97dab779e	712	LIVE_CANONICAL	STAGE29	/home/reckless-ideator/Difference-Engine/workspace/operational/ingestion/output/ING-20260812-0625
/home/reckless-ideator/Difference-Engine-LEGACY-STALE-DECOMPOSED/LEGACY-Unsorted/JSON-Unsorted/questions_template.json	8442201a183c0925937b3970148e5d283450d7b008d55104ee07da3a3dfdca74	198	LIVE_CANONICAL	STAGE29	/home/reckless-ideator/Difference-Engine/workspace/operational/ingestion/output/ING-20260812-0626
/home/reckless-ideator/Difference-Engine-LEGACY-STALE-DECOMPOSED/LEGACY-Unsorted/JSON-Unsorted/relationship_schema.json	2bb69c04d7a103a7e5c214269a65d5187beb765df2a41018011be8cb895f0912	232	LIVE_CANONICAL	STAGE29	/home/reckless-ideator/Difference-Engine/workspace/operational/ingestion/output/ING-20260812-0627
/home/reckless-ideator/Difference-Engine-LEGACY-STALE-DECOMPOSED/LEGACY-Unsorted/JSON-Unsorted/relationships_seed.json	4d0a9a72023c80f2a1e888cdb918c578b620593526296d70c4bc2c2a4036975e	540	LIVE_CANONICAL	STAGE29	/home/reckless-ideator/Difference-Engine/workspace/operational/ingestion/output/ING-20260812-0628
/home/reckless-ideator/Difference-Engine-LEGACY-STALE-DECOMPOSED/LEGACY-Unsorted/JSON-Unsorted/repository_structure.json	98106a882c0734508ea2a59008b9fb862184a0fe7cc051e334520f6dce35db27	504	LIVE_CANONICAL	STAGE29	/home/reckless-ideator/Difference-Engine/workspace/operational/ingestion/output/ING-20260812-0629
/home/reckless-ideator/Difference-Engine-LEGACY-STALE-DECOMPOSED/LEGACY-Unsorted/JSON-Unsorted/sources_template.json	28674026c0e0c13ef6b0fafc2bd429242dfddb08c7ff4b49516333011783e99e	227	LIVE_CANONICAL	STAGE29	/home/reckless-ideator/Difference-Engine/workspace/operational/ingestion/output/ING-20260812-0630
/home/reckless-ideator/Difference-Engine-LEGACY-STALE-DECOMPOSED/LEGACY-Unsorted/JSON-Unsorted/strengths_template.json	831e6f95557e42089a6a5f1c3724ff5b30f3500b74008ae0a06868062353eaa1	179	LIVE_CANONICAL	STAGE29	/home/reckless-ideator/Difference-Engine/workspace/operational/ingestion/output/ING-20260812-0631
/home/reckless-ideator/Difference-Engine-LEGACY-STALE-DECOMPOSED/LEGACY-Unsorted/JSON-Unsorted/timeline_template.json	affdf7a154289c1deb493e40dd106ed45c685b3dc84a6eaa1bd64060f93d8d93	179	LIVE_CANONICAL	STAGE29	/home/reckless-ideator/Difference-Engine/workspace/operational/ingestion/output/ING-20260812-0632
/home/reckless-ideator/Difference-Engine-LEGACY-STALE-DECOMPOSED/LEGACY-Unsorted/Kernel_Manifest_v2.json	c78db926e497ab7fe8bae17ff3999f4385192ca120309a907e8a8dc2bebe5cfc	303	LIVE_CANONICAL	STAGE29	/home/reckless-ideator/Difference-Engine/workspace/operational/ingestion/output/ING-20260812-0633
/home/reckless-ideator/Difference-Engine-LEGACY-STALE-DECOMPOSED/LEGACY-Unsorted/MAJOR_PP_0001.json	544d236dae0f888ff984166b7f6828fe2d258f5514bd2b37fe14a063716ccfed	933	LIVE_CANONICAL	STAGE29	/home/reckless-ideator/Difference-Engine/workspace/operational/ingestion/output/ING-20260812-0634
/home/reckless-ideator/Difference-Engine-LEGACY-STALE-DECOMPOSED/LEGACY-Unsorted/MOBILE_BRIDGE_LIVE_BOOTSTRAP_CENSUS_20260806T181711Z.txt	91f30eea05698a2397fe6c37a1ed929ffa9a0f949f8858b283e3d69eebcf338e	6952	HELD_BACK_TXT_SOURCE_DEFICIENT	STAGE43	missing_title
/home/reckless-ideator/Difference-Engine-LEGACY-STALE-DECOMPOSED/LEGACY-Unsorted/MOBILE_BRIDGE_MANUAL_REVIEW_CORRECTED_20260806T150216Z.txt	ab34eebfd8a71265968cdc5be8f4e0389f080aa97a652e907489ae1dd548fce6	3305	HELD_BACK_TXT_SOURCE_DEFICIENT	STAGE43	missing_title
/home/reckless-ideator/Difference-Engine-LEGACY-STALE-DECOMPOSED/LEGACY-Unsorted/Mock Up Queue File From Operations.md	9e3cf1a005f7cc669e009e66c8a1f398e704869d041d108dcf36384aeca6719b	1441	LIVE_CANONICAL	STAGE29	/home/reckless-ideator/Difference-Engine/workspace/operational/ingestion/output/ING-20260812-0635
/home/reckless-ideator/Difference-Engine-LEGACY-STALE-DECOMPOSED/LEGACY-Unsorted/Operational Doctrine.txt	c8e9ab9918a4849f550edff686ba6244d1ae6b977a6612b8295f5497f3f79477	685	HELD_BACK_TXT_SOURCE_DEFICIENT	STAGE43	missing_title
/home/reckless-ideator/Difference-Engine-LEGACY-STALE-DECOMPOSED/LEGACY-Unsorted/Operational Reality.txt	978cefd9fc116274b4a5d8b358ddca34d93a4d6eac256ab60aa96ce33683e310	603	HELD_BACK_TXT_SOURCE_DEFICIENT	STAGE43	missing_title
/home/reckless-ideator/Difference-Engine-LEGACY-STALE-DECOMPOSED/LEGACY-Unsorted/Operator Profile.md	351dc858edc18b49a6bb2266a8ec9473d06934c65a9b1ee565e580820fec649d	2195	LIVE_CANONICAL	STAGE29	/home/reckless-ideator/Difference-Engine/workspace/operational/ingestion/output/ING-20260812-0636
/home/reckless-ideator/Difference-Engine-LEGACY-STALE-DECOMPOSED/LEGACY-Unsorted/PP-0058-MAJOR.json	fc4d8cd0604c57d6d781c90f816ca833541f6b97288ba439c80df8cfcb2a0072	879	LIVE_CANONICAL	STAGE29	/home/reckless-ideator/Difference-Engine/workspace/operational/ingestion/output/ING-20260812-0637
/home/reckless-ideator/Difference-Engine-LEGACY-STALE-DECOMPOSED/LEGACY-Unsorted/PP-0058-Manifest.json	7ceac0fd2062fee02d8df5c7d2882e0e2335ea0bd18a9070f8935e278ab4a8b9	157	LIVE_CANONICAL	STAGE29	/home/reckless-ideator/Difference-Engine/workspace/operational/ingestion/output/ING-20260812-0638
/home/reckless-ideator/Difference-Engine-LEGACY-STALE-DECOMPOSED/LEGACY-Unsorted/PP-0058-Principles.json	79db27459cf1e2c1c1fa8eb7eaa2a9ba53c76eb93550e1d6d8c8613b69f35352	490	LIVE_CANONICAL	STAGE29	/home/reckless-ideator/Difference-Engine/workspace/operational/ingestion/output/ING-20260812-0639
/home/reckless-ideator/Difference-Engine-LEGACY-STALE-DECOMPOSED/LEGACY-Unsorted/PR-0005_Architectural_Change_Preservation.json	878b84bcd409a664c4a8edcabfa9f442a670e84dd5d8ecc0dccbd516da9b4f3f	1161	LIVE_CANONICAL	STAGE29	/home/reckless-ideator/Difference-Engine/workspace/operational/ingestion/output/ING-20260812-0640
/home/reckless-ideator/Difference-Engine-LEGACY-STALE-DECOMPOSED/LEGACY-Unsorted/Phase_tramsition_briefing_branch_proposals_and_addendums_v1.1.md	33f07f1dae4fd4bc4201a63cc34063b046d4cf9a044e0abb44d3a4807668e608	7074	HELD_BACK_MARKDOWN_SOURCE_DEFICIENT	STAGE41	missing_title
/home/reckless-ideator/Difference-Engine-LEGACY-STALE-DECOMPOSED/LEGACY-Unsorted/Primitive Promotion Pipeline.md	a489be9f0033068483c02ab08c2cef945a5c531e72e39294c0e15779ded6187e	212	LIVE_CANONICAL	STAGE29	/home/reckless-ideator/Difference-Engine/workspace/operational/ingestion/output/ING-20260812-0641
/home/reckless-ideator/Difference-Engine-LEGACY-STALE-DECOMPOSED/LEGACY-Unsorted/Project Summary_ The Difference Engine (1).txt	57b22ad1a84718974a5233f2e324a2a2f12b33f44e31f736b1821ce4730dc705	12123	HELD_BACK_TXT_SOURCE_DEFICIENT	STAGE43	missing_title
/home/reckless-ideator/Difference-Engine-LEGACY-STALE-DECOMPOSED/LEGACY-Unsorted/RECOVERY_CANDIDATE_CENSUS.json	4eaab44b130d6b06873791794fb3f022562489eb9f349349d76b5b4ea716f8c2	235032	LIVE_CANONICAL	STAGE29	/home/reckless-ideator/Difference-Engine/workspace/operational/ingestion/output/ING-20260812-0642
/home/reckless-ideator/Difference-Engine-LEGACY-STALE-DECOMPOSED/LEGACY-Unsorted/RECOVERY_CANDIDATE_CENSUS.md	a6d41f9106b4c1d799e9da6fea2ec4a3c683f0789b994cfa2c1706130afb77ac	11661	LIVE_CANONICAL	STAGE29	/home/reckless-ideator/Difference-Engine/workspace/operational/ingestion/output/ING-20260812-0643
/home/reckless-ideator/Difference-Engine-LEGACY-STALE-DECOMPOSED/LEGACY-Unsorted/ROADMAP_v2.0_RESTORATION.md	7cb54b6e686ee22921f382b212c9ec1b0727666ef4f037572b618ba1f43c4cda	475	LIVE_CANONICAL	STAGE29	/home/reckless-ideator/Difference-Engine/workspace/operational/ingestion/output/ING-20260812-0644
/home/reckless-ideator/Difference-Engine-LEGACY-STALE-DECOMPOSED/LEGACY-Unsorted/Rebuild.md/BABBAGE-001.md	1a01a7c7962437750208708876cb544e615758ee9dd2e9ccdcbc4f54c1ace849	5149	LIVE_CANONICAL	STAGE29	/home/reckless-ideator/Difference-Engine/workspace/operational/ingestion/output/ING-20260812-0645
/home/reckless-ideator/Difference-Engine-LEGACY-STALE-DECOMPOSED/LEGACY-Unsorted/Rebuild.md/BOOTSTRAP III BABBAGE ACTIVATION.md	e44b7382af30fdeccc35dd1cb8acfe4b96b7ead2724d9db659ed8af5a41367bd	4929	LIVE_CANONICAL	STAGE29	/home/reckless-ideator/Difference-Engine/workspace/operational/ingestion/output/ING-20260812-0646
/home/reckless-ideator/Difference-Engine-LEGACY-STALE-DECOMPOSED/LEGACY-Unsorted/Rebuild.md/BOOTSTRAP IV  - WP-001 CONTINUATION.md	e567f8e15d34aa2e5e3beea8325818be38a448d139b5b7ab2ea6016ac9e8fd7e	4497	LIVE_CANONICAL	STAGE29	/home/reckless-ideator/Difference-Engine/workspace/operational/ingestion/output/ING-20260812-0647
/home/reckless-ideator/Difference-Engine-LEGACY-STALE-DECOMPOSED/LEGACY-Unsorted/Rebuild.md/Bootstrap Consistency Audit.md	6a7bb25739756054b262abebeb6358a0f5adef466063cb1c35a1683dbd8e353c	768	HELD_BACK_MARKDOWN_SOURCE_DEFICIENT	STAGE41	missing_title
/home/reckless-ideator/Difference-Engine-LEGACY-STALE-DECOMPOSED/LEGACY-Unsorted/Rebuild.md/Completed Queue.md	ad903ae9fcaadd1e3b7b0596355d0b508b3a9b1de7a1b904ee44d31070334c52	277	LIVE_CANONICAL	STAGE29	/home/reckless-ideator/Difference-Engine/workspace/operational/ingestion/output/ING-20260812-0648
/home/reckless-ideator/Difference-Engine-LEGACY-STALE-DECOMPOSED/LEGACY-Unsorted/Rebuild.md/Concepts Queue.md	0b1084c35283ffe295b4aafbea45597c06b1c8b3c6aaa08743a84831f993c87b	187	LIVE_CANONICAL	STAGE29	/home/reckless-ideator/Difference-Engine/workspace/operational/ingestion/output/ING-20260812-0649
/home/reckless-ideator/Difference-Engine-LEGACY-STALE-DECOMPOSED/LEGACY-Unsorted/Rebuild.md/DE - BABBAGE - Babbage v1.0 Acceptance Test.md	e0004bfd3a395f32ce026fbdf7fd404e7beb0a7c836500f2e29ef81f8d859da5	522	HELD_BACK_MARKDOWN_SOURCE_DEFICIENT	STAGE41	missing_title
/home/reckless-ideator/Difference-Engine-LEGACY-STALE-DECOMPOSED/LEGACY-Unsorted/Rebuild.md/DE - BABBAGE - Babbage v1.0 Activation.md	c5fc2f3b0fe23ba7eff8ec5616b81091c0dfa19df499c3548e141234075ce59f	544	HELD_BACK_MARKDOWN_SOURCE_DEFICIENT	STAGE41	missing_title
/home/reckless-ideator/Difference-Engine-LEGACY-STALE-DECOMPOSED/LEGACY-Unsorted/Rebuild.md/DE - BABBAGE - Babbage v1.0 Certification.md	21229d3c7ac2cd20e26c81b523335b12a58d2f680ce95d9c77afb6f0d7f5c678	591	HELD_BACK_MARKDOWN_SOURCE_DEFICIENT	STAGE41	missing_title
/home/reckless-ideator/Difference-Engine-LEGACY-STALE-DECOMPOSED/LEGACY-Unsorted/Rebuild.md/DE - BABBAGE - Babbage v1.0 Completion Record.md	cb6449e7dae51876ac41a2c236a2c46121b71fc5e826bb89909ab6f639c8e0a6	426	HELD_BACK_MARKDOWN_SOURCE_DEFICIENT	STAGE41	missing_title
/home/reckless-ideator/Difference-Engine-LEGACY-STALE-DECOMPOSED/LEGACY-Unsorted/Rebuild.md/DE - BABBAGE - Babbage v1.0 Declaration of Service.md	1db90942fda7656a45765711d75919163a9479daa5179e05d60dac8f7ea0a569	598	HELD_BACK_MARKDOWN_SOURCE_DEFICIENT	STAGE41	missing_title
/home/reckless-ideator/Difference-Engine-LEGACY-STALE-DECOMPOSED/LEGACY-Unsorted/Rebuild.md/DE - BABBAGE - Babbage v1.0 Operational Commission.md	e9cb3d36478d8152109e24de8af96bf8e7dc5a9d7bf8fedb3f3dfcf0c9639c7a	657	HELD_BACK_MARKDOWN_SOURCE_DEFICIENT	STAGE41	missing_title
/home/reckless-ideator/Difference-Engine-LEGACY-STALE-DECOMPOSED/LEGACY-Unsorted/Rebuild.md/DE - BABBAGE - DOD - Definition Of Done.md	a59e022a57c0b3d7b1626b81899abfc6902296e6930064fe542ec8712bcfa375	230	HELD_BACK_MARKDOWN_SOURCE_DEFICIENT	STAGE41	missing_title
/home/reckless-ideator/Difference-Engine-LEGACY-STALE-DECOMPOSED/LEGACY-Unsorted/Rebuild.md/DE - BABBAGE - Execution Law - Repository Feed.md	69fcda65c9eff4feba798aa852163633d54d0acc60f3554e7f34deb62ceb1f9b	533	HELD_BACK_MARKDOWN_SOURCE_DEFICIENT	STAGE41	missing_title
/home/reckless-ideator/Difference-Engine-LEGACY-STALE-DECOMPOSED/LEGACY-Unsorted/Rebuild.md/DE - BABBAGE - Handoff Protocol.md	6cc077fa68e56b37cbf59b1df32aa4e2eda4d03daf67ccfc73511179bc0b1f89	178	HELD_BACK_MARKDOWN_SOURCE_DEFICIENT	STAGE41	missing_title
/home/reckless-ideator/Difference-Engine-LEGACY-STALE-DECOMPOSED/LEGACY-Unsorted/Rebuild.md/DE - BABBAGE - Mission Protocol.md	8aacab602032f00713eeb2069df778bd5b655268061781859258c6a40df97c3a	463	HELD_BACK_MARKDOWN_SOURCE_DEFICIENT	STAGE41	missing_title
/home/reckless-ideator/Difference-Engine-LEGACY-STALE-DECOMPOSED/LEGACY-Unsorted/Rebuild.md/DE - BABBAGE - Preservation Protocol.md	a4d4895f74942599e33784eed89f8b3e56ff1b4046afe07d39674d1d3508c8ea	243	HELD_BACK_MARKDOWN_SOURCE_DEFICIENT	STAGE41	missing_title
/home/reckless-ideator/Difference-Engine-LEGACY-STALE-DECOMPOSED/LEGACY-Unsorted/Rebuild.md/DE - BABBAGE - Versioning.md	ac7fe00184623122472a8f531a5ffb77867b6de002541aa0d2daebf0e5615042	219	HELD_BACK_MARKDOWN_SOURCE_DEFICIENT	STAGE41	missing_title
/home/reckless-ideator/Difference-Engine-LEGACY-STALE-DECOMPOSED/LEGACY-Unsorted/Rebuild.md/DE - Bootstrap Initialization Contract.md	9fa252d547d5671dc332c0260e3b39fb7c63d185ae389659aa5d7e87e92488d0	503	HELD_BACK_MARKDOWN_SOURCE_DEFICIENT	STAGE41	missing_title
/home/reckless-ideator/Difference-Engine-LEGACY-STALE-DECOMPOSED/LEGACY-Unsorted/Rebuild.md/DE - Constitutional Amendment - Execution Law.md	04f40afdf296a98b7059850806f1237842a3d6492034ac1f9ccfbbc41660056a	1103	LIVE_CANONICAL	STAGE29	/home/reckless-ideator/Difference-Engine/workspace/operational/ingestion/output/ING-20260812-0650
/home/reckless-ideator/Difference-Engine-LEGACY-STALE-DECOMPOSED/LEGACY-Unsorted/Rebuild.md/DE - Discussion Mode.md	214d476029cec8b81bd73e9a6c4afe82a890de7771444d169ea6ac12985ad3f2	524	HELD_BACK_MARKDOWN_SOURCE_DEFICIENT	STAGE41	missing_title
/home/reckless-ideator/Difference-Engine-LEGACY-STALE-DECOMPOSED/LEGACY-Unsorted/Rebuild.md/DE - Execution Mode.md	59d563f810c0f45b5338f847a71e16b9876c92b2dacdc942acebc82037f25e5a	526	HELD_BACK_MARKDOWN_SOURCE_DEFICIENT	STAGE41	missing_title
/home/reckless-ideator/Difference-Engine-LEGACY-STALE-DECOMPOSED/LEGACY-Unsorted/Rebuild.md/DE - Mode Transition Protocol.md	1e2b8b553a80cb577c31e0eaed436e6d285f8877ab821870eababaee3985ba7a	549	HELD_BACK_MARKDOWN_SOURCE_DEFICIENT	STAGE41	missing_title
/home/reckless-ideator/Difference-Engine-LEGACY-STALE-DECOMPOSED/LEGACY-Unsorted/Rebuild.md/DE - Operational Readiness.md	aeecf87735cf8244dcc249e4ee4ce03c381655328fb5b1fd9c9dd27d7b21c9bb	465	HELD_BACK_MARKDOWN_SOURCE_DEFICIENT	STAGE41	missing_title
/home/reckless-ideator/Difference-Engine-LEGACY-STALE-DECOMPOSED/LEGACY-Unsorted/Rebuild.md/DE - Preservation Mode.md	5a7add8511885311520c0828d8afeda43e32b8cb8af8eea148d8be6c0b99f6ba	418	HELD_BACK_MARKDOWN_SOURCE_DEFICIENT	STAGE41	missing_title
/home/reckless-ideator/Difference-Engine-LEGACY-STALE-DECOMPOSED/LEGACY-Unsorted/Rebuild.md/DE - Recovery Mode.md	1f9cad71205474ae0e764394ca7080a5bda954594e2adfd49e754bb9fd12bc7b	451	HELD_BACK_MARKDOWN_SOURCE_DEFICIENT	STAGE41	missing_title
/home/reckless-ideator/Difference-Engine-LEGACY-STALE-DECOMPOSED/LEGACY-Unsorted/Rebuild.md/DE - Repository Map 8-1-26.md	926b3a25168bf0d2a74aa4b5d288660132702f3aa449cb02553a924c723ec171	5946	LIVE_CANONICAL	STAGE29	/home/reckless-ideator/Difference-Engine/workspace/operational/ingestion/output/ING-20260812-0651
/home/reckless-ideator/Difference-Engine-LEGACY-STALE-DECOMPOSED/LEGACY-Unsorted/Rebuild.md/DE - So Close chat 5.md	e3b0c44298fc1c149afbf4c8996fb92427ae41e4649b934ca495991b7852b855	0	HELD_BACK_MARKDOWN_SOURCE_DEFICIENT	STAGE41	missing_title
/home/reckless-ideator/Difference-Engine-LEGACY-STALE-DECOMPOSED/LEGACY-Unsorted/Rebuild.md/DE Difference Report.md	155ca976317e16a932f1a582aac8268b2d6cec96591237a49ce96dede986efb7	126	HELD_BACK_MARKDOWN_SOURCE_DEFICIENT	STAGE41	missing_title
/home/reckless-ideator/Difference-Engine-LEGACY-STALE-DECOMPOSED/LEGACY-Unsorted/Rebuild.md/DE Repository File Tree Structure 8-1-26.md	11a32d51bf4d3ab1ad33f63073a6c8d92807f693a3704d5f4ed542acc39ad2e9	4352	HELD_BACK_MARKDOWN_SOURCE_DEFICIENT	STAGE41	missing_title
/home/reckless-ideator/Difference-Engine-LEGACY-STALE-DECOMPOSED/LEGACY-Unsorted/Rebuild.md/DE Repository Structure 8-1-26 v1.0.md	3f18b49ce152ec61ab267a2b10bbc282a1b40ce1bf4ad1037ecb2cd21d9fa4dc	3668	LIVE_CANONICAL	STAGE29	/home/reckless-ideator/Difference-Engine/workspace/operational/ingestion/output/ING-20260812-0652
/home/reckless-ideator/Difference-Engine-LEGACY-STALE-DECOMPOSED/LEGACY-Unsorted/Rebuild.md/Implementation Queue.md	e3b0c44298fc1c149afbf4c8996fb92427ae41e4649b934ca495991b7852b855	0	HELD_BACK_MARKDOWN_SOURCE_DEFICIENT	STAGE41	missing_title
/home/reckless-ideator/Difference-Engine-LEGACY-STALE-DECOMPOSED/LEGACY-Unsorted/Rebuild.md/Mission Queue.md	b5fc3317538395dd96fb0b6c23dafb2940720147d1463041a94ed862cac1911b	274	LIVE_CANONICAL	STAGE29	/home/reckless-ideator/Difference-Engine/workspace/operational/ingestion/output/ING-20260812-0653
/home/reckless-ideator/Difference-Engine-LEGACY-STALE-DECOMPOSED/LEGACY-Unsorted/Rebuild.md/PP-001 SMELTING BOOTSTRAP.md	01f1cf3868456916ec6730a98e69dd96cd8b1b5709b9dfd1f572a2ef22ff2afe	4804	LIVE_CANONICAL	STAGE29	/home/reckless-ideator/Difference-Engine/workspace/operational/ingestion/output/ING-20260812-0654
/home/reckless-ideator/Difference-Engine-LEGACY-STALE-DECOMPOSED/LEGACY-Unsorted/Rebuild.md/PP-001.md	d55b7f4359b12c5833a0d5a1b9a8fc408a838054a806c891e3198f049ad81770	939	HELD_BACK_MARKDOWN_SOURCE_DEFICIENT	STAGE41	missing_title
/home/reckless-ideator/Difference-Engine-LEGACY-STALE-DECOMPOSED/LEGACY-Unsorted/Rebuild.md/Primitive Queue.md	aa1867caffd998adb8cb84f016c8f356856f29498060b63bc6e36c83148b80fe	135	LIVE_CANONICAL	STAGE29	/home/reckless-ideator/Difference-Engine/workspace/operational/ingestion/output/ING-20260812-0655
/home/reckless-ideator/Difference-Engine-LEGACY-STALE-DECOMPOSED/LEGACY-Unsorted/Rebuild.md/Project Space BABBAGE.md	5cc0bd7d7ce3acbbc82fd7e7d7f14ffa72f56d937fd2c778397703246144f888	5105	LIVE_CANONICAL	STAGE29	/home/reckless-ideator/Difference-Engine/workspace/operational/ingestion/output/ING-20260812-0656
/home/reckless-ideator/Difference-Engine-LEGACY-STALE-DECOMPOSED/LEGACY-Unsorted/Rebuild.md/Project Space Instructions.md	97a5ce4d5d439da80cb0cd0faf1fcbebf24974c7d0540bb94649b902da9dae96	1104	HELD_BACK_MARKDOWN_SOURCE_DEFICIENT	STAGE41	missing_title
/home/reckless-ideator/Difference-Engine-LEGACY-STALE-DECOMPOSED/LEGACY-Unsorted/Rebuild.md/Project Space Personalization Instructions.md	335104abe8af03843e9ab22e78f38970bcf344817afda23539e411821c5f3e6d	1362	HELD_BACK_MARKDOWN_SOURCE_DEFICIENT	STAGE41	missing_title
/home/reckless-ideator/Difference-Engine-LEGACY-STALE-DECOMPOSED/LEGACY-Unsorted/Rebuild.md/Project Space Queued Items 8_1_26.md	7715ee34516bde53769206e25515d42d560f6163b5bbfc6fb304da7b3c85dfaf	734	HELD_BACK_MARKDOWN_SOURCE_DEFICIENT	STAGE41	missing_title
/home/reckless-ideator/Difference-Engine-LEGACY-STALE-DECOMPOSED/LEGACY-Unsorted/Rebuild.md/Project Space Session 3 Summary.md	b06161492f78ee8274d20d9bc8a3ff998ed160ffb93364c488b8483d8739fbeb	1018	HELD_BACK_MARKDOWN_SOURCE_DEFICIENT	STAGE41	missing_title
/home/reckless-ideator/Difference-Engine-LEGACY-STALE-DECOMPOSED/LEGACY-Unsorted/Rebuild.md/Promotion Queue.md	e145d3b05260bc1ad4521f445945f19cc48a913e16f384d7f5af38d01e125383	229	LIVE_CANONICAL	STAGE29	/home/reckless-ideator/Difference-Engine/workspace/operational/ingestion/output/ING-20260812-0657
/home/reckless-ideator/Difference-Engine-LEGACY-STALE-DECOMPOSED/LEGACY-Unsorted/Rebuild.md/QUEUE - Review Repository Naming Convention.md	800b3694cc67a3aaa8d96ff112fc3ac10792de97dd1878695c834e100bd9dd9e	218	HELD_BACK_MARKDOWN_SOURCE_DEFICIENT	STAGE41	missing_title
/home/reckless-ideator/Difference-Engine-LEGACY-STALE-DECOMPOSED/LEGACY-Unsorted/Rebuild.md/Queue Architecture.md	0617cf1d6e0e723e7cdf4fa964677f546a23fb77d67082a2ab839115116f4c48	309	LIVE_CANONICAL	STAGE29	/home/reckless-ideator/Difference-Engine/workspace/operational/ingestion/output/ING-20260812-0658
/home/reckless-ideator/Difference-Engine-LEGACY-STALE-DECOMPOSED/LEGACY-Unsorted/Rebuild.md/Rebuild Bootstrap 2 Constraints.md	0a97e905308a4945fa5c3a3aed952b6260b9828fba7e0c4da829976d81e848f7	1265	LIVE_CANONICAL	STAGE29	/home/reckless-ideator/Difference-Engine/workspace/operational/ingestion/output/ING-20260812-0659
/home/reckless-ideator/Difference-Engine-LEGACY-STALE-DECOMPOSED/LEGACY-Unsorted/Rebuild.md/Reckless Ideator.md	4fa7eddf744485e4ea452f10f2dc81199c9fb501720390943815e9c2c309b5e9	354	HELD_BACK_MARKDOWN_SOURCE_DEFICIENT	STAGE41	missing_title
/home/reckless-ideator/Difference-Engine-LEGACY-STALE-DECOMPOSED/LEGACY-Unsorted/Rebuild.md/Repository Notation Standard v1.0.md	a4008b7647e99b2467fe5b86e4f4e41be94adc7a5c079beb32923edf75bf3bfc	2221	LIVE_CANONICAL	STAGE29	/home/reckless-ideator/Difference-Engine/workspace/operational/ingestion/output/ING-20260812-0660
/home/reckless-ideator/Difference-Engine-LEGACY-STALE-DECOMPOSED/LEGACY-Unsorted/Rebuild.md/Review Queue.md	771740585c1b0e5e97dc93b2a8e5c2d8906795e835e19e85c65ec627c410bf3d	208	LIVE_CANONICAL	STAGE29	/home/reckless-ideator/Difference-Engine/workspace/operational/ingestion/output/ING-20260812-0661
/home/reckless-ideator/Difference-Engine-LEGACY-STALE-DECOMPOSED/LEGACY-Unsorted/Rebuild.md/SIQ Suggested Implementation Queue.md	3682868cc492e423f9a54a74f4b95369687826d536d2c770ec53024d280da126	468	LIVE_CANONICAL	STAGE29	/home/reckless-ideator/Difference-Engine/workspace/operational/ingestion/output/ING-20260812-0662
/home/reckless-ideator/Difference-Engine-LEGACY-STALE-DECOMPOSED/LEGACY-Unsorted/Rebuild.md/Session Queue.md	2e1ef124cdaa8ed121f7b8d4127f39b7d6e9dcca00591289da99d1b071d6ab5a	352	LIVE_CANONICAL	STAGE29	/home/reckless-ideator/Difference-Engine/workspace/operational/ingestion/output/ING-20260812-0663
/home/reckless-ideator/Difference-Engine-LEGACY-STALE-DECOMPOSED/LEGACY-Unsorted/Rebuild.md/Temp.md	9c22ebf03939d5f1d14c1989ba316319a974ffdcff1a204dc7f8018fe8c91e3f	565	HELD_BACK_MARKDOWN_SOURCE_DEFICIENT	STAGE41	missing_title
/home/reckless-ideator/Difference-Engine-LEGACY-STALE-DECOMPOSED/LEGACY-Unsorted/Rebuild.md/Tool Queue.md	7df2a2106a9e2049bf7774c87db320b487cba24cc8a15d6f7aba8b3d0ce74676	163	LIVE_CANONICAL	STAGE29	/home/reckless-ideator/Difference-Engine/workspace/operational/ingestion/output/ING-20260812-0664
/home/reckless-ideator/Difference-Engine-LEGACY-STALE-DECOMPOSED/LEGACY-Unsorted/Rebuild.md/temp2.md	980a3c0370d699c4efc90ec647abddd5c2e8d9108369187577f6cbd9a3892eb7	116	HELD_BACK_MARKDOWN_SOURCE_DEFICIENT	STAGE41	missing_title
/home/reckless-ideator/Difference-Engine-LEGACY-STALE-DECOMPOSED/LEGACY-Unsorted/Repository Design Objective.md	211178d7bbdb6c7ea1df543ff5aba1db045ec876a5ef660ff11278efe031c865	296	LIVE_CANONICAL	STAGE29	/home/reckless-ideator/Difference-Engine/workspace/operational/ingestion/output/ING-20260812-0665
/home/reckless-ideator/Difference-Engine-LEGACY-STALE-DECOMPOSED/LEGACY-Unsorted/Repository Extraction Pipeline.md	e3b0c44298fc1c149afbf4c8996fb92427ae41e4649b934ca495991b7852b855	0	HELD_BACK_MARKDOWN_SOURCE_DEFICIENT	STAGE41	missing_title
/home/reckless-ideator/Difference-Engine-LEGACY-STALE-DECOMPOSED/LEGACY-Unsorted/Repository_State_PP0005.json	a3001d61a07e8b874613d66dba0be6cc395dcee1d0977fd17bcb7aa373ecde6c	174	LIVE_CANONICAL	STAGE29	/home/reckless-ideator/Difference-Engine/workspace/operational/ingestion/output/ING-20260812-0666
/home/reckless-ideator/Difference-Engine-LEGACY-STALE-DECOMPOSED/LEGACY-Unsorted/Repository_Synchronization_Request.md	87b5d35eb56b0b93990c9eb4577b9556d4372ded6da26cf8168fc2542e1bac46	1324	HELD_BACK_MARKDOWN_SOURCE_DEFICIENT	STAGE41	missing_title
/home/reckless-ideator/Difference-Engine-LEGACY-STALE-DECOMPOSED/LEGACY-Unsorted/SESSION-STATE.md	5067afe4779d4d74fd6764a5b144370cdb4200bef7d38c631e13cc6eaa672f34	2714	LIVE_CANONICAL	STAGE29	/home/reckless-ideator/Difference-Engine/workspace/operational/ingestion/output/ING-20260812-0667
/home/reckless-ideator/Difference-Engine-LEGACY-STALE-DECOMPOSED/LEGACY-Unsorted/SYSTEM_BOOTSTRAP_v2.0_CHATGPT.md	b426cb626bad898ee2c8fabc06a0e7047554146450f9f2316b6140aebf5bf984	2260	LIVE_CANONICAL	STAGE29	/home/reckless-ideator/Difference-Engine/workspace/operational/ingestion/output/ING-20260812-0668
/home/reckless-ideator/Difference-Engine-LEGACY-STALE-DECOMPOSED/LEGACY-Unsorted/The Difference Engine Summary 8-3-26.txt	2886fbe1f31d6c1ce51418be19fcdeb621c0153cb859e0b2aae1bb86bfeb547e	3390	HELD_BACK_TXT_SOURCE_DEFICIENT	STAGE43	missing_title
/home/reckless-ideator/Difference-Engine-LEGACY-STALE-DECOMPOSED/LEGACY-Unsorted/The_Difference_Engine.md	47095f6050e0de854344399a351ca2e2737152b87855aca91c6138f711fdb4c7	1492	HELD_BACK_MARKDOWN_SOURCE_DEFICIENT	STAGE41	missing_title
/home/reckless-ideator/Difference-Engine-LEGACY-STALE-DECOMPOSED/LEGACY-Unsorted/Writergpt.md	e3b0c44298fc1c149afbf4c8996fb92427ae41e4649b934ca495991b7852b855	0	HELD_BACK_MARKDOWN_SOURCE_DEFICIENT	STAGE41	missing_title
/home/reckless-ideator/Difference-Engine-LEGACY-STALE-DECOMPOSED/LEGACY-Unsorted/chatgpt-conversation.json	e3b0c44298fc1c149afbf4c8996fb92427ae41e4649b934ca495991b7852b855	0	HELD_BACK_JSON_SOURCE_EMPTY	STAGE44	SOURCE_INVALID_EMPTY
/home/reckless-ideator/Difference-Engine-LEGACY-STALE-DECOMPOSED/LEGACY-Unsorted/gemini-code-1785052718605.txt	3cecc9a779bdd6d325e1573ca4361f40dda73c7f7af8f987096235717b6f7feb	1675	HELD_BACK_TXT_SOURCE_DEFICIENT	STAGE43	missing_title
/home/reckless-ideator/Difference-Engine-LEGACY-STALE-DECOMPOSED/LEGACY-Unsorted/master_manifest_v0.2.json	2bfdcba7acb908da7e4acd60249d2ea0cd086b1dff5c4d2f63ba04b2c25b6114	593	LIVE_CANONICAL	STAGE29	/home/reckless-ideator/Difference-Engine/workspace/operational/ingestion/output/ING-20260812-0669
/home/reckless-ideator/Difference-Engine-LEGACY-STALE-DECOMPOSED/LEGACY-Unsorted/round_2.md	55a91ca889d63024755f72fd6a5238486b7622fb726b359919d3f3116006704e	19654	LIVE_CANONICAL	STAGE29	/home/reckless-ideator/Difference-Engine/workspace/operational/ingestion/output/ING-20260812-0670
/home/reckless-ideator/Difference-Engine-LEGACY-STALE-DECOMPOSED/LEGACY-Unsorted/stewardship_proposed_amendments.md	9b6a14eae750159fb6494fa9615cc0f0690845685f078c29bce60a2bf2c6f6d6	12211	HELD_BACK_MARKDOWN_SOURCE_DEFICIENT	STAGE41	missing_title
/home/reckless-ideator/Difference-Engine-LEGACY-STALE-DECOMPOSED/LEGACY-Unsorted/temp.md	dd9109869c99c772674d0679b3b0edb14dfee39b51693e9f97c4571c0bfb087d	5971	LIVE_CANONICAL	STAGE29	/home/reckless-ideator/Difference-Engine/workspace/operational/ingestion/output/ING-20260812-0671
