Repository/Governance/bootstrap.md:23:Operational execution state.
Repository/Governance/constitution.md:255:Preserve relationships between knowledge.
workspace/operational/current/WORKFLOW.md:26:Operational state SHALL be updated before creating additional operational artifacts.
workspace/operational/current/QUEUE.md:46:- Update operational state before creating new operational artifacts.
workspace/operational/current/OPERATIONAL_LAWS.md:14:10. Operational state SHALL be updated before new operational artifacts are created.
workspace/operational/current/OPERATIONAL_LAWS.md:15:11. Runtime state SHALL remain disposable.
workspace/operational/current/OPERATIONAL_LAWS.md:19:15. Repository identity SHALL be validated before any repository mutation.
workspace/operational/current/REPOSITORY_STATE.md:1:# Repository State
workspace/operational/current/REPOSITORY_STATE.md:22:Operational State
workspace/operational/current/NEXT_MISSION.md:18:- Update operational state before creating new operational artifacts.
workspace/operational/current/ACTIVE_MISSION.md:12:- Bootstrap is executable state.
workspace/operational/current/ACTIVE_TASK.md:8:2. Recover surviving service primitives.
workspace/operational/current/PHASE_1_COMPLETION_REPORT.md:18:- canonical active-state files;
workspace/operational/current/PHASE_1_COMPLETION_REPORT.md:28:## Verified State
workspace/operational/current/PHASE_1_COMPLETION_REPORT.md:60:Bootstrap now initializes from executable repository state and recovers the active mission and task without conversational reconstruction.
workspace/operational/current/PHASE_2_COMPLETION_REPORT.md:26:## Verified State
workspace/operational/current/PHASE_2_COMPLETION_REPORT.md:34:- queue state: verified;
workspace/operational/current/PHASE_2_COMPLETION_REPORT.md:54:The Difference Engine can recover from repository state without conversational reconstruction.
workspace/operational/current/PHASE_3_TASK_BLOCK.md:36:- stable identity;
workspace/operational/current/PHASE_3_TASK_BLOCK.md:40:- lifecycle state;
workspace/operational/current/PHASE_3_TASK_BLOCK.md:41:- verification state.
workspace/operational/current/PHASE_3_COMPLETION_REPORT.md:19:- artifact lifecycle states;
workspace/operational/current/PHASE_3_COMPLETION_REPORT.md:27:## Verified State
workspace/operational/current/PHASE_3_COMPLETION_REPORT.md:44:- The Branch Steward Protocol remains candidate lifecycle state pending ratification evidence.
workspace/operational/current/PHASE_3_COMPLETION_REPORT.md:52:- stable identity;
workspace/operational/current/PHASE_3_COMPLETION_REPORT.md:54:- lifecycle state;
workspace/operational/current/PHASE_3_COMPLETION_REPORT.md:56:- verification state;
workspace/operational/current/PHASE_3_COMPLETION_REPORT.md:65:Expand drift detection beyond implementation symbols into governance, bootstrap, queues, active state, library metadata, specifications, and repository state.
workspace/operational/current/PHASE_4_TASK_BLOCK.md:9:Detect divergence between canonical governance, operational state, specifications, implementation, queues, File Library metadata, and repository state.
workspace/operational/current/PHASE_4_TASK_BLOCK.md:24:12. Git repository state.
workspace/operational/current/PHASE_4_TASK_BLOCK.md:35:- stale active-state references;
workspace/operational/current/PHASE_4_COMPLETION_REPORT.md:12:- Queue state verified.
workspace/operational/current/PHASE_4_COMPLETION_REPORT.md:17:- Git working state reported.
workspace/operational/current/PHASE_5_TASK_BLOCK.md:27:Recover existing service primitives and define the canonical service contract.
workspace/operational/current/state-model-candidates.lst:1:./workspace/operational/current/state-model-candidates.lst
workspace/operational/bootstrap/INITIALIZATION_ORDER.md:11:1. Recover operational state from repository artifacts.
workspace/operational/bootstrap/INITIALIZATION_ORDER.md:25:   REPOSITORY_STATE.md
workspace/operational/bootstrap/BOOTSTRAP_vNext.md:9:Initialize the Difference Engine from executable repository state.
workspace/operational/bootstrap/BOOTSTRAP_vNext.md:50:- queue state;
workspace/operational/bootstrap/BOOTSTRAP_vNext.md:64:Conversation is not persistent state.
workspace/operational/bootstrap/BOOTSTRAP_vNext.md:66:## Active-State Contract
workspace/operational/bootstrap/BOOTSTRAP_vNext.md:68:Canonical active state is stored in:
workspace/operational/bootstrap/BOOTSTRAP_vNext.md:75:Missing mission or task state must be reported as initialization failure.
workspace/operational/bootstrap/BOOTSTRAP_vNext.md:126:- active-state report;
workspace/operational/bootstrap/BOOTSTRAP_vNext.md:131:Bootstrap is complete only when repository state is verified and execution can resume without conversational reconstruction.
workspace/operational/Continue DifferenceEngine.md:11:Recover operational state before producing new work.
workspace/operational/recovery/gpt-plus-integration/20260803T043919/manifests/repository-tree.lst:17:./.de/state
workspace/operational/recovery/gpt-plus-integration/20260803T043919/manifests/repository-tree.lst:57:./Repository/Relationships
workspace/operational/recovery/gpt-plus-integration/20260803T043919/manifests/repository-tree.lst:97:./ade/kernel/bootstrap_loader/__pycache__/state.cpython-313.pyc
workspace/operational/recovery/gpt-plus-integration/20260803T043919/manifests/repository-tree.lst:125:./ade/kernel/bootstrap_loader/state.py
workspace/operational/recovery/gpt-plus-integration/20260803T043919/manifests/repository-tree.lst:162:./architecture/bootstrap_loader/BOOTSTRAP_LOADER_STATE_MACHINE_v1.md
workspace/operational/recovery/gpt-plus-integration/20260803T043919/manifests/repository-tree.lst:311:./workspace/operational/current/REPOSITORY_STATE.md
workspace/operational/recovery/gpt-plus-integration/20260803T043919/manifests/repository-files.lst:54:./ade/kernel/bootstrap_loader/__pycache__/state.cpython-313.pyc
workspace/operational/recovery/gpt-plus-integration/20260803T043919/manifests/repository-files.lst:82:./ade/kernel/bootstrap_loader/state.py
workspace/operational/recovery/gpt-plus-integration/20260803T043919/manifests/repository-files.lst:107:./architecture/bootstrap_loader/BOOTSTRAP_LOADER_STATE_MACHINE_v1.md
workspace/operational/recovery/gpt-plus-integration/20260803T043919/manifests/repository-files.lst:213:./workspace/operational/current/REPOSITORY_STATE.md
workspace/operational/recovery/gpt-plus-integration/20260803T043919/manifests/repository-dirs.lst:12:./.de/state
workspace/operational/recovery/gpt-plus-integration/20260803T043919/manifests/repository-dirs.lst:32:./Repository/Relationships
workspace/operational/recovery/gpt-plus-integration/20260803T043919/manifests/recovery-candidates.lst:28:./architecture/bootstrap_loader/BOOTSTRAP_LOADER_STATE_MACHINE_v1.md
workspace/operational/recovery/gpt-plus-integration/20260803T043919/reports/largest-files.txt:62:808	./ade/kernel/bootstrap_loader/__pycache__/state.cpython-313.pyc
workspace/operational/recovery/gpt-plus-integration/20260803T043919/reports/largest-files.txt:88:414	./workspace/operational/current/REPOSITORY_STATE.md
workspace/operational/recovery/gpt-plus-integration/20260803T043919/hashes/repository-sha256.txt:54:fdb9e34ff6df209a6839062539e8c5c378867fcf536e2ff7493ac645bd4973c5  ./ade/kernel/bootstrap_loader/__pycache__/state.cpython-313.pyc
workspace/operational/recovery/gpt-plus-integration/20260803T043919/hashes/repository-sha256.txt:82:9f62fd4ddc52a5ba6720dba7227e6b59b5af59d3233018331cd8c896a1249cb8  ./ade/kernel/bootstrap_loader/state.py
workspace/operational/recovery/gpt-plus-integration/20260803T043919/hashes/repository-sha256.txt:107:ed8e12ce0597073559929581dba48bc0e2469d03fe85e33a488b600c2f0b2689  ./architecture/bootstrap_loader/BOOTSTRAP_LOADER_STATE_MACHINE_v1.md
workspace/operational/recovery/gpt-plus-integration/20260803T043919/hashes/repository-sha256.txt:213:703363e29dd465e218d04e893b8b86dd5b344abb0239d1e4229b8a81ebb3e941  ./workspace/operational/current/REPOSITORY_STATE.md
workspace/operational/recovery/gpt-plus-integration/20260803T043919/logs/batch-2-summary.txt:35:./architecture/bootstrap_loader/BOOTSTRAP_LOADER_STATE_MACHINE_v1.md
workspace/operational/recovery/gpt-plus-integration/20260803T043919/logs/batch-2-summary.txt:40:GIT STATE
workspace/operational/recovery/gpt-plus-integration/20260803T043919/logs/batch-6-summary.txt:27:IMPORT_FROM module=state names=['OperationalState']
workspace/operational/recovery/gpt-plus-integration/20260803T043919/logs/batch-6-summary.txt:46:IMPORT_FROM module=state names=['OperationalState']
workspace/operational/recovery/gpt-plus-integration/20260803T043919/logs/batch-6-summary.txt:47:FUNCTION enter_execution_mode args=['state'] defaults=0
workspace/operational/recovery/gpt-plus-integration/20260803T043919/logs/batch-6-summary.txt:70:IMPORT_FROM module=recovery names=['recover_state']
workspace/operational/recovery/gpt-plus-integration/20260803T043919/logs/batch-6-summary.txt:73:IMPORT_FROM module=state names=['OperationalState']
workspace/operational/recovery/gpt-plus-integration/20260803T043919/logs/batch-6-summary.txt:114:IMPORT_FROM module=state names=['OperationalState']
workspace/operational/recovery/gpt-plus-integration/20260803T043919/logs/batch-6-summary.txt:115:FUNCTION recover_state args=['state'] defaults=0
workspace/operational/recovery/gpt-plus-integration/20260803T043919/logs/batch-6-summary.txt:121:IMPORT_FROM module=state names=['OperationalState']
workspace/operational/recovery/gpt-plus-integration/20260803T043919/logs/batch-6-summary.txt:129:===== ade/kernel/bootstrap_loader/state.py =====
workspace/operational/recovery/gpt-plus-integration/20260803T043919/logs/batch-6-summary.txt:132:CLASS OperationalState
workspace/operational/recovery/gpt-plus-integration/20260803T043919/logs/batch-6-summary.txt:160:PUBLIC= ['BootstrapResult', 'OperationalState', 'activate_modes', 'discover_repository', 'enter_execution_mode', 'initialize', 'load_governance', 'load_specifications', 'log', 'recover_mission', 'recover_queues', 'recover_state', 'recover_task', 'validate', 'verify_readiness']
workspace/operational/recovery/gpt-plus-integration/20260803T043919/logs/batch-7-summary.txt:17:OperationalState(repository_root=PosixPath('/storage/emulated/0/DifferenceEngine'), governance_root=PosixPath('/storage/emulated/0/DifferenceEngine/Repository/Governance'), specification_root=PosixPath('/storage/emulated/0/DifferenceEngine/specifications'), execution_mode='Execution', mission=None, task=None)
workspace/operational/recovery/gpt-plus-integration/20260803T043919/logs/batch-7-summary.txt:23:RESULT=BootstrapResult(artifacts=BootstrapArtifacts(constitution=PosixPath('/storage/emulated/0/DifferenceEngine/Repository/Governance/constitution.md'), amendments=PosixPath('/storage/emulated/0/DifferenceEngine/Repository/Governance/amendments.md'), bootstrap=PosixPath('/storage/emulated/0/DifferenceEngine/Repository/Governance/bootstrap.md')), specifications=Specifications(root=PosixPath('/storage/emulated/0/DifferenceEngine/specifications')), state=OperationalState(repository_root=PosixPath('/storage/emulated/0/DifferenceEngine'), governance_root=PosixPath('/storage/emulated/0/DifferenceEngine/Repository/Governance'), specification_root=PosixPath('/storage/emulated/0/DifferenceEngine/specifications'), execution_mode='Execution', mission=None, task=None))
workspace/operational/recovery/gpt-plus-integration/20260803T043919/logs/batch-8-summary.txt:4:LIKELY_STATE_FILES=100
workspace/operational/recovery/gpt-plus-integration/20260803T043919/logs/batch-8-summary.txt:18:./ade/kernel/bootstrap_loader/state.py:14:    mission: str | None = None
workspace/operational/recovery/gpt-plus-integration/20260803T043919/logs/batch-8-summary.txt:40:./workspace/operational/recovery/gpt-plus-integration/20260803T043919/bootstrap-patch/reports/bootstrap-patch-report.txt:44:OperationalState(repository_root=PosixPath('/storage/emulated/0/DifferenceEngine'), governance_root=PosixPath('/storage/emulated/0/DifferenceEngine/Repository/Governance'), specification_root=PosixPath('/storage/emulated/0/DifferenceEngine/specifications'), execution_mode='Execution', mission=None, task=None)
workspace/operational/recovery/gpt-plus-integration/20260803T043919/logs/batch-8-summary.txt:41:./workspace/operational/recovery/gpt-plus-integration/20260803T043919/bootstrap-patch/reports/bootstrap-patch-report.txt:50:RESULT=BootstrapResult(artifacts=BootstrapArtifacts(constitution=PosixPath('/storage/emulated/0/DifferenceEngine/Repository/Governance/constitution.md'), amendments=PosixPath('/storage/emulated/0/DifferenceEngine/Repository/Governance/amendments.md'), bootstrap=PosixPath('/storage/emulated/0/DifferenceEngine/Repository/Governance/bootstrap.md')), specifications=Specifications(root=PosixPath('/storage/emulated/0/DifferenceEngine/specifications')), state=OperationalState(repository_root=PosixPath('/storage/emulated/0/DifferenceEngine'), governance_root=PosixPath('/storage/emulated/0/DifferenceEngine/Repository/Governance'), specification_root=PosixPath('/storage/emulated/0/DifferenceEngine/specifications'), execution_mode='Execution', mission=None, task=None))
workspace/operational/recovery/gpt-plus-integration/20260803T043919/logs/batch-8-summary.txt:42:./workspace/operational/recovery/gpt-plus-integration/20260803T043919/bootstrap-patch/tests/initialize-smoke.txt:4:RESULT=BootstrapResult(artifacts=BootstrapArtifacts(constitution=PosixPath('/storage/emulated/0/DifferenceEngine/Repository/Governance/constitution.md'), amendments=PosixPath('/storage/emulated/0/DifferenceEngine/Repository/Governance/amendments.md'), bootstrap=PosixPath('/storage/emulated/0/DifferenceEngine/Repository/Governance/bootstrap.md')), specifications=Specifications(root=PosixPath('/storage/emulated/0/DifferenceEngine/specifications')), state=OperationalState(repository_root=PosixPath('/storage/emulated/0/DifferenceEngine'), governance_root=PosixPath('/storage/emulated/0/DifferenceEngine/Repository/Governance'), specification_root=PosixPath('/storage/emulated/0/DifferenceEngine/specifications'), execution_mode='Execution', mission=None, task=None))
workspace/operational/recovery/gpt-plus-integration/20260803T043919/logs/batch-8-summary.txt:43:./workspace/operational/recovery/gpt-plus-integration/20260803T043919/bootstrap-patch/tests/package-execution.txt:2:OperationalState(repository_root=PosixPath('/storage/emulated/0/DifferenceEngine'), governance_root=PosixPath('/storage/emulated/0/DifferenceEngine/Repository/Governance'), specification_root=PosixPath('/storage/emulated/0/DifferenceEngine/specifications'), execution_mode='Execution', mission=None, task=None)
workspace/operational/recovery/gpt-plus-integration/20260803T043919/logs/batch-8-summary.txt:68:./workspace/operational/recovery/gpt-plus-integration/20260803T043919/logs/batch-7-summary.txt:17:OperationalState(repository_root=PosixPath('/storage/emulated/0/DifferenceEngine'), governance_root=PosixPath('/storage/emulated/0/DifferenceEngine/Repository/Governance'), specification_root=PosixPath('/storage/emulated/0/DifferenceEngine/specifications'), execution_mode='Execution', mission=None, task=None)
workspace/operational/recovery/gpt-plus-integration/20260803T043919/logs/batch-8-summary.txt:69:./workspace/operational/recovery/gpt-plus-integration/20260803T043919/logs/batch-7-summary.txt:23:RESULT=BootstrapResult(artifacts=BootstrapArtifacts(constitution=PosixPath('/storage/emulated/0/DifferenceEngine/Repository/Governance/constitution.md'), amendments=PosixPath('/storage/emulated/0/DifferenceEngine/Repository/Governance/amendments.md'), bootstrap=PosixPath('/storage/emulated/0/DifferenceEngine/Repository/Governance/bootstrap.md')), specifications=Specifications(root=PosixPath('/storage/emulated/0/DifferenceEngine/specifications')), state=OperationalState(repository_root=PosixPath('/storage/emulated/0/DifferenceEngine'), governance_root=PosixPath('/storage/emulated/0/DifferenceEngine/Repository/Governance'), specification_root=PosixPath('/storage/emulated/0/DifferenceEngine/specifications'), execution_mode='Execution', mission=None, task=None))
workspace/operational/recovery/gpt-plus-integration/20260803T043919/logs/batch-10-summary.txt:14:OperationalState(repository_root=PosixPath('/storage/emulated/0/DifferenceEngine'), governance_root=PosixPath('/storage/emulated/0/DifferenceEngine/Repository/Governance'), specification_root=PosixPath('/storage/emulated/0/DifferenceEngine/specifications'), execution_mode='Execution', mission='GPT Plus Integration', task=None)
workspace/operational/recovery/gpt-plus-integration/20260803T043919/logs/batch-10-summary.txt:16:ACTIVE STATE FILES
workspace/operational/recovery/gpt-plus-integration/20260803T043919/logs/batch-10-summary.txt:25:workspace/operational/current/REPOSITORY_STATE.md
workspace/operational/recovery/gpt-plus-integration/20260803T043919/logs/batch-11-summary.txt:19:OperationalState(repository_root=PosixPath('/storage/emulated/0/DifferenceEngine'), governance_root=PosixPath('/storage/emulated/0/DifferenceEngine/Repository/Governance'), specification_root=PosixPath('/storage/emulated/0/DifferenceEngine/specifications'), execution_mode='Execution', mission='GPT Plus Integration', task='Bootstrap Modernization')
workspace/operational/recovery/gpt-plus-integration/20260803T043919/logs/batch-17-summary.txt:20:QUEUE_TYPE=QueueState
workspace/operational/recovery/gpt-plus-integration/20260803T043919/logs/batch-20-summary.txt:14:    assert state.execution_mode == "Execution"
workspace/operational/recovery/gpt-plus-integration/20260803T043919/logs/batch-20-summary.txt:111:add 'workspace/operational/current/REPOSITORY_STATE.md'
workspace/operational/recovery/gpt-plus-integration/20260803T043919/logs/batch-21-summary.txt:25:-    state = initialize()
workspace/operational/recovery/gpt-plus-integration/20260803T043919/logs/batch-21-summary.txt:29:+    state = result.state
workspace/operational/recovery/gpt-plus-integration/20260803T043919/logs/batch-21-summary.txt:31:     assert state.execution_mode == "Execution"
workspace/operational/recovery/gpt-plus-integration/20260803T043919/logs/batch-21-summary.txt:32:+    assert state.repository_root.is_dir()
workspace/operational/recovery/gpt-plus-integration/20260803T043919/logs/batch-21-summary.txt:33:+    assert state.governance_root.is_dir()
workspace/operational/recovery/gpt-plus-integration/20260803T043919/logs/batch-21-summary.txt:34:+    assert state.specification_root.is_dir()
workspace/operational/recovery/gpt-plus-integration/20260803T043919/logs/batch-21-summary.txt:35:+    assert state.mission == "GPT Plus Integration"
workspace/operational/recovery/gpt-plus-integration/20260803T043919/logs/batch-21-summary.txt:36:+    assert state.task == "Recovery Standardization"
workspace/operational/recovery/gpt-plus-integration/20260803T043919/logs/batch-23-summary.txt:10:LOCAL GIT IDENTITY
workspace/operational/recovery/gpt-plus-integration/20260803T043919/logs/batch-23-summary.txt:12:GLOBAL GIT IDENTITY
workspace/operational/recovery/gpt-plus-integration/20260803T043919/logs/batch-24-summary.txt:70: create mode 100644 ade/kernel/bootstrap_loader/state.py
workspace/operational/recovery/gpt-plus-integration/20260803T043919/logs/batch-24-summary.txt:96: create mode 100644 architecture/bootstrap_loader/BOOTSTRAP_LOADER_STATE_MACHINE_v1.md
workspace/operational/recovery/gpt-plus-integration/20260803T043919/logs/batch-24-summary.txt:208: create mode 100644 workspace/operational/current/REPOSITORY_STATE.md
workspace/operational/recovery/gpt-plus-integration/20260803T043919/logs/batch-28-summary.txt:13:    assert state.task == "Recovery Standardization"
workspace/operational/recovery/gpt-plus-integration/20260803T043919/logs/batch-29-summary.txt:33:[master c155c1e] Make bootstrap test follow canonical active state
workspace/operational/recovery/gpt-plus-integration/20260803T043919/logs/batch-34-summary.txt:47:informational|repository|working_state|Git working tree|Working tree contains 1 changed path(s).
workspace/operational/recovery/gpt-plus-integration/20260803T043919/logs/repository-service-inventory-summary.txt:19:  ClassDef:QueueState
workspace/operational/recovery/gpt-plus-integration/20260803T043919/bootstrap-audit/inputs/recovery-candidates.lst:28:./architecture/bootstrap_loader/BOOTSTRAP_LOADER_STATE_MACHINE_v1.md
workspace/operational/recovery/gpt-plus-integration/20260803T043919/bootstrap-audit/reports/candidate-metadata.txt:83:===== ./architecture/bootstrap_loader/BOOTSTRAP_LOADER_STATE_MACHINE_v1.md =====
workspace/operational/recovery/gpt-plus-integration/20260803T043919/bootstrap-audit/reports/candidate-metadata.txt:84:SIZE=321 | MODIFIED=2026-08-02 19:29:19.204846187 -0500 | PATH=./architecture/bootstrap_loader/BOOTSTRAP_LOADER_STATE_MACHINE_v1.md
workspace/operational/recovery/gpt-plus-integration/20260803T043919/bootstrap-audit/reports/bootstrap-files.lst:25:./architecture/bootstrap_loader/BOOTSTRAP_LOADER_STATE_MACHINE_v1.md
workspace/operational/recovery/gpt-plus-integration/20260803T043919/bootstrap-audit/extracts/candidate-headings.txt:128:===== ./architecture/bootstrap_loader/BOOTSTRAP_LOADER_STATE_MACHINE_v1.md =====
workspace/operational/recovery/gpt-plus-integration/20260803T043919/bootstrap-audit/extracts/candidate-headings.txt:129:1:# Bootstrap Loader State Machine
workspace/operational/recovery/gpt-plus-integration/20260803T043919/bootstrap-audit/hashes/candidate-sha256.txt:28:ed8e12ce0597073559929581dba48bc0e2469d03fe85e33a488b600c2f0b2689  ./architecture/bootstrap_loader/BOOTSTRAP_LOADER_STATE_MACHINE_v1.md
workspace/operational/recovery/gpt-plus-integration/20260803T043919/bootstrap-audit/hashes/candidate-sha256.sorted.txt:33:ed8e12ce0597073559929581dba48bc0e2469d03fe85e33a488b600c2f0b2689  ./architecture/bootstrap_loader/BOOTSTRAP_LOADER_STATE_MACHINE_v1.md
workspace/operational/recovery/gpt-plus-integration/20260803T043919/bootstrap-verification/reports/text-source-files.lst:42:./ade/kernel/bootstrap_loader/state.py
workspace/operational/recovery/gpt-plus-integration/20260803T043919/bootstrap-verification/reports/text-source-files.lst:66:./architecture/bootstrap_loader/BOOTSTRAP_LOADER_STATE_MACHINE_v1.md
workspace/operational/recovery/gpt-plus-integration/20260803T043919/bootstrap-verification/reports/text-source-files.lst:111:./workspace/operational/current/REPOSITORY_STATE.md
workspace/operational/recovery/gpt-plus-integration/20260803T043919/bootstrap-verification/reports/governance-content-files.lst:10:./ade/kernel/bootstrap_loader/state.py
workspace/operational/recovery/gpt-plus-integration/20260803T043919/bootstrap-verification/reports/governance-content-files.lst:32:./workspace/operational/current/REPOSITORY_STATE.md
workspace/operational/recovery/gpt-plus-integration/20260803T043919/bootstrap-verification/reports/bootstrap-content-files.lst:23:./ade/kernel/bootstrap_loader/state.py
workspace/operational/recovery/gpt-plus-integration/20260803T043919/bootstrap-verification/reports/bootstrap-content-files.lst:45:./architecture/bootstrap_loader/BOOTSTRAP_LOADER_STATE_MACHINE_v1.md
workspace/operational/recovery/gpt-plus-integration/20260803T043919/bootstrap-verification/reports/project-integration-files.lst:5:./workspace/operational/current/REPOSITORY_STATE.md
workspace/operational/recovery/gpt-plus-integration/20260803T043919/bootstrap-verification/extracts/bootstrap-primary-sources.txt:29:Operational execution state.
workspace/operational/recovery/gpt-plus-integration/20260803T043919/bootstrap-verification/extracts/bootstrap-primary-sources.txt:80:Operational execution state.
workspace/operational/recovery/gpt-plus-integration/20260803T043919/bootstrap-verification/extracts/bootstrap-primary-sources.txt:124:9. Recover repository state.
workspace/operational/recovery/gpt-plus-integration/20260803T043919/bootstrap-verification/extracts/governance-primary-sources.txt:57:===== ./ade/kernel/bootstrap_loader/state.py =====
workspace/operational/recovery/gpt-plus-integration/20260803T043919/bootstrap-verification/extracts/governance-primary-sources.txt:125:15:9. Recover repository state.
workspace/operational/recovery/gpt-plus-integration/20260803T043919/bootstrap-verification/extracts/governance-primary-sources.txt:137:11:./Repository/Relationships
workspace/operational/recovery/gpt-plus-integration/20260803T043919/bootstrap-verification/extracts/governance-primary-sources.txt:171:256:│       │   ├── REPOSITORY_STATE.md
workspace/operational/recovery/gpt-plus-integration/20260803T043919/bootstrap-verification/extracts/governance-primary-sources.txt:190:19:15. Repository identity SHALL be validated before any repository mutation.
workspace/operational/recovery/gpt-plus-integration/20260803T043919/bootstrap-verification/extracts/governance-primary-sources.txt:204:===== ./workspace/operational/current/REPOSITORY_STATE.md =====
workspace/operational/recovery/gpt-plus-integration/20260803T043919/bootstrap-verification/extracts/governance-primary-sources.txt:205:1:# Repository State
workspace/operational/recovery/gpt-plus-integration/20260803T043919/bootstrap-verification/extracts/governance-primary-sources.txt:282:213:703363e29dd465e218d04e893b8b86dd5b344abb0239d1e4229b8a81ebb3e941  ./workspace/operational/current/REPOSITORY_STATE.md
workspace/operational/recovery/gpt-plus-integration/20260803T043919/bootstrap-verification/extracts/governance-primary-sources.txt:302:88:414	./workspace/operational/current/REPOSITORY_STATE.md
workspace/operational/recovery/gpt-plus-integration/20260803T043919/bootstrap-diagnosis/reports/import-map.txt:8:ade/kernel/bootstrap_loader/context.py:7:from .state import OperationalState
workspace/operational/recovery/gpt-plus-integration/20260803T043919/bootstrap-diagnosis/reports/import-map.txt:13:ade/kernel/bootstrap_loader/execution.py:5:from .state import OperationalState
workspace/operational/recovery/gpt-plus-integration/20260803T043919/bootstrap-diagnosis/reports/import-map.txt:25:ade/kernel/bootstrap_loader/loader.py:13:from .recovery import recover_state
workspace/operational/recovery/gpt-plus-integration/20260803T043919/bootstrap-diagnosis/reports/import-map.txt:28:ade/kernel/bootstrap_loader/loader.py:16:from .state import OperationalState
workspace/operational/recovery/gpt-plus-integration/20260803T043919/bootstrap-diagnosis/reports/import-map.txt:38:ade/kernel/bootstrap_loader/recovery.py:5:from .state import OperationalState
workspace/operational/recovery/gpt-plus-integration/20260803T043919/bootstrap-diagnosis/reports/import-map.txt:42:ade/kernel/bootstrap_loader/result.py:9:from .state import OperationalState
workspace/operational/recovery/gpt-plus-integration/20260803T043919/bootstrap-diagnosis/reports/import-map.txt:45:ade/kernel/bootstrap_loader/state.py:5:from dataclasses import dataclass
workspace/operational/recovery/gpt-plus-integration/20260803T043919/bootstrap-diagnosis/reports/import-map.txt:46:ade/kernel/bootstrap_loader/state.py:6:from pathlib import Path
workspace/operational/recovery/gpt-plus-integration/20260803T043919/bootstrap-diagnosis/extracts/bootstrap-loader-source.txt:23:    state = initialize()
workspace/operational/recovery/gpt-plus-integration/20260803T043919/bootstrap-diagnosis/extracts/bootstrap-loader-source.txt:24:    assert state.execution_mode == "Execution"
workspace/operational/recovery/gpt-plus-integration/20260803T043919/bootstrap-diagnosis/extracts/bootstrap-documents.txt:24:Operational execution state.
workspace/operational/recovery/gpt-plus-integration/20260803T043919/bootstrap-discovery/extracts/bootstrap-complete-source.txt:63:ade/kernel/bootstrap_loader/state.py
workspace/operational/recovery/gpt-plus-integration/20260803T043919/bootstrap-discovery/extracts/bootstrap-complete-source.txt:72:    state = initialize()
workspace/operational/recovery/gpt-plus-integration/20260803T043919/bootstrap-discovery/extracts/bootstrap-complete-source.txt:73:    assert state.execution_mode == "Execution"
workspace/operational/recovery/gpt-plus-integration/20260803T043919/bootstrap-repair/reports/interface-map.txt:24:IMPORT_FROM module=state names=['OperationalState']
workspace/operational/recovery/gpt-plus-integration/20260803T043919/bootstrap-repair/reports/interface-map.txt:43:IMPORT_FROM module=state names=['OperationalState']
workspace/operational/recovery/gpt-plus-integration/20260803T043919/bootstrap-repair/reports/interface-map.txt:44:FUNCTION enter_execution_mode args=['state'] defaults=0
workspace/operational/recovery/gpt-plus-integration/20260803T043919/bootstrap-repair/reports/interface-map.txt:67:IMPORT_FROM module=recovery names=['recover_state']
workspace/operational/recovery/gpt-plus-integration/20260803T043919/bootstrap-repair/reports/interface-map.txt:70:IMPORT_FROM module=state names=['OperationalState']
workspace/operational/recovery/gpt-plus-integration/20260803T043919/bootstrap-repair/reports/interface-map.txt:111:IMPORT_FROM module=state names=['OperationalState']
workspace/operational/recovery/gpt-plus-integration/20260803T043919/bootstrap-repair/reports/interface-map.txt:112:FUNCTION recover_state args=['state'] defaults=0
workspace/operational/recovery/gpt-plus-integration/20260803T043919/bootstrap-repair/reports/interface-map.txt:118:IMPORT_FROM module=state names=['OperationalState']
workspace/operational/recovery/gpt-plus-integration/20260803T043919/bootstrap-repair/reports/interface-map.txt:126:===== ade/kernel/bootstrap_loader/state.py =====
workspace/operational/recovery/gpt-plus-integration/20260803T043919/bootstrap-repair/reports/interface-map.txt:129:CLASS OperationalState
workspace/operational/recovery/gpt-plus-integration/20260803T043919/bootstrap-repair/reports/runtime-import-map.txt:11:PUBLIC= ['BootstrapResult', 'OperationalState', 'activate_modes', 'discover_repository', 'enter_execution_mode', 'initialize', 'load_governance', 'load_specifications', 'log', 'recover_mission', 'recover_queues', 'recover_state', 'recover_task', 'validate', 'verify_readiness']
workspace/operational/recovery/gpt-plus-integration/20260803T043919/bootstrap-repair/extracts/current-source.txt:49:from .recovery import recover_state
workspace/operational/recovery/gpt-plus-integration/20260803T043919/bootstrap-repair/extracts/current-source.txt:52:from .state import OperationalState
workspace/operational/recovery/gpt-plus-integration/20260803T043919/bootstrap-repair/extracts/current-source.txt:68:    state = OperationalState(
workspace/operational/recovery/gpt-plus-integration/20260803T043919/bootstrap-repair/extracts/current-source.txt:78:    state = recover_state(state)
workspace/operational/recovery/gpt-plus-integration/20260803T043919/bootstrap-repair/extracts/current-source.txt:79:    state = enter_execution_mode(state)
workspace/operational/recovery/gpt-plus-integration/20260803T043919/bootstrap-repair/extracts/current-source.txt:84:        state=state,
workspace/operational/recovery/gpt-plus-integration/20260803T043919/bootstrap-repair/extracts/current-source.txt:111:    state = initialize()
workspace/operational/recovery/gpt-plus-integration/20260803T043919/bootstrap-repair/extracts/current-source.txt:112:    assert state.execution_mode == "Execution"
workspace/operational/recovery/gpt-plus-integration/20260803T043919/bootstrap-repair/backups/loader.py.before:13:from .recovery import recover_state
workspace/operational/recovery/gpt-plus-integration/20260803T043919/bootstrap-repair/backups/loader.py.before:16:from .state import OperationalState
workspace/operational/recovery/gpt-plus-integration/20260803T043919/bootstrap-repair/backups/loader.py.before:32:    state = OperationalState(
workspace/operational/recovery/gpt-plus-integration/20260803T043919/bootstrap-repair/backups/loader.py.before:42:    state = recover_state(state)
workspace/operational/recovery/gpt-plus-integration/20260803T043919/bootstrap-repair/backups/loader.py.before:43:    state = enter_execution_mode(state)
workspace/operational/recovery/gpt-plus-integration/20260803T043919/bootstrap-repair/backups/loader.py.before:48:        state=state,
workspace/operational/recovery/gpt-plus-integration/20260803T043919/bootstrap-repair/backups/test_bootstrap_loader.py.before:4:    state = initialize()
workspace/operational/recovery/gpt-plus-integration/20260803T043919/bootstrap-repair/backups/test_bootstrap_loader.py.before:5:    assert state.execution_mode == "Execution"
workspace/operational/recovery/gpt-plus-integration/20260803T043919/bootstrap-patch/reports/bootstrap-patch-report.txt:44:OperationalState(repository_root=PosixPath('/storage/emulated/0/DifferenceEngine'), governance_root=PosixPath('/storage/emulated/0/DifferenceEngine/Repository/Governance'), specification_root=PosixPath('/storage/emulated/0/DifferenceEngine/specifications'), execution_mode='Execution', mission=None, task=None)
workspace/operational/recovery/gpt-plus-integration/20260803T043919/bootstrap-patch/reports/bootstrap-patch-report.txt:50:RESULT=BootstrapResult(artifacts=BootstrapArtifacts(constitution=PosixPath('/storage/emulated/0/DifferenceEngine/Repository/Governance/constitution.md'), amendments=PosixPath('/storage/emulated/0/DifferenceEngine/Repository/Governance/amendments.md'), bootstrap=PosixPath('/storage/emulated/0/DifferenceEngine/Repository/Governance/bootstrap.md')), specifications=Specifications(root=PosixPath('/storage/emulated/0/DifferenceEngine/specifications')), state=OperationalState(repository_root=PosixPath('/storage/emulated/0/DifferenceEngine'), governance_root=PosixPath('/storage/emulated/0/DifferenceEngine/Repository/Governance'), specification_root=PosixPath('/storage/emulated/0/DifferenceEngine/specifications'), execution_mode='Execution', mission=None, task=None))
workspace/operational/recovery/gpt-plus-integration/20260803T043919/bootstrap-patch/tests/package-execution.txt:2:OperationalState(repository_root=PosixPath('/storage/emulated/0/DifferenceEngine'), governance_root=PosixPath('/storage/emulated/0/DifferenceEngine/Repository/Governance'), specification_root=PosixPath('/storage/emulated/0/DifferenceEngine/specifications'), execution_mode='Execution', mission=None, task=None)
workspace/operational/recovery/gpt-plus-integration/20260803T043919/bootstrap-patch/tests/initialize-smoke.txt:4:RESULT=BootstrapResult(artifacts=BootstrapArtifacts(constitution=PosixPath('/storage/emulated/0/DifferenceEngine/Repository/Governance/constitution.md'), amendments=PosixPath('/storage/emulated/0/DifferenceEngine/Repository/Governance/amendments.md'), bootstrap=PosixPath('/storage/emulated/0/DifferenceEngine/Repository/Governance/bootstrap.md')), specifications=Specifications(root=PosixPath('/storage/emulated/0/DifferenceEngine/specifications')), state=OperationalState(repository_root=PosixPath('/storage/emulated/0/DifferenceEngine'), governance_root=PosixPath('/storage/emulated/0/DifferenceEngine/Repository/Governance'), specification_root=PosixPath('/storage/emulated/0/DifferenceEngine/specifications'), execution_mode='Execution', mission=None, task=None))
workspace/operational/recovery/gpt-plus-integration/20260803T043919/mission-task-recovery/reports/search-corpus.lst:42:./ade/kernel/bootstrap_loader/state.py
workspace/operational/recovery/gpt-plus-integration/20260803T043919/mission-task-recovery/reports/search-corpus.lst:66:./architecture/bootstrap_loader/BOOTSTRAP_LOADER_STATE_MACHINE_v1.md
workspace/operational/recovery/gpt-plus-integration/20260803T043919/mission-task-recovery/reports/search-corpus.lst:111:./workspace/operational/current/REPOSITORY_STATE.md
workspace/operational/recovery/gpt-plus-integration/20260803T043919/mission-task-recovery/reports/mission-task-hits.txt:6:./ade/kernel/bootstrap_loader/state.py:14:    mission: str | None = None
workspace/operational/recovery/gpt-plus-integration/20260803T043919/mission-task-recovery/reports/mission-task-hits.txt:28:./workspace/operational/recovery/gpt-plus-integration/20260803T043919/bootstrap-patch/reports/bootstrap-patch-report.txt:44:OperationalState(repository_root=PosixPath('/storage/emulated/0/DifferenceEngine'), governance_root=PosixPath('/storage/emulated/0/DifferenceEngine/Repository/Governance'), specification_root=PosixPath('/storage/emulated/0/DifferenceEngine/specifications'), execution_mode='Execution', mission=None, task=None)
workspace/operational/recovery/gpt-plus-integration/20260803T043919/mission-task-recovery/reports/mission-task-hits.txt:29:./workspace/operational/recovery/gpt-plus-integration/20260803T043919/bootstrap-patch/reports/bootstrap-patch-report.txt:50:RESULT=BootstrapResult(artifacts=BootstrapArtifacts(constitution=PosixPath('/storage/emulated/0/DifferenceEngine/Repository/Governance/constitution.md'), amendments=PosixPath('/storage/emulated/0/DifferenceEngine/Repository/Governance/amendments.md'), bootstrap=PosixPath('/storage/emulated/0/DifferenceEngine/Repository/Governance/bootstrap.md')), specifications=Specifications(root=PosixPath('/storage/emulated/0/DifferenceEngine/specifications')), state=OperationalState(repository_root=PosixPath('/storage/emulated/0/DifferenceEngine'), governance_root=PosixPath('/storage/emulated/0/DifferenceEngine/Repository/Governance'), specification_root=PosixPath('/storage/emulated/0/DifferenceEngine/specifications'), execution_mode='Execution', mission=None, task=None))
workspace/operational/recovery/gpt-plus-integration/20260803T043919/mission-task-recovery/reports/mission-task-hits.txt:30:./workspace/operational/recovery/gpt-plus-integration/20260803T043919/bootstrap-patch/tests/initialize-smoke.txt:4:RESULT=BootstrapResult(artifacts=BootstrapArtifacts(constitution=PosixPath('/storage/emulated/0/DifferenceEngine/Repository/Governance/constitution.md'), amendments=PosixPath('/storage/emulated/0/DifferenceEngine/Repository/Governance/amendments.md'), bootstrap=PosixPath('/storage/emulated/0/DifferenceEngine/Repository/Governance/bootstrap.md')), specifications=Specifications(root=PosixPath('/storage/emulated/0/DifferenceEngine/specifications')), state=OperationalState(repository_root=PosixPath('/storage/emulated/0/DifferenceEngine'), governance_root=PosixPath('/storage/emulated/0/DifferenceEngine/Repository/Governance'), specification_root=PosixPath('/storage/emulated/0/DifferenceEngine/specifications'), execution_mode='Execution', mission=None, task=None))
workspace/operational/recovery/gpt-plus-integration/20260803T043919/mission-task-recovery/reports/mission-task-hits.txt:31:./workspace/operational/recovery/gpt-plus-integration/20260803T043919/bootstrap-patch/tests/package-execution.txt:2:OperationalState(repository_root=PosixPath('/storage/emulated/0/DifferenceEngine'), governance_root=PosixPath('/storage/emulated/0/DifferenceEngine/Repository/Governance'), specification_root=PosixPath('/storage/emulated/0/DifferenceEngine/specifications'), execution_mode='Execution', mission=None, task=None)
workspace/operational/recovery/gpt-plus-integration/20260803T043919/mission-task-recovery/reports/mission-task-hits.txt:56:./workspace/operational/recovery/gpt-plus-integration/20260803T043919/logs/batch-7-summary.txt:17:OperationalState(repository_root=PosixPath('/storage/emulated/0/DifferenceEngine'), governance_root=PosixPath('/storage/emulated/0/DifferenceEngine/Repository/Governance'), specification_root=PosixPath('/storage/emulated/0/DifferenceEngine/specifications'), execution_mode='Execution', mission=None, task=None)
workspace/operational/recovery/gpt-plus-integration/20260803T043919/mission-task-recovery/reports/mission-task-hits.txt:57:./workspace/operational/recovery/gpt-plus-integration/20260803T043919/logs/batch-7-summary.txt:23:RESULT=BootstrapResult(artifacts=BootstrapArtifacts(constitution=PosixPath('/storage/emulated/0/DifferenceEngine/Repository/Governance/constitution.md'), amendments=PosixPath('/storage/emulated/0/DifferenceEngine/Repository/Governance/amendments.md'), bootstrap=PosixPath('/storage/emulated/0/DifferenceEngine/Repository/Governance/bootstrap.md')), specifications=Specifications(root=PosixPath('/storage/emulated/0/DifferenceEngine/specifications')), state=OperationalState(repository_root=PosixPath('/storage/emulated/0/DifferenceEngine'), governance_root=PosixPath('/storage/emulated/0/DifferenceEngine/Repository/Governance'), specification_root=PosixPath('/storage/emulated/0/DifferenceEngine/specifications'), execution_mode='Execution', mission=None, task=None))
workspace/operational/recovery/gpt-plus-integration/20260803T043919/mission-task-recovery/reports/likely-state-files.lst:28:./ade/kernel/bootstrap_loader/state.py
workspace/operational/recovery/gpt-plus-integration/20260803T043919/mission-task-recovery/reports/likely-state-files.lst:50:./architecture/bootstrap_loader/BOOTSTRAP_LOADER_STATE_MACHINE_v1.md
workspace/operational/recovery/gpt-plus-integration/20260803T043919/mission-task-recovery/reports/likely-state-files.lst:65:./workspace/operational/current/REPOSITORY_STATE.md
workspace/operational/recovery/gpt-plus-integration/20260803T043919/mission-task-recovery/extracts/recovery-source.txt:17:===== state.py =====
workspace/operational/recovery/gpt-plus-integration/20260803T043919/mission-task-recovery/extracts/recovery-source.txt:19:Bootstrap operational state.
workspace/operational/recovery/gpt-plus-integration/20260803T043919/mission-task-recovery/extracts/recovery-source.txt:26:class OperationalState:
workspace/operational/recovery/gpt-plus-integration/20260803T043919/mission-task-recovery/extracts/recovery-source.txt:39:from .state import OperationalState
workspace/operational/recovery/gpt-plus-integration/20260803T043919/mission-task-recovery/extracts/recovery-source.txt:41:def recover_state(state: OperationalState) -> OperationalState:
workspace/operational/recovery/gpt-plus-integration/20260803T043919/mission-task-recovery/extracts/recovery-source.txt:42:    return state
workspace/operational/recovery/gpt-plus-integration/20260803T043919/mission-task-recovery/extracts/recovery-source.txt:57:from .recovery import recover_state
workspace/operational/recovery/gpt-plus-integration/20260803T043919/mission-task-recovery/extracts/recovery-source.txt:60:from .state import OperationalState
workspace/operational/recovery/gpt-plus-integration/20260803T043919/mission-task-recovery/extracts/recovery-source.txt:76:    state = OperationalState(
workspace/operational/recovery/gpt-plus-integration/20260803T043919/mission-task-recovery/extracts/recovery-source.txt:86:    state = recover_state(state)
workspace/operational/recovery/gpt-plus-integration/20260803T043919/mission-task-recovery/extracts/recovery-source.txt:87:    state = enter_execution_mode(state)
workspace/operational/recovery/gpt-plus-integration/20260803T043919/mission-task-recovery/extracts/recovery-source.txt:92:        state=state,
workspace/operational/recovery/gpt-plus-integration/20260803T043919/mission-task-recovery/extracts/state-candidates.txt:25:Operational execution state.
workspace/operational/recovery/gpt-plus-integration/20260803T043919/mission-task-patch/reports/state-source-extract.txt:12:1. Recover operational state from repository artifacts.
workspace/operational/recovery/gpt-plus-integration/20260803T043919/mission-task-patch/reports/state-source-extract.txt:26:   REPOSITORY_STATE.md
workspace/operational/recovery/gpt-plus-integration/20260803T043919/mission-task-patch/reports/state-source-extract.txt:117:Recover operational state before producing new work.
workspace/operational/recovery/gpt-plus-integration/20260803T043919/active-state-patch/reports/current-state-files.lst:9:workspace/operational/current/REPOSITORY_STATE.md
workspace/operational/recovery/gpt-plus-integration/20260803T043919/active-state-patch/reports/active-mission.diff:18:+- Bootstrap is executable state.
workspace/operational/recovery/gpt-plus-integration/20260803T043919/active-state-patch/reports/active-task.diff:23:+Establish deterministic active-state recovery.
workspace/operational/recovery/gpt-plus-integration/20260803T043919/active-state-patch/reports/bootstrap-recovery-report.md:18:## Active State
workspace/operational/recovery/gpt-plus-integration/20260803T043919/active-state-patch/tests/package-execution.txt:2:OperationalState(repository_root=PosixPath('/storage/emulated/0/DifferenceEngine'), governance_root=PosixPath('/storage/emulated/0/DifferenceEngine/Repository/Governance'), specification_root=PosixPath('/storage/emulated/0/DifferenceEngine/specifications'), execution_mode='Execution', mission='GPT Plus Integration', task=None)
workspace/operational/recovery/gpt-plus-integration/20260803T043919/task-heading-repair/tests/package-execution.txt:2:OperationalState(repository_root=PosixPath('/storage/emulated/0/DifferenceEngine'), governance_root=PosixPath('/storage/emulated/0/DifferenceEngine/Repository/Governance'), specification_root=PosixPath('/storage/emulated/0/DifferenceEngine/specifications'), execution_mode='Execution', mission='GPT Plus Integration', task='Bootstrap Modernization')
workspace/operational/recovery/gpt-plus-integration/20260803T043919/bootstrap-vnext/artifacts/BOOTSTRAP_vNext.md:9:Initialize the Difference Engine from executable repository state.
workspace/operational/recovery/gpt-plus-integration/20260803T043919/bootstrap-vnext/artifacts/BOOTSTRAP_vNext.md:50:- queue state;
workspace/operational/recovery/gpt-plus-integration/20260803T043919/bootstrap-vnext/artifacts/BOOTSTRAP_vNext.md:64:Conversation is not persistent state.
workspace/operational/recovery/gpt-plus-integration/20260803T043919/bootstrap-vnext/artifacts/BOOTSTRAP_vNext.md:66:## Active-State Contract
workspace/operational/recovery/gpt-plus-integration/20260803T043919/bootstrap-vnext/artifacts/BOOTSTRAP_vNext.md:68:Canonical active state is stored in:
workspace/operational/recovery/gpt-plus-integration/20260803T043919/bootstrap-vnext/artifacts/BOOTSTRAP_vNext.md:75:Missing mission or task state must be reported as initialization failure.
workspace/operational/recovery/gpt-plus-integration/20260803T043919/bootstrap-vnext/artifacts/BOOTSTRAP_vNext.md:126:- active-state report;
workspace/operational/recovery/gpt-plus-integration/20260803T043919/bootstrap-vnext/artifacts/BOOTSTRAP_vNext.md:131:Bootstrap is complete only when repository state is verified and execution can resume without conversational reconstruction.
workspace/operational/recovery/gpt-plus-integration/20260803T043919/bootstrap-vnext/artifacts/BOOTSTRAP_DIFFERENCE_REPORT.md:3:## Previous State
workspace/operational/recovery/gpt-plus-integration/20260803T043919/bootstrap-vnext/artifacts/BOOTSTRAP_DIFFERENCE_REPORT.md:36:Mission recovery now reads canonical operational state files.
workspace/operational/recovery/gpt-plus-integration/20260803T043919/bootstrap-vnext/artifacts/BOOTSTRAP_DIFFERENCE_REPORT.md:44:Task recovery now reads canonical operational state files.
workspace/operational/recovery/gpt-plus-integration/20260803T043919/bootstrap-vnext/artifacts/BOOTSTRAP_DIFFERENCE_REPORT.md:68:### Repository State Gap
workspace/operational/recovery/gpt-plus-integration/20260803T043919/bootstrap-vnext/artifacts/BOOTSTRAP_MIGRATION_NOTES.md:7:## Canonical Active State
workspace/operational/recovery/gpt-plus-integration/20260803T043919/bootstrap-vnext/artifacts/BOOTSTRAP_MIGRATION_NOTES.md:49:- queue recovery does not yet recover complete operational queue state.
workspace/operational/recovery/gpt-plus-integration/20260803T043919/bootstrap-vnext/backups/Governance-bootstrap.md.before:23:Operational execution state.
workspace/operational/recovery/gpt-plus-integration/20260803T043919/recovery-specification/artifacts/RECOVERY_SOP.md:9:Recover the Difference Engine from repository state without relying on conversational memory.
workspace/operational/recovery/gpt-plus-integration/20260803T043919/recovery-specification/artifacts/RECOVERY_SOP.md:21:9. Verify queue state.
workspace/operational/recovery/gpt-plus-integration/20260803T043919/recovery-specification/artifacts/RECOVERY_SOP.md:34:- branch identity known;
workspace/operational/recovery/gpt-plus-integration/20260803T043919/recovery-specification/artifacts/RECOVERY_SOP.md:81:- active state against queues;
workspace/operational/recovery/gpt-plus-integration/20260803T043919/recovery-specification/artifacts/RECOVERY_SOP.md:82:- repository state against inventories;
workspace/operational/recovery/gpt-plus-integration/20260803T043919/recovery-specification/artifacts/RECOVERY_SOP.md:142:- active-state report;
workspace/operational/recovery/gpt-plus-integration/20260803T043919/recovery-specification/artifacts/RECOVERY_VERIFIER_SPECIFICATION.md:9:Provide deterministic verification that the Difference Engine can recover and resume execution from repository state.
workspace/operational/recovery/gpt-plus-integration/20260803T043919/recovery-specification/artifacts/RECOVERY_VERIFIER_SPECIFICATION.md:73:### Active State
workspace/operational/recovery/gpt-plus-integration/20260803T043919/recovery-specification/artifacts/RECOVERY_VERIFIER_SPECIFICATION.md:89:- active-state format matches parser support;
workspace/operational/recovery/gpt-plus-integration/20260803T043919/recovery-specification/artifacts/RECOVERY_VERIFIER_SPECIFICATION.md:108:- queue state incomplete;
workspace/operational/recovery/gpt-plus-integration/20260803T043919/recovery-verifier/reports/verifier.py.diff:103:+    state = result.state
workspace/operational/recovery/gpt-plus-integration/20260803T043919/recovery-verifier/reports/verifier.py.diff:120:+    if not state.repository_root.is_dir():
workspace/operational/recovery/gpt-plus-integration/20260803T043919/recovery-verifier/reports/verifier.py.diff:125:+    if not state.governance_root.is_dir():
workspace/operational/recovery/gpt-plus-integration/20260803T043919/recovery-verifier/reports/verifier.py.diff:130:+    if not state.specification_root.is_dir():
workspace/operational/recovery/gpt-plus-integration/20260803T043919/recovery-verifier/reports/verifier.py.diff:135:+    if not state.mission:
workspace/operational/recovery/gpt-plus-integration/20260803T043919/recovery-verifier/reports/verifier.py.diff:140:+    if not state.task:
workspace/operational/recovery/gpt-plus-integration/20260803T043919/recovery-verifier/reports/verifier.py.diff:145:+    if state.execution_mode != "Execution":
workspace/operational/recovery/gpt-plus-integration/20260803T043919/recovery-verifier/reports/verifier.py.diff:202:+            state.repository_root
workspace/operational/recovery/gpt-plus-integration/20260803T043919/recovery-verifier/reports/verifier.py.diff:205:+            state.governance_root
workspace/operational/recovery/gpt-plus-integration/20260803T043919/recovery-verifier/reports/verifier.py.diff:208:+            state.specification_root
workspace/operational/recovery/gpt-plus-integration/20260803T043919/recovery-verifier/reports/verifier.py.diff:210:+        "mission": state.mission,
workspace/operational/recovery/gpt-plus-integration/20260803T043919/recovery-verifier/reports/verifier.py.diff:211:+        "task": state.task,
workspace/operational/recovery/gpt-plus-integration/20260803T043919/recovery-verifier/reports/verifier.py.diff:212:+        "execution_mode": state.execution_mode,
workspace/operational/recovery/gpt-plus-integration/20260803T043919/phase-1-closeout/artifacts/PHASE_1_COMPLETION_REPORT.md:18:- canonical active-state files;
workspace/operational/recovery/gpt-plus-integration/20260803T043919/phase-1-closeout/artifacts/PHASE_1_COMPLETION_REPORT.md:28:## Verified State
workspace/operational/recovery/gpt-plus-integration/20260803T043919/phase-1-closeout/artifacts/PHASE_1_COMPLETION_REPORT.md:60:Bootstrap now initializes from executable repository state and recovers the active mission and task without conversational reconstruction.
workspace/operational/recovery/gpt-plus-integration/20260803T043919/phase-1-closeout/artifacts/SIQ_GPT_PLUS_INTEGRATION.md:28:Recover active, accepted, suggested, and completed queues into bootstrap state.
workspace/operational/recovery/gpt-plus-integration/20260803T043919/queue-recovery-audit/reports/queue-reference-map.txt:9:workspace/operational/bootstrap/BOOTSTRAP_vNext.md:50:- queue state;
workspace/operational/recovery/gpt-plus-integration/20260803T043919/queue-recovery-audit/reports/queue-reference-map.txt:12:workspace/operational/recovery/gpt-plus-integration/20260803T043919/logs/batch-6-summary.txt:160:PUBLIC= ['BootstrapResult', 'OperationalState', 'activate_modes', 'discover_repository', 'enter_execution_mode', 'initialize', 'load_governance', 'load_specifications', 'log', 'recover_mission', 'recover_queues', 'recover_state', 'recover_task', 'validate', 'verify_readiness']
workspace/operational/recovery/gpt-plus-integration/20260803T043919/queue-recovery-audit/reports/queue-reference-map.txt:18:workspace/operational/recovery/gpt-plus-integration/20260803T043919/bootstrap-repair/reports/runtime-import-map.txt:11:PUBLIC= ['BootstrapResult', 'OperationalState', 'activate_modes', 'discover_repository', 'enter_execution_mode', 'initialize', 'load_governance', 'load_specifications', 'log', 'recover_mission', 'recover_queues', 'recover_state', 'recover_task', 'validate', 'verify_readiness']
workspace/operational/recovery/gpt-plus-integration/20260803T043919/queue-recovery-audit/reports/queue-reference-map.txt:27:workspace/operational/recovery/gpt-plus-integration/20260803T043919/bootstrap-vnext/artifacts/BOOTSTRAP_vNext.md:50:- queue state;
workspace/operational/recovery/gpt-plus-integration/20260803T043919/queue-recovery-audit/reports/queue-reference-map.txt:28:workspace/operational/recovery/gpt-plus-integration/20260803T043919/bootstrap-vnext/artifacts/BOOTSTRAP_MIGRATION_NOTES.md:49:- queue recovery does not yet recover complete operational queue state.
workspace/operational/recovery/gpt-plus-integration/20260803T043919/queue-recovery-audit/reports/queue-reference-map.txt:29:workspace/operational/recovery/gpt-plus-integration/20260803T043919/recovery-specification/artifacts/RECOVERY_SOP.md:21:9. Verify queue state.
workspace/operational/recovery/gpt-plus-integration/20260803T043919/queue-recovery-audit/reports/queue-reference-map.txt:31:workspace/operational/recovery/gpt-plus-integration/20260803T043919/recovery-specification/artifacts/RECOVERY_VERIFIER_SPECIFICATION.md:108:- queue state incomplete;
workspace/operational/recovery/gpt-plus-integration/20260803T043919/queue-recovery-audit/reports/queue-reference-map.txt:33:workspace/operational/recovery/gpt-plus-integration/20260803T043919/phase-1-closeout/artifacts/SIQ_GPT_PLUS_INTEGRATION.md:28:Recover active, accepted, suggested, and completed queues into bootstrap state.
workspace/operational/recovery/gpt-plus-integration/20260803T043919/queue-recovery-audit/reports/queue-reference-map.txt:36:workspace/operational/recovery/gpt-plus-integration/20260803T043919/queue-recovery-audit/extracts/queue-corpus.txt:30:Recover active, accepted, suggested, and completed queues into bootstrap state.
workspace/operational/recovery/gpt-plus-integration/20260803T043919/queue-recovery-audit/reports/queue-reference-map.txt:40:workspace/operational/recovery/RECOVERY_SOP.md:21:9. Verify queue state.
workspace/operational/recovery/gpt-plus-integration/20260803T043919/queue-recovery-audit/reports/queue-reference-map.txt:42:workspace/operational/recovery/RECOVERY_VERIFIER_SPECIFICATION.md:108:- queue state incomplete;
workspace/operational/recovery/gpt-plus-integration/20260803T043919/queue-recovery-audit/reports/queue-reference-map.txt:44:queue/SIQ_GPT_PLUS_INTEGRATION.md:28:Recover active, accepted, suggested, and completed queues into bootstrap state.
workspace/operational/recovery/gpt-plus-integration/20260803T043919/queue-recovery-audit/extracts/queue-corpus.txt:30:Recover active, accepted, suggested, and completed queues into bootstrap state.
workspace/operational/recovery/gpt-plus-integration/20260803T043919/queue-recovery-audit/extracts/queue-corpus.txt:121:- Update operational state before creating new operational artifacts.
workspace/operational/recovery/gpt-plus-integration/20260803T043919/queue-recovery-audit/extracts/queue-loader-source.txt:9:===== state.py =====
workspace/operational/recovery/gpt-plus-integration/20260803T043919/queue-recovery-audit/extracts/queue-loader-source.txt:11:Bootstrap operational state.
workspace/operational/recovery/gpt-plus-integration/20260803T043919/queue-recovery-audit/extracts/queue-loader-source.txt:18:class OperationalState:
workspace/operational/recovery/gpt-plus-integration/20260803T043919/queue-recovery-audit/extracts/queue-loader-source.txt:35:from .state import OperationalState
workspace/operational/recovery/gpt-plus-integration/20260803T043919/queue-recovery-audit/extracts/queue-loader-source.txt:41:    state: OperationalState
workspace/operational/recovery/gpt-plus-integration/20260803T043919/queue-recovery-audit/extracts/queue-loader-source.txt:56:from .recovery import recover_state
workspace/operational/recovery/gpt-plus-integration/20260803T043919/queue-recovery-audit/extracts/queue-loader-source.txt:59:from .state import OperationalState
workspace/operational/recovery/gpt-plus-integration/20260803T043919/queue-recovery-audit/extracts/queue-loader-source.txt:75:    state = OperationalState(
workspace/operational/recovery/gpt-plus-integration/20260803T043919/queue-recovery-audit/extracts/queue-loader-source.txt:85:    state = recover_state(state)
workspace/operational/recovery/gpt-plus-integration/20260803T043919/queue-recovery-audit/extracts/queue-loader-source.txt:86:    state = enter_execution_mode(state)
workspace/operational/recovery/gpt-plus-integration/20260803T043919/queue-recovery-audit/extracts/queue-loader-source.txt:91:        state=state,
workspace/operational/recovery/gpt-plus-integration/20260803T043919/queue-recovery-implementation/reports/queue.py.diff:26:+class QueueState:
workspace/operational/recovery/gpt-plus-integration/20260803T043919/queue-recovery-implementation/reports/queue.py.diff:91:+) -> QueueState:
workspace/operational/recovery/gpt-plus-integration/20260803T043919/queue-recovery-implementation/reports/queue.py.diff:128:+    return QueueState(
workspace/operational/recovery/gpt-plus-integration/20260803T043919/queue-recovery-implementation/tests/loader-compatibility.txt:3:QUEUE_TYPE=QueueState
workspace/operational/recovery/gpt-plus-integration/20260803T043919/drift-detector/reports/drift.py.diff:43:+        "QueueState",
workspace/operational/recovery/gpt-plus-integration/20260803T043919/drift-detector/reports/drift.py.diff:54:+REQUIRED_ACTIVE_STATE = (
workspace/operational/recovery/gpt-plus-integration/20260803T043919/drift-detector/reports/drift.py.diff:168:+    for path in REQUIRED_ACTIVE_STATE:
workspace/operational/recovery/gpt-plus-integration/20260803T043919/drift-detector/reports/drift.py.diff:174:+                    category="active_state",
workspace/operational/recovery/gpt-plus-integration/20260803T043919/drift-detector/reports/drift.py.diff:177:+                    detail="Required active-state file missing.",
workspace/operational/recovery/gpt-plus-integration/20260803T043919/verifier-integration/reports/verifier.py.diff:18:+    queue_state = recover_queues(
workspace/operational/recovery/gpt-plus-integration/20260803T043919/verifier-integration/reports/verifier.py.diff:23:+        len(queue_state.unknown) == 0
workspace/operational/recovery/gpt-plus-integration/20260803T043919/verifier-integration/reports/verifier.py.diff:51:+        "queue_state": {
workspace/operational/recovery/gpt-plus-integration/20260803T043919/verifier-integration/reports/verifier.py.diff:53:+                queue_state.suggested
workspace/operational/recovery/gpt-plus-integration/20260803T043919/verifier-integration/reports/verifier.py.diff:56:+                queue_state.implementation
workspace/operational/recovery/gpt-plus-integration/20260803T043919/verifier-integration/reports/verifier.py.diff:59:+                queue_state.active
workspace/operational/recovery/gpt-plus-integration/20260803T043919/verifier-integration/reports/verifier.py.diff:62:+                queue_state.completed
workspace/operational/recovery/gpt-plus-integration/20260803T043919/verifier-integration/reports/verifier.py.diff:65:+                queue_state.deferred
workspace/operational/recovery/gpt-plus-integration/20260803T043919/verifier-integration/reports/verifier.py.diff:68:+                queue_state.unknown
workspace/operational/recovery/gpt-plus-integration/20260803T043919/verifier-integration/backups/verifier.py.before:97:    state = result.state
workspace/operational/recovery/gpt-plus-integration/20260803T043919/verifier-integration/backups/verifier.py.before:114:    if not state.repository_root.is_dir():
workspace/operational/recovery/gpt-plus-integration/20260803T043919/verifier-integration/backups/verifier.py.before:119:    if not state.governance_root.is_dir():
workspace/operational/recovery/gpt-plus-integration/20260803T043919/verifier-integration/backups/verifier.py.before:124:    if not state.specification_root.is_dir():
workspace/operational/recovery/gpt-plus-integration/20260803T043919/verifier-integration/backups/verifier.py.before:129:    if not state.mission:
workspace/operational/recovery/gpt-plus-integration/20260803T043919/verifier-integration/backups/verifier.py.before:134:    if not state.task:
workspace/operational/recovery/gpt-plus-integration/20260803T043919/verifier-integration/backups/verifier.py.before:139:    if state.execution_mode != "Execution":
workspace/operational/recovery/gpt-plus-integration/20260803T043919/verifier-integration/backups/verifier.py.before:196:            state.repository_root
workspace/operational/recovery/gpt-plus-integration/20260803T043919/verifier-integration/backups/verifier.py.before:199:            state.governance_root
workspace/operational/recovery/gpt-plus-integration/20260803T043919/verifier-integration/backups/verifier.py.before:202:            state.specification_root
workspace/operational/recovery/gpt-plus-integration/20260803T043919/verifier-integration/backups/verifier.py.before:204:        "mission": state.mission,
workspace/operational/recovery/gpt-plus-integration/20260803T043919/verifier-integration/backups/verifier.py.before:205:        "task": state.task,
workspace/operational/recovery/gpt-plus-integration/20260803T043919/verifier-integration/backups/verifier.py.before:206:        "execution_mode": state.execution_mode,
workspace/operational/recovery/gpt-plus-integration/20260803T043919/git-baseline-and-test-runner/reports/generated-files.lst:28:./ade/kernel/bootstrap_loader/__pycache__/state.cpython-313.pyc
workspace/operational/recovery/gpt-plus-integration/20260803T043919/git-baseline-and-test-runner/reports/git-add-dry-run.txt:54:add 'ade/kernel/bootstrap_loader/state.py'
workspace/operational/recovery/gpt-plus-integration/20260803T043919/git-baseline-and-test-runner/reports/git-add-dry-run.txt:80:add 'architecture/bootstrap_loader/BOOTSTRAP_LOADER_STATE_MACHINE_v1.md'
workspace/operational/recovery/gpt-plus-integration/20260803T043919/git-baseline-and-test-runner/reports/git-add-dry-run.txt:192:add 'workspace/operational/current/REPOSITORY_STATE.md'
workspace/operational/recovery/gpt-plus-integration/20260803T043919/git-baseline-and-test-runner/tests/deterministic-test-runner.txt:6:    assert state.execution_mode == "Execution"
workspace/operational/recovery/gpt-plus-integration/20260803T043919/test-contract-repair/reports/test_bootstrap_loader.py.diff:7:-    state = initialize()
workspace/operational/recovery/gpt-plus-integration/20260803T043919/test-contract-repair/reports/test_bootstrap_loader.py.diff:11:+    state = result.state
workspace/operational/recovery/gpt-plus-integration/20260803T043919/test-contract-repair/reports/test_bootstrap_loader.py.diff:13:     assert state.execution_mode == "Execution"
workspace/operational/recovery/gpt-plus-integration/20260803T043919/test-contract-repair/reports/test_bootstrap_loader.py.diff:14:+    assert state.repository_root.is_dir()
workspace/operational/recovery/gpt-plus-integration/20260803T043919/test-contract-repair/reports/test_bootstrap_loader.py.diff:15:+    assert state.governance_root.is_dir()
workspace/operational/recovery/gpt-plus-integration/20260803T043919/test-contract-repair/reports/test_bootstrap_loader.py.diff:16:+    assert state.specification_root.is_dir()
workspace/operational/recovery/gpt-plus-integration/20260803T043919/test-contract-repair/reports/test_bootstrap_loader.py.diff:17:+    assert state.mission == "GPT Plus Integration"
workspace/operational/recovery/gpt-plus-integration/20260803T043919/test-contract-repair/reports/test_bootstrap_loader.py.diff:18:+    assert state.task == "Recovery Standardization"
workspace/operational/recovery/gpt-plus-integration/20260803T043919/test-contract-repair/backups/test_bootstrap_loader.py.before:4:    state = initialize()
workspace/operational/recovery/gpt-plus-integration/20260803T043919/test-contract-repair/backups/test_bootstrap_loader.py.before:5:    assert state.execution_mode == "Execution"
workspace/operational/recovery/gpt-plus-integration/20260803T043919/formal-test-runner-integration/backups/verifier.py.before:100:    state = result.state
workspace/operational/recovery/gpt-plus-integration/20260803T043919/formal-test-runner-integration/backups/verifier.py.before:117:    if not state.repository_root.is_dir():
workspace/operational/recovery/gpt-plus-integration/20260803T043919/formal-test-runner-integration/backups/verifier.py.before:122:    if not state.governance_root.is_dir():
workspace/operational/recovery/gpt-plus-integration/20260803T043919/formal-test-runner-integration/backups/verifier.py.before:127:    if not state.specification_root.is_dir():
workspace/operational/recovery/gpt-plus-integration/20260803T043919/formal-test-runner-integration/backups/verifier.py.before:132:    if not state.mission:
workspace/operational/recovery/gpt-plus-integration/20260803T043919/formal-test-runner-integration/backups/verifier.py.before:137:    if not state.task:
workspace/operational/recovery/gpt-plus-integration/20260803T043919/formal-test-runner-integration/backups/verifier.py.before:142:    if state.execution_mode != "Execution":
workspace/operational/recovery/gpt-plus-integration/20260803T043919/formal-test-runner-integration/backups/verifier.py.before:168:    queue_state = recover_queues(
workspace/operational/recovery/gpt-plus-integration/20260803T043919/formal-test-runner-integration/backups/verifier.py.before:173:        len(queue_state.unknown) == 0
workspace/operational/recovery/gpt-plus-integration/20260803T043919/formal-test-runner-integration/backups/verifier.py.before:216:            state.repository_root
workspace/operational/recovery/gpt-plus-integration/20260803T043919/formal-test-runner-integration/backups/verifier.py.before:219:            state.governance_root
workspace/operational/recovery/gpt-plus-integration/20260803T043919/formal-test-runner-integration/backups/verifier.py.before:222:            state.specification_root
workspace/operational/recovery/gpt-plus-integration/20260803T043919/formal-test-runner-integration/backups/verifier.py.before:224:        "mission": state.mission,
workspace/operational/recovery/gpt-plus-integration/20260803T043919/formal-test-runner-integration/backups/verifier.py.before:225:        "task": state.task,
workspace/operational/recovery/gpt-plus-integration/20260803T043919/formal-test-runner-integration/backups/verifier.py.before:226:        "execution_mode": state.execution_mode,
workspace/operational/recovery/gpt-plus-integration/20260803T043919/formal-test-runner-integration/backups/verifier.py.before:240:        "queue_state": {
workspace/operational/recovery/gpt-plus-integration/20260803T043919/formal-test-runner-integration/backups/verifier.py.before:242:                queue_state.suggested
workspace/operational/recovery/gpt-plus-integration/20260803T043919/formal-test-runner-integration/backups/verifier.py.before:245:                queue_state.implementation
workspace/operational/recovery/gpt-plus-integration/20260803T043919/formal-test-runner-integration/backups/verifier.py.before:248:                queue_state.active
workspace/operational/recovery/gpt-plus-integration/20260803T043919/formal-test-runner-integration/backups/verifier.py.before:251:                queue_state.completed
workspace/operational/recovery/gpt-plus-integration/20260803T043919/formal-test-runner-integration/backups/verifier.py.before:254:                queue_state.deferred
workspace/operational/recovery/gpt-plus-integration/20260803T043919/formal-test-runner-integration/backups/verifier.py.before:257:                queue_state.unknown
workspace/operational/recovery/gpt-plus-integration/20260803T043919/git-baseline-preflight/reports/baseline-files.lst:54:./ade/kernel/bootstrap_loader/state.py
workspace/operational/recovery/gpt-plus-integration/20260803T043919/git-baseline-preflight/reports/baseline-files.lst:80:./architecture/bootstrap_loader/BOOTSTRAP_LOADER_STATE_MACHINE_v1.md
workspace/operational/recovery/gpt-plus-integration/20260803T043919/git-baseline-preflight/reports/baseline-files.lst:192:./workspace/operational/current/REPOSITORY_STATE.md
workspace/operational/recovery/gpt-plus-integration/20260803T043919/git-baseline-preflight/reports/baseline-files-by-size.txt:81:414	./workspace/operational/current/REPOSITORY_STATE.md
workspace/operational/recovery/gpt-plus-integration/20260803T043919/git-baseline-preflight/reports/baseline-files-by-size.txt:96:321	./architecture/bootstrap_loader/BOOTSTRAP_LOADER_STATE_MACHINE_v1.md
workspace/operational/recovery/gpt-plus-integration/20260803T043919/git-baseline-preflight/reports/baseline-files-by-size.txt:98:309	./ade/kernel/bootstrap_loader/state.py
workspace/operational/recovery/gpt-plus-integration/20260803T043919/git-baseline-preflight/reports/git-add-dry-run.txt:54:add 'ade/kernel/bootstrap_loader/state.py'
workspace/operational/recovery/gpt-plus-integration/20260803T043919/git-baseline-preflight/reports/git-add-dry-run.txt:80:add 'architecture/bootstrap_loader/BOOTSTRAP_LOADER_STATE_MACHINE_v1.md'
workspace/operational/recovery/gpt-plus-integration/20260803T043919/git-baseline-preflight/reports/git-add-dry-run.txt:192:add 'workspace/operational/current/REPOSITORY_STATE.md'
workspace/operational/recovery/gpt-plus-integration/20260803T043919/git-baseline/reports/staged-stat.txt:57: ade/kernel/bootstrap_loader/state.py               |    15 +
workspace/operational/recovery/gpt-plus-integration/20260803T043919/git-baseline/reports/staged-stat.txt:83: .../BOOTSTRAP_LOADER_STATE_MACHINE_v1.md           |    37 +
workspace/operational/recovery/gpt-plus-integration/20260803T043919/git-baseline/reports/staged-stat.txt:195: workspace/operational/current/REPOSITORY_STATE.md  |    26 +
workspace/operational/recovery/gpt-plus-integration/20260803T043919/git-baseline/reports/staged-files.txt:57:A	ade/kernel/bootstrap_loader/state.py
workspace/operational/recovery/gpt-plus-integration/20260803T043919/git-baseline/reports/staged-files.txt:83:A	architecture/bootstrap_loader/BOOTSTRAP_LOADER_STATE_MACHINE_v1.md
workspace/operational/recovery/gpt-plus-integration/20260803T043919/git-baseline/reports/staged-files.txt:195:A	workspace/operational/current/REPOSITORY_STATE.md
workspace/operational/recovery/gpt-plus-integration/20260803T043919/git-baseline/reports/git-commit.txt:61: create mode 100644 ade/kernel/bootstrap_loader/state.py
workspace/operational/recovery/gpt-plus-integration/20260803T043919/git-baseline/reports/git-commit.txt:87: create mode 100644 architecture/bootstrap_loader/BOOTSTRAP_LOADER_STATE_MACHINE_v1.md
workspace/operational/recovery/gpt-plus-integration/20260803T043919/git-baseline/reports/git-commit.txt:199: create mode 100644 workspace/operational/current/REPOSITORY_STATE.md
workspace/operational/recovery/gpt-plus-integration/20260803T043919/external-verifier-integration/reports/verifier.py.diff:61:         "queue_state": {
workspace/operational/recovery/gpt-plus-integration/20260803T043919/external-verifier-integration/reports/verifier.py.diff:63:                 queue_state.suggested
workspace/operational/recovery/gpt-plus-integration/20260803T043919/external-verifier-integration/backups/verifier.py.before:100:    state = result.state
workspace/operational/recovery/gpt-plus-integration/20260803T043919/external-verifier-integration/backups/verifier.py.before:117:    if not state.repository_root.is_dir():
workspace/operational/recovery/gpt-plus-integration/20260803T043919/external-verifier-integration/backups/verifier.py.before:122:    if not state.governance_root.is_dir():
workspace/operational/recovery/gpt-plus-integration/20260803T043919/external-verifier-integration/backups/verifier.py.before:127:    if not state.specification_root.is_dir():
workspace/operational/recovery/gpt-plus-integration/20260803T043919/external-verifier-integration/backups/verifier.py.before:132:    if not state.mission:
workspace/operational/recovery/gpt-plus-integration/20260803T043919/external-verifier-integration/backups/verifier.py.before:137:    if not state.task:
workspace/operational/recovery/gpt-plus-integration/20260803T043919/external-verifier-integration/backups/verifier.py.before:142:    if state.execution_mode != "Execution":
workspace/operational/recovery/gpt-plus-integration/20260803T043919/external-verifier-integration/backups/verifier.py.before:168:    queue_state = recover_queues(
workspace/operational/recovery/gpt-plus-integration/20260803T043919/external-verifier-integration/backups/verifier.py.before:173:        len(queue_state.unknown) == 0
workspace/operational/recovery/gpt-plus-integration/20260803T043919/external-verifier-integration/backups/verifier.py.before:226:            state.repository_root
workspace/operational/recovery/gpt-plus-integration/20260803T043919/external-verifier-integration/backups/verifier.py.before:229:            state.governance_root
workspace/operational/recovery/gpt-plus-integration/20260803T043919/external-verifier-integration/backups/verifier.py.before:232:            state.specification_root
workspace/operational/recovery/gpt-plus-integration/20260803T043919/external-verifier-integration/backups/verifier.py.before:234:        "mission": state.mission,
workspace/operational/recovery/gpt-plus-integration/20260803T043919/external-verifier-integration/backups/verifier.py.before:235:        "task": state.task,
workspace/operational/recovery/gpt-plus-integration/20260803T043919/external-verifier-integration/backups/verifier.py.before:236:        "execution_mode": state.execution_mode,
workspace/operational/recovery/gpt-plus-integration/20260803T043919/external-verifier-integration/backups/verifier.py.before:250:        "queue_state": {
workspace/operational/recovery/gpt-plus-integration/20260803T043919/external-verifier-integration/backups/verifier.py.before:252:                queue_state.suggested
workspace/operational/recovery/gpt-plus-integration/20260803T043919/external-verifier-integration/backups/verifier.py.before:255:                queue_state.implementation
workspace/operational/recovery/gpt-plus-integration/20260803T043919/external-verifier-integration/backups/verifier.py.before:258:                queue_state.active
workspace/operational/recovery/gpt-plus-integration/20260803T043919/external-verifier-integration/backups/verifier.py.before:261:                queue_state.completed
workspace/operational/recovery/gpt-plus-integration/20260803T043919/external-verifier-integration/backups/verifier.py.before:264:                queue_state.deferred
workspace/operational/recovery/gpt-plus-integration/20260803T043919/external-verifier-integration/backups/verifier.py.before:267:                queue_state.unknown
workspace/operational/recovery/gpt-plus-integration/20260803T043919/phase-2-closeout/artifacts/PHASE_2_COMPLETION_REPORT.md:26:## Verified State
workspace/operational/recovery/gpt-plus-integration/20260803T043919/phase-2-closeout/artifacts/PHASE_2_COMPLETION_REPORT.md:34:- queue state: verified;
workspace/operational/recovery/gpt-plus-integration/20260803T043919/phase-2-closeout/artifacts/PHASE_2_COMPLETION_REPORT.md:54:The Difference Engine can recover from repository state without conversational reconstruction.
workspace/operational/recovery/gpt-plus-integration/20260803T043919/phase-2-closeout/artifacts/PHASE_3_TASK_BLOCK.md:36:- stable identity;
workspace/operational/recovery/gpt-plus-integration/20260803T043919/phase-2-closeout/artifacts/PHASE_3_TASK_BLOCK.md:40:- lifecycle state;
workspace/operational/recovery/gpt-plus-integration/20260803T043919/phase-2-closeout/artifacts/PHASE_3_TASK_BLOCK.md:41:- verification state.
workspace/operational/recovery/gpt-plus-integration/20260803T043919/phase-2-closeout/tests/test-runner.txt:6:    assert state.task == "Recovery Standardization"
workspace/operational/recovery/gpt-plus-integration/20260803T043919/task-agnostic-test-repair/reports/test_bootstrap_loader.py.diff:13:     state = result.state
workspace/operational/recovery/gpt-plus-integration/20260803T043919/task-agnostic-test-repair/reports/test_bootstrap_loader.py.diff:21:     assert state.execution_mode == "Execution"
workspace/operational/recovery/gpt-plus-integration/20260803T043919/task-agnostic-test-repair/reports/test_bootstrap_loader.py.diff:22:     assert state.repository_root.is_dir()
workspace/operational/recovery/gpt-plus-integration/20260803T043919/task-agnostic-test-repair/reports/test_bootstrap_loader.py.diff:23:     assert state.governance_root.is_dir()
workspace/operational/recovery/gpt-plus-integration/20260803T043919/task-agnostic-test-repair/reports/test_bootstrap_loader.py.diff:24:     assert state.specification_root.is_dir()
workspace/operational/recovery/gpt-plus-integration/20260803T043919/task-agnostic-test-repair/reports/test_bootstrap_loader.py.diff:25:-    assert state.mission == "GPT Plus Integration"
workspace/operational/recovery/gpt-plus-integration/20260803T043919/task-agnostic-test-repair/reports/test_bootstrap_loader.py.diff:26:-    assert state.task == "Recovery Standardization"
workspace/operational/recovery/gpt-plus-integration/20260803T043919/task-agnostic-test-repair/reports/test_bootstrap_loader.py.diff:28:+    assert state.mission == expected_mission
workspace/operational/recovery/gpt-plus-integration/20260803T043919/task-agnostic-test-repair/reports/test_bootstrap_loader.py.diff:29:+    assert state.task == expected_task
workspace/operational/recovery/gpt-plus-integration/20260803T043919/task-agnostic-test-repair/reports/git-commit.txt:3:[master c155c1e] Make bootstrap test follow canonical active state
workspace/operational/recovery/gpt-plus-integration/20260803T043919/task-agnostic-test-repair/backups/test_bootstrap_loader.py.before:6:    state = result.state
workspace/operational/recovery/gpt-plus-integration/20260803T043919/task-agnostic-test-repair/backups/test_bootstrap_loader.py.before:8:    assert state.execution_mode == "Execution"
workspace/operational/recovery/gpt-plus-integration/20260803T043919/task-agnostic-test-repair/backups/test_bootstrap_loader.py.before:9:    assert state.repository_root.is_dir()
workspace/operational/recovery/gpt-plus-integration/20260803T043919/task-agnostic-test-repair/backups/test_bootstrap_loader.py.before:10:    assert state.governance_root.is_dir()
workspace/operational/recovery/gpt-plus-integration/20260803T043919/task-agnostic-test-repair/backups/test_bootstrap_loader.py.before:11:    assert state.specification_root.is_dir()
workspace/operational/recovery/gpt-plus-integration/20260803T043919/task-agnostic-test-repair/backups/test_bootstrap_loader.py.before:12:    assert state.mission == "GPT Plus Integration"
workspace/operational/recovery/gpt-plus-integration/20260803T043919/task-agnostic-test-repair/backups/test_bootstrap_loader.py.before:13:    assert state.task == "Recovery Standardization"
workspace/operational/recovery/gpt-plus-integration/20260803T043919/library-verifier-integration/reports/verifier.py.diff:123:         "queue_state": {
workspace/operational/recovery/gpt-plus-integration/20260803T043919/library-verifier-integration/reports/verifier.py.diff:125:                 queue_state.suggested
workspace/operational/recovery/gpt-plus-integration/20260803T043919/library-verifier-integration/backups/verifier.py.before:100:    state = result.state
workspace/operational/recovery/gpt-plus-integration/20260803T043919/library-verifier-integration/backups/verifier.py.before:117:    if not state.repository_root.is_dir():
workspace/operational/recovery/gpt-plus-integration/20260803T043919/library-verifier-integration/backups/verifier.py.before:122:    if not state.governance_root.is_dir():
workspace/operational/recovery/gpt-plus-integration/20260803T043919/library-verifier-integration/backups/verifier.py.before:127:    if not state.specification_root.is_dir():
workspace/operational/recovery/gpt-plus-integration/20260803T043919/library-verifier-integration/backups/verifier.py.before:132:    if not state.mission:
workspace/operational/recovery/gpt-plus-integration/20260803T043919/library-verifier-integration/backups/verifier.py.before:137:    if not state.task:
workspace/operational/recovery/gpt-plus-integration/20260803T043919/library-verifier-integration/backups/verifier.py.before:142:    if state.execution_mode != "Execution":
workspace/operational/recovery/gpt-plus-integration/20260803T043919/library-verifier-integration/backups/verifier.py.before:168:    queue_state = recover_queues(
workspace/operational/recovery/gpt-plus-integration/20260803T043919/library-verifier-integration/backups/verifier.py.before:173:        len(queue_state.unknown) == 0
workspace/operational/recovery/gpt-plus-integration/20260803T043919/library-verifier-integration/backups/verifier.py.before:265:            state.repository_root
workspace/operational/recovery/gpt-plus-integration/20260803T043919/library-verifier-integration/backups/verifier.py.before:268:            state.governance_root
workspace/operational/recovery/gpt-plus-integration/20260803T043919/library-verifier-integration/backups/verifier.py.before:271:            state.specification_root
workspace/operational/recovery/gpt-plus-integration/20260803T043919/library-verifier-integration/backups/verifier.py.before:273:        "mission": state.mission,
workspace/operational/recovery/gpt-plus-integration/20260803T043919/library-verifier-integration/backups/verifier.py.before:274:        "task": state.task,
workspace/operational/recovery/gpt-plus-integration/20260803T043919/library-verifier-integration/backups/verifier.py.before:275:        "execution_mode": state.execution_mode,
workspace/operational/recovery/gpt-plus-integration/20260803T043919/library-verifier-integration/backups/verifier.py.before:292:        "queue_state": {
workspace/operational/recovery/gpt-plus-integration/20260803T043919/library-verifier-integration/backups/verifier.py.before:294:                queue_state.suggested
workspace/operational/recovery/gpt-plus-integration/20260803T043919/library-verifier-integration/backups/verifier.py.before:297:                queue_state.implementation
workspace/operational/recovery/gpt-plus-integration/20260803T043919/library-verifier-integration/backups/verifier.py.before:300:                queue_state.active
workspace/operational/recovery/gpt-plus-integration/20260803T043919/library-verifier-integration/backups/verifier.py.before:303:                queue_state.completed
workspace/operational/recovery/gpt-plus-integration/20260803T043919/library-verifier-integration/backups/verifier.py.before:306:                queue_state.deferred
workspace/operational/recovery/gpt-plus-integration/20260803T043919/library-verifier-integration/backups/verifier.py.before:309:                queue_state.unknown
workspace/operational/recovery/gpt-plus-integration/20260803T043919/library-shadowing-repair/backups/verifier.py.before:100:    state = result.state
workspace/operational/recovery/gpt-plus-integration/20260803T043919/library-shadowing-repair/backups/verifier.py.before:117:    if not state.repository_root.is_dir():
workspace/operational/recovery/gpt-plus-integration/20260803T043919/library-shadowing-repair/backups/verifier.py.before:122:    if not state.governance_root.is_dir():
workspace/operational/recovery/gpt-plus-integration/20260803T043919/library-shadowing-repair/backups/verifier.py.before:127:    if not state.specification_root.is_dir():
workspace/operational/recovery/gpt-plus-integration/20260803T043919/library-shadowing-repair/backups/verifier.py.before:132:    if not state.mission:
workspace/operational/recovery/gpt-plus-integration/20260803T043919/library-shadowing-repair/backups/verifier.py.before:137:    if not state.task:
workspace/operational/recovery/gpt-plus-integration/20260803T043919/library-shadowing-repair/backups/verifier.py.before:142:    if state.execution_mode != "Execution":
workspace/operational/recovery/gpt-plus-integration/20260803T043919/library-shadowing-repair/backups/verifier.py.before:168:    queue_state = recover_queues(
workspace/operational/recovery/gpt-plus-integration/20260803T043919/library-shadowing-repair/backups/verifier.py.before:173:        len(queue_state.unknown) == 0
workspace/operational/recovery/gpt-plus-integration/20260803T043919/library-shadowing-repair/backups/verifier.py.before:364:            state.repository_root
workspace/operational/recovery/gpt-plus-integration/20260803T043919/library-shadowing-repair/backups/verifier.py.before:367:            state.governance_root
workspace/operational/recovery/gpt-plus-integration/20260803T043919/library-shadowing-repair/backups/verifier.py.before:370:            state.specification_root
workspace/operational/recovery/gpt-plus-integration/20260803T043919/library-shadowing-repair/backups/verifier.py.before:372:        "mission": state.mission,
workspace/operational/recovery/gpt-plus-integration/20260803T043919/library-shadowing-repair/backups/verifier.py.before:373:        "task": state.task,
workspace/operational/recovery/gpt-plus-integration/20260803T043919/library-shadowing-repair/backups/verifier.py.before:374:        "execution_mode": state.execution_mode,
workspace/operational/recovery/gpt-plus-integration/20260803T043919/library-shadowing-repair/backups/verifier.py.before:394:        "queue_state": {
workspace/operational/recovery/gpt-plus-integration/20260803T043919/library-shadowing-repair/backups/verifier.py.before:396:                queue_state.suggested
workspace/operational/recovery/gpt-plus-integration/20260803T043919/library-shadowing-repair/backups/verifier.py.before:399:                queue_state.implementation
workspace/operational/recovery/gpt-plus-integration/20260803T043919/library-shadowing-repair/backups/verifier.py.before:402:                queue_state.active
workspace/operational/recovery/gpt-plus-integration/20260803T043919/library-shadowing-repair/backups/verifier.py.before:405:                queue_state.completed
workspace/operational/recovery/gpt-plus-integration/20260803T043919/library-shadowing-repair/backups/verifier.py.before:408:                queue_state.deferred
workspace/operational/recovery/gpt-plus-integration/20260803T043919/library-shadowing-repair/backups/verifier.py.before:411:                queue_state.unknown
workspace/operational/recovery/gpt-plus-integration/20260803T043919/library-shadowing-repair-retry/backups/verifier.py.before:100:    state = result.state
workspace/operational/recovery/gpt-plus-integration/20260803T043919/library-shadowing-repair-retry/backups/verifier.py.before:117:    if not state.repository_root.is_dir():
workspace/operational/recovery/gpt-plus-integration/20260803T043919/library-shadowing-repair-retry/backups/verifier.py.before:122:    if not state.governance_root.is_dir():
workspace/operational/recovery/gpt-plus-integration/20260803T043919/library-shadowing-repair-retry/backups/verifier.py.before:127:    if not state.specification_root.is_dir():
workspace/operational/recovery/gpt-plus-integration/20260803T043919/library-shadowing-repair-retry/backups/verifier.py.before:132:    if not state.mission:
workspace/operational/recovery/gpt-plus-integration/20260803T043919/library-shadowing-repair-retry/backups/verifier.py.before:137:    if not state.task:
workspace/operational/recovery/gpt-plus-integration/20260803T043919/library-shadowing-repair-retry/backups/verifier.py.before:142:    if state.execution_mode != "Execution":
workspace/operational/recovery/gpt-plus-integration/20260803T043919/library-shadowing-repair-retry/backups/verifier.py.before:168:    queue_state = recover_queues(
workspace/operational/recovery/gpt-plus-integration/20260803T043919/library-shadowing-repair-retry/backups/verifier.py.before:173:        len(queue_state.unknown) == 0
workspace/operational/recovery/gpt-plus-integration/20260803T043919/library-shadowing-repair-retry/backups/verifier.py.before:364:            state.repository_root
workspace/operational/recovery/gpt-plus-integration/20260803T043919/library-shadowing-repair-retry/backups/verifier.py.before:367:            state.governance_root
workspace/operational/recovery/gpt-plus-integration/20260803T043919/library-shadowing-repair-retry/backups/verifier.py.before:370:            state.specification_root
workspace/operational/recovery/gpt-plus-integration/20260803T043919/library-shadowing-repair-retry/backups/verifier.py.before:372:        "mission": state.mission,
workspace/operational/recovery/gpt-plus-integration/20260803T043919/library-shadowing-repair-retry/backups/verifier.py.before:373:        "task": state.task,
workspace/operational/recovery/gpt-plus-integration/20260803T043919/library-shadowing-repair-retry/backups/verifier.py.before:374:        "execution_mode": state.execution_mode,
workspace/operational/recovery/gpt-plus-integration/20260803T043919/library-shadowing-repair-retry/backups/verifier.py.before:394:        "queue_state": {
workspace/operational/recovery/gpt-plus-integration/20260803T043919/library-shadowing-repair-retry/backups/verifier.py.before:396:                queue_state.suggested
workspace/operational/recovery/gpt-plus-integration/20260803T043919/library-shadowing-repair-retry/backups/verifier.py.before:399:                queue_state.implementation
workspace/operational/recovery/gpt-plus-integration/20260803T043919/library-shadowing-repair-retry/backups/verifier.py.before:402:                queue_state.active
workspace/operational/recovery/gpt-plus-integration/20260803T043919/library-shadowing-repair-retry/backups/verifier.py.before:405:                queue_state.completed
workspace/operational/recovery/gpt-plus-integration/20260803T043919/library-shadowing-repair-retry/backups/verifier.py.before:408:                queue_state.deferred
workspace/operational/recovery/gpt-plus-integration/20260803T043919/library-shadowing-repair-retry/backups/verifier.py.before:411:                queue_state.unknown
workspace/operational/recovery/gpt-plus-integration/20260803T043919/library-shadowing-repair-final/backups/verifier.py.before:100:    state = result.state
workspace/operational/recovery/gpt-plus-integration/20260803T043919/library-shadowing-repair-final/backups/verifier.py.before:117:    if not state.repository_root.is_dir():
workspace/operational/recovery/gpt-plus-integration/20260803T043919/library-shadowing-repair-final/backups/verifier.py.before:122:    if not state.governance_root.is_dir():
workspace/operational/recovery/gpt-plus-integration/20260803T043919/library-shadowing-repair-final/backups/verifier.py.before:127:    if not state.specification_root.is_dir():
workspace/operational/recovery/gpt-plus-integration/20260803T043919/library-shadowing-repair-final/backups/verifier.py.before:132:    if not state.mission:
workspace/operational/recovery/gpt-plus-integration/20260803T043919/library-shadowing-repair-final/backups/verifier.py.before:137:    if not state.task:
workspace/operational/recovery/gpt-plus-integration/20260803T043919/library-shadowing-repair-final/backups/verifier.py.before:142:    if state.execution_mode != "Execution":
workspace/operational/recovery/gpt-plus-integration/20260803T043919/library-shadowing-repair-final/backups/verifier.py.before:168:    queue_state = recover_queues(
workspace/operational/recovery/gpt-plus-integration/20260803T043919/library-shadowing-repair-final/backups/verifier.py.before:173:        len(queue_state.unknown) == 0
workspace/operational/recovery/gpt-plus-integration/20260803T043919/library-shadowing-repair-final/backups/verifier.py.before:364:            state.repository_root
workspace/operational/recovery/gpt-plus-integration/20260803T043919/library-shadowing-repair-final/backups/verifier.py.before:367:            state.governance_root
workspace/operational/recovery/gpt-plus-integration/20260803T043919/library-shadowing-repair-final/backups/verifier.py.before:370:            state.specification_root
workspace/operational/recovery/gpt-plus-integration/20260803T043919/library-shadowing-repair-final/backups/verifier.py.before:372:        "mission": state.mission,
workspace/operational/recovery/gpt-plus-integration/20260803T043919/library-shadowing-repair-final/backups/verifier.py.before:373:        "task": state.task,
workspace/operational/recovery/gpt-plus-integration/20260803T043919/library-shadowing-repair-final/backups/verifier.py.before:374:        "execution_mode": state.execution_mode,
workspace/operational/recovery/gpt-plus-integration/20260803T043919/library-shadowing-repair-final/backups/verifier.py.before:394:        "queue_state": {
workspace/operational/recovery/gpt-plus-integration/20260803T043919/library-shadowing-repair-final/backups/verifier.py.before:396:                queue_state.suggested
workspace/operational/recovery/gpt-plus-integration/20260803T043919/library-shadowing-repair-final/backups/verifier.py.before:399:                queue_state.implementation
workspace/operational/recovery/gpt-plus-integration/20260803T043919/library-shadowing-repair-final/backups/verifier.py.before:402:                queue_state.active
workspace/operational/recovery/gpt-plus-integration/20260803T043919/library-shadowing-repair-final/backups/verifier.py.before:405:                queue_state.completed
workspace/operational/recovery/gpt-plus-integration/20260803T043919/library-shadowing-repair-final/backups/verifier.py.before:408:                queue_state.deferred
workspace/operational/recovery/gpt-plus-integration/20260803T043919/library-shadowing-repair-final/backups/verifier.py.before:411:                queue_state.unknown
workspace/operational/recovery/gpt-plus-integration/20260803T043919/phase-3-closeout/artifacts/PHASE_3_COMPLETION_REPORT.md:19:- artifact lifecycle states;
workspace/operational/recovery/gpt-plus-integration/20260803T043919/phase-3-closeout/artifacts/PHASE_3_COMPLETION_REPORT.md:27:## Verified State
workspace/operational/recovery/gpt-plus-integration/20260803T043919/phase-3-closeout/artifacts/PHASE_3_COMPLETION_REPORT.md:44:- The Branch Steward Protocol remains candidate lifecycle state pending ratification evidence.
workspace/operational/recovery/gpt-plus-integration/20260803T043919/phase-3-closeout/artifacts/PHASE_3_COMPLETION_REPORT.md:52:- stable identity;
workspace/operational/recovery/gpt-plus-integration/20260803T043919/phase-3-closeout/artifacts/PHASE_3_COMPLETION_REPORT.md:54:- lifecycle state;
workspace/operational/recovery/gpt-plus-integration/20260803T043919/phase-3-closeout/artifacts/PHASE_3_COMPLETION_REPORT.md:56:- verification state;
workspace/operational/recovery/gpt-plus-integration/20260803T043919/phase-3-closeout/artifacts/PHASE_3_COMPLETION_REPORT.md:65:Expand drift detection beyond implementation symbols into governance, bootstrap, queues, active state, library metadata, specifications, and repository state.
workspace/operational/recovery/gpt-plus-integration/20260803T043919/phase-3-closeout/artifacts/PHASE_4_TASK_BLOCK.md:9:Detect divergence between canonical governance, operational state, specifications, implementation, queues, File Library metadata, and repository state.
workspace/operational/recovery/gpt-plus-integration/20260803T043919/phase-3-closeout/artifacts/PHASE_4_TASK_BLOCK.md:24:12. Git repository state.
workspace/operational/recovery/gpt-plus-integration/20260803T043919/phase-3-closeout/artifacts/PHASE_4_TASK_BLOCK.md:35:- stale active-state references;
workspace/operational/recovery/gpt-plus-integration/20260803T043919/cross-domain-drift-detector/reports/drift.py.diff:32:-        "QueueState",
workspace/operational/recovery/gpt-plus-integration/20260803T043919/cross-domain-drift-detector/reports/drift.py.diff:34:+        "QueueState",
workspace/operational/recovery/gpt-plus-integration/20260803T043919/cross-domain-drift-detector/reports/drift.py.diff:43:-REQUIRED_ACTIVE_STATE = (
workspace/operational/recovery/gpt-plus-integration/20260803T043919/cross-domain-drift-detector/reports/drift.py.diff:321:-    for path in REQUIRED_ACTIVE_STATE:
workspace/operational/recovery/gpt-plus-integration/20260803T043919/cross-domain-drift-detector/reports/drift.py.diff:326:+def _check_active_state(
workspace/operational/recovery/gpt-plus-integration/20260803T043919/cross-domain-drift-detector/reports/drift.py.diff:351:-                    category="active_state",
workspace/operational/recovery/gpt-plus-integration/20260803T043919/cross-domain-drift-detector/reports/drift.py.diff:353:+                    domain="active_state",
workspace/operational/recovery/gpt-plus-integration/20260803T043919/cross-domain-drift-detector/reports/drift.py.diff:357:-                    detail="Required active-state file missing.",
workspace/operational/recovery/gpt-plus-integration/20260803T043919/cross-domain-drift-detector/reports/drift.py.diff:381:+                    domain="active_state",
workspace/operational/recovery/gpt-plus-integration/20260803T043919/cross-domain-drift-detector/reports/drift.py.diff:740:+                    classification="working_state",
workspace/operational/recovery/gpt-plus-integration/20260803T043919/cross-domain-drift-detector/reports/drift.py.diff:821:+        _check_active_state(
workspace/operational/recovery/gpt-plus-integration/20260803T043919/cross-domain-drift-detector/backups/drift.py.before:37:        "QueueState",
workspace/operational/recovery/gpt-plus-integration/20260803T043919/cross-domain-drift-detector/backups/drift.py.before:48:REQUIRED_ACTIVE_STATE = (
workspace/operational/recovery/gpt-plus-integration/20260803T043919/cross-domain-drift-detector/backups/drift.py.before:162:    for path in REQUIRED_ACTIVE_STATE:
workspace/operational/recovery/gpt-plus-integration/20260803T043919/cross-domain-drift-detector/backups/drift.py.before:168:                    category="active_state",
workspace/operational/recovery/gpt-plus-integration/20260803T043919/cross-domain-drift-detector/backups/drift.py.before:171:                    detail="Required active-state file missing.",
workspace/operational/recovery/gpt-plus-integration/20260803T043919/repository-service-inventory/reports/service-source-files.lst:31:ade/kernel/bootstrap_loader/state.py
workspace/operational/recovery/gpt-plus-integration/20260803T043919/repository-service-inventory/reports/service-source-files.lst:57:architecture/bootstrap_loader/BOOTSTRAP_LOADER_STATE_MACHINE_v1.md
workspace/operational/recovery/gpt-plus-integration/20260803T043919/repository-service-inventory/reports/service-source-files.lst:86:workspace/operational/current/REPOSITORY_STATE.md
workspace/operational/recovery/gpt-plus-integration/20260803T043919/repository-service-inventory/reports/service-source-files.lst:97:workspace/operational/recovery/gpt-plus-integration/20260803T043919/active-state-patch/reports/bootstrap-recovery-report.md
workspace/operational/recovery/gpt-plus-integration/20260803T043919/repository-service-inventory/reports/service-reference-map.txt:16:scripts/reconciliation/DIFFERING_FILES.report:107:diff -ruN /storage/emulated/0/DifferenceEngine/BOOTSTRAP_ACTIVE_STATE_SNAPSHOT.md /storage/emulated/0/FILE_LIBRARY_UPLOADS/BOOTSTRAP_ACTIVE_STATE_SNAPSHOT.md
workspace/operational/recovery/gpt-plus-integration/20260803T043919/repository-service-inventory/reports/service-reference-map.txt:46:scripts/reconciliation/DIFFERING_FILES.report:222:diff -ruN /storage/emulated/0/DifferenceEngine/ade/kernel/bootstrap_loader/state.py /storage/emulated/0/FILE_LIBRARY_UPLOADS/ade/kernel/bootstrap_loader/state.py
workspace/operational/recovery/gpt-plus-integration/20260803T043919/repository-service-inventory/reports/service-reference-map.txt:67:scripts/reconciliation/DIFFERING_FILES.report:245:diff -ruN /storage/emulated/0/DifferenceEngine/architecture/bootstrap_loader/BOOTSTRAP_LOADER_STATE_MACHINE_v1.md /storage/emulated/0/FILE_LIBRARY_UPLOADS/architecture/bootstrap_loader/BOOTSTRAP_LOADER_STATE_MACHINE_v1.md
workspace/operational/recovery/gpt-plus-integration/20260803T043919/repository-service-inventory/reports/service-reference-map.txt:99:scripts/reconciliation/FILE_PAIR_INDEX.report:107:/storage/emulated/0/DifferenceEngine/BOOTSTRAP_ACTIVE_STATE_SNAPSHOT.md	1969-12-31 18:00:00.000000000 -0600	/storage/emulated/0/FILE_LIBRARY_UPLOADS/99_UTILITIES/Scripts/ids.py	2026-07-27 17:25:41.087735581 -0500
workspace/operational/recovery/gpt-plus-integration/20260803T043919/repository-service-inventory/reports/service-reference-map.txt:101:scripts/reconciliation/FILE_PAIR_INDEX.report:176:"/storage/emulated/0/DifferenceEngine/Rebuild.md/QUEUE - Review Repository Naming Convention.md"	1969-12-31 18:00:00.000000000 -0600	/storage/emulated/0/FILE_LIBRARY_UPLOADS/BOOTSTRAP_ACTIVE_STATE_SNAPSHOT.md	2026-07-27 22:09:55.729642511 -0500
workspace/operational/recovery/gpt-plus-integration/20260803T043919/repository-service-inventory/reports/service-reference-map.txt:128:scripts/reconciliation/FILE_PAIR_INDEX.report:220:/storage/emulated/0/DifferenceEngine/ade/kernel/bootstrap_loader/result.py	2026-08-02 21:14:36.742142204 -0500	"/storage/emulated/0/FILE_LIBRARY_UPLOADS/Facet Conversation.md"	2026-07-28 00:54:56.557295485 -0500
workspace/operational/recovery/gpt-plus-integration/20260803T043919/repository-service-inventory/reports/service-reference-map.txt:130:scripts/reconciliation/FILE_PAIR_INDEX.report:222:/storage/emulated/0/DifferenceEngine/ade/kernel/bootstrap_loader/state.py	2026-08-02 20:40:14.585270104 -0500	"/storage/emulated/0/FILE_LIBRARY_UPLOADS/Files on the Motorola G Power 21.md"	2026-07-29 02:33:54.372682010 -0500
workspace/operational/recovery/gpt-plus-integration/20260803T043919/repository-service-inventory/reports/service-reference-map.txt:151:scripts/reconciliation/FILE_PAIR_INDEX.report:245:/storage/emulated/0/DifferenceEngine/architecture/bootstrap_loader/BOOTSTRAP_LOADER_STATE_MACHINE_v1.md	2026-08-02 19:29:19.204846187 -0500	+    ↓
workspace/operational/recovery/gpt-plus-integration/20260803T043919/repository-service-inventory/reports/service-reference-map.txt:165:scripts/reconciliation/FILE_PAIR_INDEX.report:259:/storage/emulated/0/DifferenceEngine/inventory/reconciliation/FLU.dirs	2026-08-02 22:37:58.092640440 -0500	"/storage/emulated/0/FILE_LIBRARY_UPLOADS/Primitive Promotion Pipeline.md"	2026-07-31 08:14:49.293710037 -0500
workspace/operational/recovery/gpt-plus-integration/20260803T043919/repository-service-inventory/reports/service-reference-map.txt:207:scripts/reconciliation/FILE_PAIR_INDEX.report:390:	/storage/emulated/0/FILE_LIBRARY_UPLOADS/ade/kernel/bootstrap_loader/state.py	1969-12-31 18:00:00.000000000 -0600
workspace/operational/recovery/gpt-plus-integration/20260803T043919/repository-service-inventory/reports/service-reference-map.txt:228:scripts/reconciliation/FILE_PAIR_INDEX.report:413:	/storage/emulated/0/FILE_LIBRARY_UPLOADS/architecture/bootstrap_loader/BOOTSTRAP_LOADER_STATE_MACHINE_v1.md	1969-12-31 18:00:00.000000000 -0600
workspace/operational/recovery/gpt-plus-integration/20260803T043919/repository-service-inventory/reports/service-reference-map.txt:258:scripts/reconciliation/LEFT_FILES.report:107:/storage/emulated/0/DifferenceEngine/BOOTSTRAP_ACTIVE_STATE_SNAPSHOT.md	1969-12-31 18:00:00.000000000 -0600
workspace/operational/recovery/gpt-plus-integration/20260803T043919/repository-service-inventory/reports/service-reference-map.txt:288:scripts/reconciliation/LEFT_FILES.report:222:/storage/emulated/0/DifferenceEngine/ade/kernel/bootstrap_loader/state.py	2026-08-02 20:40:14.585270104 -0500
workspace/operational/recovery/gpt-plus-integration/20260803T043919/repository-service-inventory/reports/service-reference-map.txt:309:scripts/reconciliation/LEFT_FILES.report:245:/storage/emulated/0/DifferenceEngine/architecture/bootstrap_loader/BOOTSTRAP_LOADER_STATE_MACHINE_v1.md	2026-08-02 19:29:19.204846187 -0500
workspace/operational/recovery/gpt-plus-integration/20260803T043919/repository-service-inventory/reports/service-reference-map.txt:339:scripts/reconciliation/RIGHT_FILES.report:176:/storage/emulated/0/FILE_LIBRARY_UPLOADS/BOOTSTRAP_ACTIVE_STATE_SNAPSHOT.md	2026-07-27 22:09:55.729642511 -0500
workspace/operational/recovery/gpt-plus-integration/20260803T043919/repository-service-inventory/reports/service-reference-map.txt:369:scripts/reconciliation/RIGHT_FILES.report:390:/storage/emulated/0/FILE_LIBRARY_UPLOADS/ade/kernel/bootstrap_loader/state.py	1969-12-31 18:00:00.000000000 -0600
workspace/operational/recovery/gpt-plus-integration/20260803T043919/repository-service-inventory/reports/service-reference-map.txt:390:scripts/reconciliation/RIGHT_FILES.report:413:/storage/emulated/0/FILE_LIBRARY_UPLOADS/architecture/bootstrap_loader/BOOTSTRAP_LOADER_STATE_MACHINE_v1.md	1969-12-31 18:00:00.000000000 -0600
workspace/operational/recovery/gpt-plus-integration/20260803T043919/repository-service-inventory/reports/service-reference-map.txt:448:scripts/reconciliation/PATH_DRIFT.diff:225:-ade/kernel/bootstrap_loader/state.py
workspace/operational/recovery/gpt-plus-integration/20260803T043919/repository-service-inventory/reports/service-reference-map.txt:469:scripts/reconciliation/PATH_DRIFT.diff:248:-architecture/bootstrap_loader/BOOTSTRAP_LOADER_STATE_MACHINE_v1.md
workspace/operational/recovery/gpt-plus-integration/20260803T043919/repository-service-inventory/reports/service-reference-map.txt:504:scripts/reconciliation/PATH_DRIFT.diff:393:-/storage/emulated/0/FILE_LIBRARY_UPLOADS/ade/kernel/bootstrap_loader/state.py
workspace/operational/recovery/gpt-plus-integration/20260803T043919/repository-service-inventory/reports/service-reference-map.txt:525:scripts/reconciliation/PATH_DRIFT.diff:416:-/storage/emulated/0/FILE_LIBRARY_UPLOADS/architecture/bootstrap_loader/BOOTSTRAP_LOADER_STATE_MACHINE_v1.md
workspace/operational/recovery/gpt-plus-integration/20260803T043919/repository-service-inventory/reports/service-reference-map.txt:559:scripts/reconciliation/REPOSITORY.diff:21501:+./Archive/Recovery/Chatgpt/JSON/AUDIT_STATE_PP0001.json
workspace/operational/recovery/gpt-plus-integration/20260803T043919/repository-service-inventory/reports/service-reference-map.txt:564:scripts/reconciliation/REPOSITORY.diff:24091:diff -ruN /storage/emulated/0/DifferenceEngine/BOOTSTRAP_ACTIVE_STATE_SNAPSHOT.md /storage/emulated/0/FILE_LIBRARY_UPLOADS/BOOTSTRAP_ACTIVE_STATE_SNAPSHOT.md
workspace/operational/recovery/gpt-plus-integration/20260803T043919/repository-service-inventory/reports/service-reference-map.txt:565:scripts/reconciliation/REPOSITORY.diff:24092:--- /storage/emulated/0/DifferenceEngine/BOOTSTRAP_ACTIVE_STATE_SNAPSHOT.md	1969-12-31 18:00:00.000000000 -0600
workspace/operational/recovery/gpt-plus-integration/20260803T043919/repository-service-inventory/reports/service-reference-map.txt:566:scripts/reconciliation/REPOSITORY.diff:24093:+++ /storage/emulated/0/FILE_LIBRARY_UPLOADS/BOOTSTRAP_ACTIVE_STATE_SNAPSHOT.md	2026-07-27 22:09:55.729642511 -0500
workspace/operational/recovery/gpt-plus-integration/20260803T043919/repository-service-inventory/reports/service-reference-map.txt:608:scripts/reconciliation/REPOSITORY.diff:37642:Binary files /storage/emulated/0/DifferenceEngine/ade/kernel/bootstrap_loader/__pycache__/state.cpython-313.pyc and /storage/emulated/0/FILE_LIBRARY_UPLOADS/ade/kernel/bootstrap_loader/__pycache__/state.cpython-313.pyc differ
workspace/operational/recovery/gpt-plus-integration/20260803T043919/repository-service-inventory/reports/service-reference-map.txt:684:scripts/reconciliation/REPOSITORY.diff:38061:diff -ruN /storage/emulated/0/DifferenceEngine/ade/kernel/bootstrap_loader/state.py /storage/emulated/0/FILE_LIBRARY_UPLOADS/ade/kernel/bootstrap_loader/state.py
workspace/operational/recovery/gpt-plus-integration/20260803T043919/repository-service-inventory/reports/service-reference-map.txt:685:scripts/reconciliation/REPOSITORY.diff:38062:--- /storage/emulated/0/DifferenceEngine/ade/kernel/bootstrap_loader/state.py	2026-08-02 20:40:14.585270104 -0500
workspace/operational/recovery/gpt-plus-integration/20260803T043919/repository-service-inventory/reports/service-reference-map.txt:686:scripts/reconciliation/REPOSITORY.diff:38063:+++ /storage/emulated/0/FILE_LIBRARY_UPLOADS/ade/kernel/bootstrap_loader/state.py	1969-12-31 18:00:00.000000000 -0600
workspace/operational/recovery/gpt-plus-integration/20260803T043919/repository-service-inventory/reports/service-reference-map.txt:748:scripts/reconciliation/REPOSITORY.diff:38674:diff -ruN /storage/emulated/0/DifferenceEngine/architecture/bootstrap_loader/BOOTSTRAP_LOADER_STATE_MACHINE_v1.md /storage/emulated/0/FILE_LIBRARY_UPLOADS/architecture/bootstrap_loader/BOOTSTRAP_LOADER_STATE_MACHINE_v1.md
workspace/operational/recovery/gpt-plus-integration/20260803T043919/repository-service-inventory/reports/service-reference-map.txt:749:scripts/reconciliation/REPOSITORY.diff:38675:--- /storage/emulated/0/DifferenceEngine/architecture/bootstrap_loader/BOOTSTRAP_LOADER_STATE_MACHINE_v1.md	2026-08-02 19:29:19.204846187 -0500
workspace/operational/recovery/gpt-plus-integration/20260803T043919/repository-service-inventory/reports/service-reference-map.txt:750:scripts/reconciliation/REPOSITORY.diff:38676:+++ /storage/emulated/0/FILE_LIBRARY_UPLOADS/architecture/bootstrap_loader/BOOTSTRAP_LOADER_STATE_MACHINE_v1.md	1969-12-31 18:00:00.000000000 -0600
workspace/operational/recovery/gpt-plus-integration/20260803T043919/repository-service-inventory/reports/service-reference-map.txt:833:scripts/reconciliation/REPOSITORY.diff:39010:-ade/kernel/bootstrap_loader/__pycache__/state.cpython-313.pyc
workspace/operational/recovery/gpt-plus-integration/20260803T043919/repository-service-inventory/reports/service-reference-map.txt:861:scripts/reconciliation/REPOSITORY.diff:39038:-ade/kernel/bootstrap_loader/state.py
workspace/operational/recovery/gpt-plus-integration/20260803T043919/repository-service-inventory/reports/service-reference-map.txt:882:scripts/reconciliation/REPOSITORY.diff:39063:-architecture/bootstrap_loader/BOOTSTRAP_LOADER_STATE_MACHINE_v1.md
workspace/operational/recovery/gpt-plus-integration/20260803T043919/repository-service-inventory/reports/service-reference-map.txt:928:scripts/reconciliation/REPOSITORY.diff:39210:-DifferenceEngine/ade/kernel/bootstrap_loader/__pycache__/state.cpython-313.pyc
workspace/operational/recovery/gpt-plus-integration/20260803T043919/repository-service-inventory/reports/service-reference-map.txt:956:scripts/reconciliation/REPOSITORY.diff:39238:-DifferenceEngine/ade/kernel/bootstrap_loader/state.py
workspace/operational/recovery/gpt-plus-integration/20260803T043919/repository-service-inventory/reports/service-reference-map.txt:977:scripts/reconciliation/REPOSITORY.diff:39263:-DifferenceEngine/architecture/bootstrap_loader/BOOTSTRAP_LOADER_STATE_MACHINE_v1.md
workspace/operational/recovery/gpt-plus-integration/20260803T043919/repository-service-inventory/reports/service-reference-map.txt:1032:scripts/reconciliation/REPOSITORY.diff:39419:-DifferenceEngine/ade/kernel/bootstrap_loader/__pycache__/state.cpython-313.pyc
workspace/operational/recovery/gpt-plus-integration/20260803T043919/repository-service-inventory/reports/service-reference-map.txt:1060:scripts/reconciliation/REPOSITORY.diff:39447:-DifferenceEngine/ade/kernel/bootstrap_loader/state.py
workspace/operational/recovery/gpt-plus-integration/20260803T043919/repository-service-inventory/reports/service-reference-map.txt:1081:scripts/reconciliation/REPOSITORY.diff:39472:-DifferenceEngine/architecture/bootstrap_loader/BOOTSTRAP_LOADER_STATE_MACHINE_v1.md
workspace/operational/recovery/gpt-plus-integration/20260803T043919/repository-service-inventory/reports/service-reference-map.txt:1103:scripts/reconciliation/REPOSITORY.diff:39622:-FILE_LIBRARY_UPLOADS/BOOTSTRAP_ACTIVE_STATE_SNAPSHOT.md
workspace/operational/recovery/gpt-plus-integration/20260803T043919/repository-service-inventory/reports/service-reference-map.txt:1123:scripts/reconciliation/REPOSITORY.diff:40062:-FILE_LIBRARY_UPLOADS/BOOTSTRAP_ACTIVE_STATE_SNAPSHOT.md
workspace/operational/recovery/gpt-plus-integration/20260803T043919/repository-service-inventory/reports/service-reference-map.txt:1161:scripts/reconciliation/REPOSITORY.diff:40392:-ade/kernel/bootstrap_loader/__pycache__/state.cpython-313.pyc
workspace/operational/recovery/gpt-plus-integration/20260803T043919/repository-service-inventory/reports/service-reference-map.txt:1189:scripts/reconciliation/REPOSITORY.diff:40420:-ade/kernel/bootstrap_loader/state.py
workspace/operational/recovery/gpt-plus-integration/20260803T043919/repository-service-inventory/reports/service-reference-map.txt:1210:scripts/reconciliation/REPOSITORY.diff:40445:-architecture/bootstrap_loader/BOOTSTRAP_LOADER_STATE_MACHINE_v1.md
workspace/operational/recovery/gpt-plus-integration/20260803T043919/repository-service-inventory/reports/service-reference-map.txt:1227:scripts/reconciliation/REPOSITORY.diff:61990:-+./Archive/Recovery/Chatgpt/JSON/AUDIT_STATE_PP0001.json
workspace/operational/recovery/gpt-plus-integration/20260803T043919/repository-service-inventory/reports/service-reference-map.txt:1232:scripts/reconciliation/REPOSITORY.diff:64580:-diff -ruN /storage/emulated/0/DifferenceEngine/BOOTSTRAP_ACTIVE_STATE_SNAPSHOT.md /storage/emulated/0/FILE_LIBRARY_UPLOADS/BOOTSTRAP_ACTIVE_STATE_SNAPSHOT.md
workspace/operational/recovery/gpt-plus-integration/20260803T043919/repository-service-inventory/reports/service-reference-map.txt:1233:scripts/reconciliation/REPOSITORY.diff:64581:---- /storage/emulated/0/DifferenceEngine/BOOTSTRAP_ACTIVE_STATE_SNAPSHOT.md	1969-12-31 18:00:00.000000000 -0600
workspace/operational/recovery/gpt-plus-integration/20260803T043919/repository-service-inventory/reports/service-reference-map.txt:1234:scripts/reconciliation/REPOSITORY.diff:64582:-+++ /storage/emulated/0/FILE_LIBRARY_UPLOADS/BOOTSTRAP_ACTIVE_STATE_SNAPSHOT.md	2026-07-27 22:09:55.729642511 -0500
workspace/operational/recovery/gpt-plus-integration/20260803T043919/repository-service-inventory/reports/service-reference-map.txt:1276:scripts/reconciliation/REPOSITORY.diff:78131:-Binary files /storage/emulated/0/DifferenceEngine/ade/kernel/bootstrap_loader/__pycache__/state.cpython-313.pyc and /storage/emulated/0/FILE_LIBRARY_UPLOADS/ade/kernel/bootstrap_loader/__pycache__/state.cpython-313.pyc differ
workspace/operational/recovery/gpt-plus-integration/20260803T043919/repository-service-inventory/reports/service-reference-map.txt:1352:scripts/reconciliation/REPOSITORY.diff:78550:-diff -ruN /storage/emulated/0/DifferenceEngine/ade/kernel/bootstrap_loader/state.py /storage/emulated/0/FILE_LIBRARY_UPLOADS/ade/kernel/bootstrap_loader/state.py
workspace/operational/recovery/gpt-plus-integration/20260803T043919/repository-service-inventory/reports/service-reference-map.txt:1353:scripts/reconciliation/REPOSITORY.diff:78551:---- /storage/emulated/0/DifferenceEngine/ade/kernel/bootstrap_loader/state.py	2026-08-02 20:40:14.585270104 -0500
workspace/operational/recovery/gpt-plus-integration/20260803T043919/repository-service-inventory/reports/service-reference-map.txt:1354:scripts/reconciliation/REPOSITORY.diff:78552:-+++ /storage/emulated/0/FILE_LIBRARY_UPLOADS/ade/kernel/bootstrap_loader/state.py	1969-12-31 18:00:00.000000000 -0600
workspace/operational/recovery/gpt-plus-integration/20260803T043919/repository-service-inventory/reports/service-reference-map.txt:1416:scripts/reconciliation/REPOSITORY.diff:79163:-diff -ruN /storage/emulated/0/DifferenceEngine/architecture/bootstrap_loader/BOOTSTRAP_LOADER_STATE_MACHINE_v1.md /storage/emulated/0/FILE_LIBRARY_UPLOADS/architecture/bootstrap_loader/BOOTSTRAP_LOADER_STATE_MACHINE_v1.md
workspace/operational/recovery/gpt-plus-integration/20260803T043919/repository-service-inventory/reports/service-reference-map.txt:1417:scripts/reconciliation/REPOSITORY.diff:79164:---- /storage/emulated/0/DifferenceEngine/architecture/bootstrap_loader/BOOTSTRAP_LOADER_STATE_MACHINE_v1.md	2026-08-02 19:29:19.204846187 -0500
workspace/operational/recovery/gpt-plus-integration/20260803T043919/repository-service-inventory/reports/service-reference-map.txt:1418:scripts/reconciliation/REPOSITORY.diff:79165:-+++ /storage/emulated/0/FILE_LIBRARY_UPLOADS/architecture/bootstrap_loader/BOOTSTRAP_LOADER_STATE_MACHINE_v1.md	1969-12-31 18:00:00.000000000 -0600
workspace/operational/recovery/gpt-plus-integration/20260803T043919/repository-service-inventory/reports/service-reference-map.txt:1501:scripts/reconciliation/REPOSITORY.diff:79499:--ade/kernel/bootstrap_loader/__pycache__/state.cpython-313.pyc
workspace/operational/recovery/gpt-plus-integration/20260803T043919/repository-service-inventory/reports/service-reference-map.txt:1529:scripts/reconciliation/REPOSITORY.diff:79527:--ade/kernel/bootstrap_loader/state.py
workspace/operational/recovery/gpt-plus-integration/20260803T043919/repository-service-inventory/reports/service-reference-map.txt:1550:scripts/reconciliation/REPOSITORY.diff:79552:--architecture/bootstrap_loader/BOOTSTRAP_LOADER_STATE_MACHINE_v1.md
workspace/operational/recovery/gpt-plus-integration/20260803T043919/repository-service-inventory/reports/service-reference-map.txt:1596:scripts/reconciliation/REPOSITORY.diff:79699:--DifferenceEngine/ade/kernel/bootstrap_loader/__pycache__/state.cpython-313.pyc
workspace/operational/recovery/gpt-plus-integration/20260803T043919/repository-service-inventory/reports/service-reference-map.txt:1624:scripts/reconciliation/REPOSITORY.diff:79727:--DifferenceEngine/ade/kernel/bootstrap_loader/state.py
workspace/operational/recovery/gpt-plus-integration/20260803T043919/repository-service-inventory/reports/service-reference-map.txt:1645:scripts/reconciliation/REPOSITORY.diff:79752:--DifferenceEngine/architecture/bootstrap_loader/BOOTSTRAP_LOADER_STATE_MACHINE_v1.md
workspace/operational/recovery/gpt-plus-integration/20260803T043919/repository-service-inventory/reports/service-reference-map.txt:1700:scripts/reconciliation/REPOSITORY.diff:79908:--DifferenceEngine/ade/kernel/bootstrap_loader/__pycache__/state.cpython-313.pyc
workspace/operational/recovery/gpt-plus-integration/20260803T043919/repository-service-inventory/reports/service-reference-map.txt:1728:scripts/reconciliation/REPOSITORY.diff:79936:--DifferenceEngine/ade/kernel/bootstrap_loader/state.py
workspace/operational/recovery/gpt-plus-integration/20260803T043919/repository-service-inventory/reports/service-reference-map.txt:1749:scripts/reconciliation/REPOSITORY.diff:79961:--DifferenceEngine/architecture/bootstrap_loader/BOOTSTRAP_LOADER_STATE_MACHINE_v1.md
workspace/operational/recovery/gpt-plus-integration/20260803T043919/repository-service-inventory/reports/service-reference-map.txt:1771:scripts/reconciliation/REPOSITORY.diff:80111:--FILE_LIBRARY_UPLOADS/BOOTSTRAP_ACTIVE_STATE_SNAPSHOT.md
workspace/operational/recovery/gpt-plus-integration/20260803T043919/repository-service-inventory/reports/service-reference-map.txt:1791:scripts/reconciliation/REPOSITORY.diff:80551:--FILE_LIBRARY_UPLOADS/BOOTSTRAP_ACTIVE_STATE_SNAPSHOT.md
workspace/operational/recovery/gpt-plus-integration/20260803T043919/repository-service-inventory/reports/service-reference-map.txt:1829:scripts/reconciliation/REPOSITORY.diff:80881:--ade/kernel/bootstrap_loader/__pycache__/state.cpython-313.pyc
workspace/operational/recovery/gpt-plus-integration/20260803T043919/repository-service-inventory/reports/service-reference-map.txt:1857:scripts/reconciliation/REPOSITORY.diff:80909:--ade/kernel/bootstrap_loader/state.py
workspace/operational/recovery/gpt-plus-integration/20260803T043919/repository-service-inventory/reports/service-reference-map.txt:1878:scripts/reconciliation/REPOSITORY.diff:80934:--architecture/bootstrap_loader/BOOTSTRAP_LOADER_STATE_MACHINE_v1.md
workspace/operational/recovery/gpt-plus-integration/20260803T043919/repository-service-inventory/reports/service-reference-map.txt:1955:workspace/operational/recovery/gpt-plus-integration/20260803T043919/manifests/repository-tree.lst:97:./ade/kernel/bootstrap_loader/__pycache__/state.cpython-313.pyc
workspace/operational/recovery/gpt-plus-integration/20260803T043919/repository-service-inventory/reports/service-reference-map.txt:1983:workspace/operational/recovery/gpt-plus-integration/20260803T043919/manifests/repository-tree.lst:125:./ade/kernel/bootstrap_loader/state.py
workspace/operational/recovery/gpt-plus-integration/20260803T043919/repository-service-inventory/reports/service-reference-map.txt:2005:workspace/operational/recovery/gpt-plus-integration/20260803T043919/manifests/repository-tree.lst:162:./architecture/bootstrap_loader/BOOTSTRAP_LOADER_STATE_MACHINE_v1.md
workspace/operational/recovery/gpt-plus-integration/20260803T043919/repository-service-inventory/reports/service-reference-map.txt:2127:workspace/operational/recovery/gpt-plus-integration/20260803T043919/manifests/repository-files.lst:54:./ade/kernel/bootstrap_loader/__pycache__/state.cpython-313.pyc
workspace/operational/recovery/gpt-plus-integration/20260803T043919/repository-service-inventory/reports/service-reference-map.txt:2155:workspace/operational/recovery/gpt-plus-integration/20260803T043919/manifests/repository-files.lst:82:./ade/kernel/bootstrap_loader/state.py
workspace/operational/recovery/gpt-plus-integration/20260803T043919/repository-service-inventory/reports/service-reference-map.txt:2176:workspace/operational/recovery/gpt-plus-integration/20260803T043919/manifests/repository-files.lst:107:./architecture/bootstrap_loader/BOOTSTRAP_LOADER_STATE_MACHINE_v1.md
workspace/operational/recovery/gpt-plus-integration/20260803T043919/repository-service-inventory/reports/service-reference-map.txt:2292:workspace/operational/recovery/gpt-plus-integration/20260803T043919/manifests/recovery-candidates.lst:28:./architecture/bootstrap_loader/BOOTSTRAP_LOADER_STATE_MACHINE_v1.md
workspace/operational/recovery/gpt-plus-integration/20260803T043919/repository-service-inventory/reports/service-reference-map.txt:2345:workspace/operational/recovery/gpt-plus-integration/20260803T043919/reports/largest-files.txt:62:808	./ade/kernel/bootstrap_loader/__pycache__/state.cpython-313.pyc
workspace/operational/recovery/gpt-plus-integration/20260803T043919/repository-service-inventory/reports/service-reference-map.txt:2408:workspace/operational/recovery/gpt-plus-integration/20260803T043919/hashes/repository-sha256.txt:54:fdb9e34ff6df209a6839062539e8c5c378867fcf536e2ff7493ac645bd4973c5  ./ade/kernel/bootstrap_loader/__pycache__/state.cpython-313.pyc
workspace/operational/recovery/gpt-plus-integration/20260803T043919/repository-service-inventory/reports/service-reference-map.txt:2436:workspace/operational/recovery/gpt-plus-integration/20260803T043919/hashes/repository-sha256.txt:82:9f62fd4ddc52a5ba6720dba7227e6b59b5af59d3233018331cd8c896a1249cb8  ./ade/kernel/bootstrap_loader/state.py
workspace/operational/recovery/gpt-plus-integration/20260803T043919/repository-service-inventory/reports/service-reference-map.txt:2457:workspace/operational/recovery/gpt-plus-integration/20260803T043919/hashes/repository-sha256.txt:107:ed8e12ce0597073559929581dba48bc0e2469d03fe85e33a488b600c2f0b2689  ./architecture/bootstrap_loader/BOOTSTRAP_LOADER_STATE_MACHINE_v1.md
workspace/operational/recovery/gpt-plus-integration/20260803T043919/repository-service-inventory/reports/service-reference-map.txt:2558:workspace/operational/recovery/gpt-plus-integration/20260803T043919/logs/batch-2-summary.txt:35:./architecture/bootstrap_loader/BOOTSTRAP_LOADER_STATE_MACHINE_v1.md
workspace/operational/recovery/gpt-plus-integration/20260803T043919/repository-service-inventory/reports/service-reference-map.txt:2596:workspace/operational/recovery/gpt-plus-integration/20260803T043919/logs/batch-6-summary.txt:129:===== ade/kernel/bootstrap_loader/state.py =====
workspace/operational/recovery/gpt-plus-integration/20260803T043919/repository-service-inventory/reports/service-reference-map.txt:2603:workspace/operational/recovery/gpt-plus-integration/20260803T043919/logs/batch-7-summary.txt:23:RESULT=BootstrapResult(artifacts=BootstrapArtifacts(constitution=PosixPath('/storage/emulated/0/DifferenceEngine/Repository/Governance/constitution.md'), amendments=PosixPath('/storage/emulated/0/DifferenceEngine/Repository/Governance/amendments.md'), bootstrap=PosixPath('/storage/emulated/0/DifferenceEngine/Repository/Governance/bootstrap.md')), specifications=Specifications(root=PosixPath('/storage/emulated/0/DifferenceEngine/specifications')), state=OperationalState(repository_root=PosixPath('/storage/emulated/0/DifferenceEngine'), governance_root=PosixPath('/storage/emulated/0/DifferenceEngine/Repository/Governance'), specification_root=PosixPath('/storage/emulated/0/DifferenceEngine/specifications'), execution_mode='Execution', mission=None, task=None))
workspace/operational/recovery/gpt-plus-integration/20260803T043919/repository-service-inventory/reports/service-reference-map.txt:2609:workspace/operational/recovery/gpt-plus-integration/20260803T043919/logs/batch-8-summary.txt:18:./ade/kernel/bootstrap_loader/state.py:14:    mission: str | None = None
workspace/operational/recovery/gpt-plus-integration/20260803T043919/repository-service-inventory/reports/service-reference-map.txt:2622:workspace/operational/recovery/gpt-plus-integration/20260803T043919/logs/batch-8-summary.txt:41:./workspace/operational/recovery/gpt-plus-integration/20260803T043919/bootstrap-patch/reports/bootstrap-patch-report.txt:50:RESULT=BootstrapResult(artifacts=BootstrapArtifacts(constitution=PosixPath('/storage/emulated/0/DifferenceEngine/Repository/Governance/constitution.md'), amendments=PosixPath('/storage/emulated/0/DifferenceEngine/Repository/Governance/amendments.md'), bootstrap=PosixPath('/storage/emulated/0/DifferenceEngine/Repository/Governance/bootstrap.md')), specifications=Specifications(root=PosixPath('/storage/emulated/0/DifferenceEngine/specifications')), state=OperationalState(repository_root=PosixPath('/storage/emulated/0/DifferenceEngine'), governance_root=PosixPath('/storage/emulated/0/DifferenceEngine/Repository/Governance'), specification_root=PosixPath('/storage/emulated/0/DifferenceEngine/specifications'), execution_mode='Execution', mission=None, task=None))
workspace/operational/recovery/gpt-plus-integration/20260803T043919/repository-service-inventory/reports/service-reference-map.txt:2623:workspace/operational/recovery/gpt-plus-integration/20260803T043919/logs/batch-8-summary.txt:42:./workspace/operational/recovery/gpt-plus-integration/20260803T043919/bootstrap-patch/tests/initialize-smoke.txt:4:RESULT=BootstrapResult(artifacts=BootstrapArtifacts(constitution=PosixPath('/storage/emulated/0/DifferenceEngine/Repository/Governance/constitution.md'), amendments=PosixPath('/storage/emulated/0/DifferenceEngine/Repository/Governance/amendments.md'), bootstrap=PosixPath('/storage/emulated/0/DifferenceEngine/Repository/Governance/bootstrap.md')), specifications=Specifications(root=PosixPath('/storage/emulated/0/DifferenceEngine/specifications')), state=OperationalState(repository_root=PosixPath('/storage/emulated/0/DifferenceEngine'), governance_root=PosixPath('/storage/emulated/0/DifferenceEngine/Repository/Governance'), specification_root=PosixPath('/storage/emulated/0/DifferenceEngine/specifications'), execution_mode='Execution', mission=None, task=None))
workspace/operational/recovery/gpt-plus-integration/20260803T043919/repository-service-inventory/reports/service-reference-map.txt:2626:workspace/operational/recovery/gpt-plus-integration/20260803T043919/logs/batch-8-summary.txt:69:./workspace/operational/recovery/gpt-plus-integration/20260803T043919/logs/batch-7-summary.txt:23:RESULT=BootstrapResult(artifacts=BootstrapArtifacts(constitution=PosixPath('/storage/emulated/0/DifferenceEngine/Repository/Governance/constitution.md'), amendments=PosixPath('/storage/emulated/0/DifferenceEngine/Repository/Governance/amendments.md'), bootstrap=PosixPath('/storage/emulated/0/DifferenceEngine/Repository/Governance/bootstrap.md')), specifications=Specifications(root=PosixPath('/storage/emulated/0/DifferenceEngine/specifications')), state=OperationalState(repository_root=PosixPath('/storage/emulated/0/DifferenceEngine'), governance_root=PosixPath('/storage/emulated/0/DifferenceEngine/Repository/Governance'), specification_root=PosixPath('/storage/emulated/0/DifferenceEngine/specifications'), execution_mode='Execution', mission=None, task=None))
workspace/operational/recovery/gpt-plus-integration/20260803T043919/repository-service-inventory/reports/service-reference-map.txt:2646:workspace/operational/recovery/gpt-plus-integration/20260803T043919/logs/batch-17-summary.txt:20:QUEUE_TYPE=QueueState
workspace/operational/recovery/gpt-plus-integration/20260803T043919/repository-service-inventory/reports/service-reference-map.txt:2713:workspace/operational/recovery/gpt-plus-integration/20260803T043919/logs/batch-24-summary.txt:70: create mode 100644 ade/kernel/bootstrap_loader/state.py
workspace/operational/recovery/gpt-plus-integration/20260803T043919/repository-service-inventory/reports/service-reference-map.txt:2735:workspace/operational/recovery/gpt-plus-integration/20260803T043919/logs/batch-24-summary.txt:96: create mode 100644 architecture/bootstrap_loader/BOOTSTRAP_LOADER_STATE_MACHINE_v1.md
workspace/operational/recovery/gpt-plus-integration/20260803T043919/repository-service-inventory/reports/service-reference-map.txt:2779:workspace/operational/recovery/gpt-plus-integration/20260803T043919/bootstrap-audit/inputs/recovery-candidates.lst:28:./architecture/bootstrap_loader/BOOTSTRAP_LOADER_STATE_MACHINE_v1.md
workspace/operational/recovery/gpt-plus-integration/20260803T043919/repository-service-inventory/reports/service-reference-map.txt:2829:workspace/operational/recovery/gpt-plus-integration/20260803T043919/bootstrap-audit/reports/candidate-metadata.txt:83:===== ./architecture/bootstrap_loader/BOOTSTRAP_LOADER_STATE_MACHINE_v1.md =====
workspace/operational/recovery/gpt-plus-integration/20260803T043919/repository-service-inventory/reports/service-reference-map.txt:2830:workspace/operational/recovery/gpt-plus-integration/20260803T043919/bootstrap-audit/reports/candidate-metadata.txt:84:SIZE=321 | MODIFIED=2026-08-02 19:29:19.204846187 -0500 | PATH=./architecture/bootstrap_loader/BOOTSTRAP_LOADER_STATE_MACHINE_v1.md
workspace/operational/recovery/gpt-plus-integration/20260803T043919/repository-service-inventory/reports/service-reference-map.txt:2866:workspace/operational/recovery/gpt-plus-integration/20260803T043919/bootstrap-audit/reports/bootstrap-files.lst:25:./architecture/bootstrap_loader/BOOTSTRAP_LOADER_STATE_MACHINE_v1.md
workspace/operational/recovery/gpt-plus-integration/20260803T043919/repository-service-inventory/reports/service-reference-map.txt:2896:workspace/operational/recovery/gpt-plus-integration/20260803T043919/bootstrap-audit/extracts/candidate-headings.txt:128:===== ./architecture/bootstrap_loader/BOOTSTRAP_LOADER_STATE_MACHINE_v1.md =====
workspace/operational/recovery/gpt-plus-integration/20260803T043919/repository-service-inventory/reports/service-reference-map.txt:2924:workspace/operational/recovery/gpt-plus-integration/20260803T043919/bootstrap-audit/hashes/candidate-sha256.txt:28:ed8e12ce0597073559929581dba48bc0e2469d03fe85e33a488b600c2f0b2689  ./architecture/bootstrap_loader/BOOTSTRAP_LOADER_STATE_MACHINE_v1.md
workspace/operational/recovery/gpt-plus-integration/20260803T043919/repository-service-inventory/reports/service-reference-map.txt:2956:workspace/operational/recovery/gpt-plus-integration/20260803T043919/bootstrap-audit/hashes/candidate-sha256.sorted.txt:33:ed8e12ce0597073559929581dba48bc0e2469d03fe85e33a488b600c2f0b2689  ./architecture/bootstrap_loader/BOOTSTRAP_LOADER_STATE_MACHINE_v1.md
workspace/operational/recovery/gpt-plus-integration/20260803T043919/repository-service-inventory/reports/service-reference-map.txt:2987:workspace/operational/recovery/gpt-plus-integration/20260803T043919/bootstrap-verification/reports/text-source-files.lst:42:./ade/kernel/bootstrap_loader/state.py
workspace/operational/recovery/gpt-plus-integration/20260803T043919/repository-service-inventory/reports/service-reference-map.txt:3008:workspace/operational/recovery/gpt-plus-integration/20260803T043919/bootstrap-verification/reports/text-source-files.lst:66:./architecture/bootstrap_loader/BOOTSTRAP_LOADER_STATE_MACHINE_v1.md
workspace/operational/recovery/gpt-plus-integration/20260803T043919/repository-service-inventory/reports/service-reference-map.txt:3041:workspace/operational/recovery/gpt-plus-integration/20260803T043919/bootstrap-verification/reports/governance-content-files.lst:10:./ade/kernel/bootstrap_loader/state.py
workspace/operational/recovery/gpt-plus-integration/20260803T043919/repository-service-inventory/reports/service-reference-map.txt:3080:workspace/operational/recovery/gpt-plus-integration/20260803T043919/bootstrap-verification/reports/bootstrap-content-files.lst:23:./ade/kernel/bootstrap_loader/state.py
workspace/operational/recovery/gpt-plus-integration/20260803T043919/repository-service-inventory/reports/service-reference-map.txt:3101:workspace/operational/recovery/gpt-plus-integration/20260803T043919/bootstrap-verification/reports/bootstrap-content-files.lst:45:./architecture/bootstrap_loader/BOOTSTRAP_LOADER_STATE_MACHINE_v1.md
workspace/operational/recovery/gpt-plus-integration/20260803T043919/repository-service-inventory/reports/service-reference-map.txt:3126:workspace/operational/recovery/gpt-plus-integration/20260803T043919/bootstrap-verification/extracts/governance-primary-sources.txt:57:===== ./ade/kernel/bootstrap_loader/state.py =====
workspace/operational/recovery/gpt-plus-integration/20260803T043919/repository-service-inventory/reports/service-reference-map.txt:3182:workspace/operational/recovery/gpt-plus-integration/20260803T043919/bootstrap-diagnosis/reports/import-map.txt:8:ade/kernel/bootstrap_loader/context.py:7:from .state import OperationalState
workspace/operational/recovery/gpt-plus-integration/20260803T043919/repository-service-inventory/reports/service-reference-map.txt:3187:workspace/operational/recovery/gpt-plus-integration/20260803T043919/bootstrap-diagnosis/reports/import-map.txt:13:ade/kernel/bootstrap_loader/execution.py:5:from .state import OperationalState
workspace/operational/recovery/gpt-plus-integration/20260803T043919/repository-service-inventory/reports/service-reference-map.txt:3199:workspace/operational/recovery/gpt-plus-integration/20260803T043919/bootstrap-diagnosis/reports/import-map.txt:25:ade/kernel/bootstrap_loader/loader.py:13:from .recovery import recover_state
workspace/operational/recovery/gpt-plus-integration/20260803T043919/repository-service-inventory/reports/service-reference-map.txt:3202:workspace/operational/recovery/gpt-plus-integration/20260803T043919/bootstrap-diagnosis/reports/import-map.txt:28:ade/kernel/bootstrap_loader/loader.py:16:from .state import OperationalState
workspace/operational/recovery/gpt-plus-integration/20260803T043919/repository-service-inventory/reports/service-reference-map.txt:3212:workspace/operational/recovery/gpt-plus-integration/20260803T043919/bootstrap-diagnosis/reports/import-map.txt:38:ade/kernel/bootstrap_loader/recovery.py:5:from .state import OperationalState
workspace/operational/recovery/gpt-plus-integration/20260803T043919/repository-service-inventory/reports/service-reference-map.txt:3216:workspace/operational/recovery/gpt-plus-integration/20260803T043919/bootstrap-diagnosis/reports/import-map.txt:42:ade/kernel/bootstrap_loader/result.py:9:from .state import OperationalState
workspace/operational/recovery/gpt-plus-integration/20260803T043919/repository-service-inventory/reports/service-reference-map.txt:3219:workspace/operational/recovery/gpt-plus-integration/20260803T043919/bootstrap-diagnosis/reports/import-map.txt:45:ade/kernel/bootstrap_loader/state.py:5:from dataclasses import dataclass
workspace/operational/recovery/gpt-plus-integration/20260803T043919/repository-service-inventory/reports/service-reference-map.txt:3220:workspace/operational/recovery/gpt-plus-integration/20260803T043919/bootstrap-diagnosis/reports/import-map.txt:46:ade/kernel/bootstrap_loader/state.py:6:from pathlib import Path
workspace/operational/recovery/gpt-plus-integration/20260803T043919/repository-service-inventory/reports/service-reference-map.txt:3293:workspace/operational/recovery/gpt-plus-integration/20260803T043919/bootstrap-discovery/extracts/bootstrap-complete-source.txt:63:ade/kernel/bootstrap_loader/state.py
workspace/operational/recovery/gpt-plus-integration/20260803T043919/repository-service-inventory/reports/service-reference-map.txt:3323:workspace/operational/recovery/gpt-plus-integration/20260803T043919/bootstrap-repair/reports/interface-map.txt:126:===== ade/kernel/bootstrap_loader/state.py =====
workspace/operational/recovery/gpt-plus-integration/20260803T043919/repository-service-inventory/reports/service-reference-map.txt:3336:workspace/operational/recovery/gpt-plus-integration/20260803T043919/bootstrap-patch/reports/bootstrap-patch-report.txt:50:RESULT=BootstrapResult(artifacts=BootstrapArtifacts(constitution=PosixPath('/storage/emulated/0/DifferenceEngine/Repository/Governance/constitution.md'), amendments=PosixPath('/storage/emulated/0/DifferenceEngine/Repository/Governance/amendments.md'), bootstrap=PosixPath('/storage/emulated/0/DifferenceEngine/Repository/Governance/bootstrap.md')), specifications=Specifications(root=PosixPath('/storage/emulated/0/DifferenceEngine/specifications')), state=OperationalState(repository_root=PosixPath('/storage/emulated/0/DifferenceEngine'), governance_root=PosixPath('/storage/emulated/0/DifferenceEngine/Repository/Governance'), specification_root=PosixPath('/storage/emulated/0/DifferenceEngine/specifications'), execution_mode='Execution', mission=None, task=None))
workspace/operational/recovery/gpt-plus-integration/20260803T043919/repository-service-inventory/reports/service-reference-map.txt:3338:workspace/operational/recovery/gpt-plus-integration/20260803T043919/bootstrap-patch/tests/initialize-smoke.txt:4:RESULT=BootstrapResult(artifacts=BootstrapArtifacts(constitution=PosixPath('/storage/emulated/0/DifferenceEngine/Repository/Governance/constitution.md'), amendments=PosixPath('/storage/emulated/0/DifferenceEngine/Repository/Governance/amendments.md'), bootstrap=PosixPath('/storage/emulated/0/DifferenceEngine/Repository/Governance/bootstrap.md')), specifications=Specifications(root=PosixPath('/storage/emulated/0/DifferenceEngine/specifications')), state=OperationalState(repository_root=PosixPath('/storage/emulated/0/DifferenceEngine'), governance_root=PosixPath('/storage/emulated/0/DifferenceEngine/Repository/Governance'), specification_root=PosixPath('/storage/emulated/0/DifferenceEngine/specifications'), execution_mode='Execution', mission=None, task=None))
workspace/operational/recovery/gpt-plus-integration/20260803T043919/repository-service-inventory/reports/service-reference-map.txt:3368:workspace/operational/recovery/gpt-plus-integration/20260803T043919/mission-task-recovery/reports/search-corpus.lst:42:./ade/kernel/bootstrap_loader/state.py
workspace/operational/recovery/gpt-plus-integration/20260803T043919/repository-service-inventory/reports/service-reference-map.txt:3389:workspace/operational/recovery/gpt-plus-integration/20260803T043919/mission-task-recovery/reports/search-corpus.lst:66:./architecture/bootstrap_loader/BOOTSTRAP_LOADER_STATE_MACHINE_v1.md
workspace/operational/recovery/gpt-plus-integration/20260803T043919/repository-service-inventory/reports/service-reference-map.txt:3420:workspace/operational/recovery/gpt-plus-integration/20260803T043919/mission-task-recovery/reports/mission-task-hits.txt:6:./ade/kernel/bootstrap_loader/state.py:14:    mission: str | None = None
workspace/operational/recovery/gpt-plus-integration/20260803T043919/repository-service-inventory/reports/service-reference-map.txt:3433:workspace/operational/recovery/gpt-plus-integration/20260803T043919/mission-task-recovery/reports/mission-task-hits.txt:29:./workspace/operational/recovery/gpt-plus-integration/20260803T043919/bootstrap-patch/reports/bootstrap-patch-report.txt:50:RESULT=BootstrapResult(artifacts=BootstrapArtifacts(constitution=PosixPath('/storage/emulated/0/DifferenceEngine/Repository/Governance/constitution.md'), amendments=PosixPath('/storage/emulated/0/DifferenceEngine/Repository/Governance/amendments.md'), bootstrap=PosixPath('/storage/emulated/0/DifferenceEngine/Repository/Governance/bootstrap.md')), specifications=Specifications(root=PosixPath('/storage/emulated/0/DifferenceEngine/specifications')), state=OperationalState(repository_root=PosixPath('/storage/emulated/0/DifferenceEngine'), governance_root=PosixPath('/storage/emulated/0/DifferenceEngine/Repository/Governance'), specification_root=PosixPath('/storage/emulated/0/DifferenceEngine/specifications'), execution_mode='Execution', mission=None, task=None))
workspace/operational/recovery/gpt-plus-integration/20260803T043919/repository-service-inventory/reports/service-reference-map.txt:3434:workspace/operational/recovery/gpt-plus-integration/20260803T043919/mission-task-recovery/reports/mission-task-hits.txt:30:./workspace/operational/recovery/gpt-plus-integration/20260803T043919/bootstrap-patch/tests/initialize-smoke.txt:4:RESULT=BootstrapResult(artifacts=BootstrapArtifacts(constitution=PosixPath('/storage/emulated/0/DifferenceEngine/Repository/Governance/constitution.md'), amendments=PosixPath('/storage/emulated/0/DifferenceEngine/Repository/Governance/amendments.md'), bootstrap=PosixPath('/storage/emulated/0/DifferenceEngine/Repository/Governance/bootstrap.md')), specifications=Specifications(root=PosixPath('/storage/emulated/0/DifferenceEngine/specifications')), state=OperationalState(repository_root=PosixPath('/storage/emulated/0/DifferenceEngine'), governance_root=PosixPath('/storage/emulated/0/DifferenceEngine/Repository/Governance'), specification_root=PosixPath('/storage/emulated/0/DifferenceEngine/specifications'), execution_mode='Execution', mission=None, task=None))
workspace/operational/recovery/gpt-plus-integration/20260803T043919/repository-service-inventory/reports/service-reference-map.txt:3437:workspace/operational/recovery/gpt-plus-integration/20260803T043919/mission-task-recovery/reports/mission-task-hits.txt:57:./workspace/operational/recovery/gpt-plus-integration/20260803T043919/logs/batch-7-summary.txt:23:RESULT=BootstrapResult(artifacts=BootstrapArtifacts(constitution=PosixPath('/storage/emulated/0/DifferenceEngine/Repository/Governance/constitution.md'), amendments=PosixPath('/storage/emulated/0/DifferenceEngine/Repository/Governance/amendments.md'), bootstrap=PosixPath('/storage/emulated/0/DifferenceEngine/Repository/Governance/bootstrap.md')), specifications=Specifications(root=PosixPath('/storage/emulated/0/DifferenceEngine/specifications')), state=OperationalState(repository_root=PosixPath('/storage/emulated/0/DifferenceEngine'), governance_root=PosixPath('/storage/emulated/0/DifferenceEngine/Repository/Governance'), specification_root=PosixPath('/storage/emulated/0/DifferenceEngine/specifications'), execution_mode='Execution', mission=None, task=None))
workspace/operational/recovery/gpt-plus-integration/20260803T043919/repository-service-inventory/reports/service-reference-map.txt:3438:workspace/operational/recovery/gpt-plus-integration/20260803T043919/mission-task-recovery/reports/likely-state-files.lst:1:./Repository/Governance/bootstrap.md
workspace/operational/recovery/gpt-plus-integration/20260803T043919/repository-service-inventory/reports/service-reference-map.txt:3439:workspace/operational/recovery/gpt-plus-integration/20260803T043919/mission-task-recovery/reports/likely-state-files.lst:2:./ade/kernel/bootstrap_loader/__init__.py
workspace/operational/recovery/gpt-plus-integration/20260803T043919/repository-service-inventory/reports/service-reference-map.txt:3440:workspace/operational/recovery/gpt-plus-integration/20260803T043919/mission-task-recovery/reports/likely-state-files.lst:3:./ade/kernel/bootstrap_loader/__main__.py
workspace/operational/recovery/gpt-plus-integration/20260803T043919/repository-service-inventory/reports/service-reference-map.txt:3441:workspace/operational/recovery/gpt-plus-integration/20260803T043919/mission-task-recovery/reports/likely-state-files.lst:4:./ade/kernel/bootstrap_loader/artifacts.py
workspace/operational/recovery/gpt-plus-integration/20260803T043919/repository-service-inventory/reports/service-reference-map.txt:3442:workspace/operational/recovery/gpt-plus-integration/20260803T043919/mission-task-recovery/reports/likely-state-files.lst:5:./ade/kernel/bootstrap_loader/bootstrap.py
workspace/operational/recovery/gpt-plus-integration/20260803T043919/repository-service-inventory/reports/service-reference-map.txt:3443:workspace/operational/recovery/gpt-plus-integration/20260803T043919/mission-task-recovery/reports/likely-state-files.lst:6:./ade/kernel/bootstrap_loader/config.py
workspace/operational/recovery/gpt-plus-integration/20260803T043919/repository-service-inventory/reports/service-reference-map.txt:3444:workspace/operational/recovery/gpt-plus-integration/20260803T043919/mission-task-recovery/reports/likely-state-files.lst:7:./ade/kernel/bootstrap_loader/constants.py
workspace/operational/recovery/gpt-plus-integration/20260803T043919/repository-service-inventory/reports/service-reference-map.txt:3445:workspace/operational/recovery/gpt-plus-integration/20260803T043919/mission-task-recovery/reports/likely-state-files.lst:8:./ade/kernel/bootstrap_loader/context.py
workspace/operational/recovery/gpt-plus-integration/20260803T043919/repository-service-inventory/reports/service-reference-map.txt:3446:workspace/operational/recovery/gpt-plus-integration/20260803T043919/mission-task-recovery/reports/likely-state-files.lst:9:./ade/kernel/bootstrap_loader/contracts.py
workspace/operational/recovery/gpt-plus-integration/20260803T043919/repository-service-inventory/reports/service-reference-map.txt:3447:workspace/operational/recovery/gpt-plus-integration/20260803T043919/mission-task-recovery/reports/likely-state-files.lst:10:./ade/kernel/bootstrap_loader/discover.py
workspace/operational/recovery/gpt-plus-integration/20260803T043919/repository-service-inventory/reports/service-reference-map.txt:3448:workspace/operational/recovery/gpt-plus-integration/20260803T043919/mission-task-recovery/reports/likely-state-files.lst:11:./ade/kernel/bootstrap_loader/errors.py
workspace/operational/recovery/gpt-plus-integration/20260803T043919/repository-service-inventory/reports/service-reference-map.txt:3449:workspace/operational/recovery/gpt-plus-integration/20260803T043919/mission-task-recovery/reports/likely-state-files.lst:12:./ade/kernel/bootstrap_loader/execution.py
workspace/operational/recovery/gpt-plus-integration/20260803T043919/repository-service-inventory/reports/service-reference-map.txt:3450:workspace/operational/recovery/gpt-plus-integration/20260803T043919/mission-task-recovery/reports/likely-state-files.lst:13:./ade/kernel/bootstrap_loader/filesystem.py
workspace/operational/recovery/gpt-plus-integration/20260803T043919/repository-service-inventory/reports/service-reference-map.txt:3451:workspace/operational/recovery/gpt-plus-integration/20260803T043919/mission-task-recovery/reports/likely-state-files.lst:14:./ade/kernel/bootstrap_loader/governance.py
workspace/operational/recovery/gpt-plus-integration/20260803T043919/repository-service-inventory/reports/service-reference-map.txt:3452:workspace/operational/recovery/gpt-plus-integration/20260803T043919/mission-task-recovery/reports/likely-state-files.lst:15:./ade/kernel/bootstrap_loader/health.py
workspace/operational/recovery/gpt-plus-integration/20260803T043919/repository-service-inventory/reports/service-reference-map.txt:3453:workspace/operational/recovery/gpt-plus-integration/20260803T043919/mission-task-recovery/reports/likely-state-files.lst:16:./ade/kernel/bootstrap_loader/loader.py
workspace/operational/recovery/gpt-plus-integration/20260803T043919/repository-service-inventory/reports/service-reference-map.txt:3454:workspace/operational/recovery/gpt-plus-integration/20260803T043919/mission-task-recovery/reports/likely-state-files.lst:17:./ade/kernel/bootstrap_loader/logging.py
workspace/operational/recovery/gpt-plus-integration/20260803T043919/repository-service-inventory/reports/service-reference-map.txt:3455:workspace/operational/recovery/gpt-plus-integration/20260803T043919/mission-task-recovery/reports/likely-state-files.lst:18:./ade/kernel/bootstrap_loader/main.py
workspace/operational/recovery/gpt-plus-integration/20260803T043919/repository-service-inventory/reports/service-reference-map.txt:3456:workspace/operational/recovery/gpt-plus-integration/20260803T043919/mission-task-recovery/reports/likely-state-files.lst:19:./ade/kernel/bootstrap_loader/mission.py
workspace/operational/recovery/gpt-plus-integration/20260803T043919/repository-service-inventory/reports/service-reference-map.txt:3457:workspace/operational/recovery/gpt-plus-integration/20260803T043919/mission-task-recovery/reports/likely-state-files.lst:20:./ade/kernel/bootstrap_loader/models.py
workspace/operational/recovery/gpt-plus-integration/20260803T043919/repository-service-inventory/reports/service-reference-map.txt:3458:workspace/operational/recovery/gpt-plus-integration/20260803T043919/mission-task-recovery/reports/likely-state-files.lst:21:./ade/kernel/bootstrap_loader/modes.py
workspace/operational/recovery/gpt-plus-integration/20260803T043919/repository-service-inventory/reports/service-reference-map.txt:3459:workspace/operational/recovery/gpt-plus-integration/20260803T043919/mission-task-recovery/reports/likely-state-files.lst:22:./ade/kernel/bootstrap_loader/paths.py
workspace/operational/recovery/gpt-plus-integration/20260803T043919/repository-service-inventory/reports/service-reference-map.txt:3460:workspace/operational/recovery/gpt-plus-integration/20260803T043919/mission-task-recovery/reports/likely-state-files.lst:23:./ade/kernel/bootstrap_loader/queue.py
workspace/operational/recovery/gpt-plus-integration/20260803T043919/repository-service-inventory/reports/service-reference-map.txt:3461:workspace/operational/recovery/gpt-plus-integration/20260803T043919/mission-task-recovery/reports/likely-state-files.lst:24:./ade/kernel/bootstrap_loader/readiness.py
workspace/operational/recovery/gpt-plus-integration/20260803T043919/repository-service-inventory/reports/service-reference-map.txt:3462:workspace/operational/recovery/gpt-plus-integration/20260803T043919/mission-task-recovery/reports/likely-state-files.lst:25:./ade/kernel/bootstrap_loader/recovery.py
workspace/operational/recovery/gpt-plus-integration/20260803T043919/repository-service-inventory/reports/service-reference-map.txt:3463:workspace/operational/recovery/gpt-plus-integration/20260803T043919/mission-task-recovery/reports/likely-state-files.lst:26:./ade/kernel/bootstrap_loader/result.py
workspace/operational/recovery/gpt-plus-integration/20260803T043919/repository-service-inventory/reports/service-reference-map.txt:3464:workspace/operational/recovery/gpt-plus-integration/20260803T043919/mission-task-recovery/reports/likely-state-files.lst:27:./ade/kernel/bootstrap_loader/specifications.py
workspace/operational/recovery/gpt-plus-integration/20260803T043919/repository-service-inventory/reports/service-reference-map.txt:3465:workspace/operational/recovery/gpt-plus-integration/20260803T043919/mission-task-recovery/reports/likely-state-files.lst:28:./ade/kernel/bootstrap_loader/state.py
workspace/operational/recovery/gpt-plus-integration/20260803T043919/repository-service-inventory/reports/service-reference-map.txt:3466:workspace/operational/recovery/gpt-plus-integration/20260803T043919/mission-task-recovery/reports/likely-state-files.lst:29:./ade/kernel/bootstrap_loader/task.py
workspace/operational/recovery/gpt-plus-integration/20260803T043919/repository-service-inventory/reports/service-reference-map.txt:3467:workspace/operational/recovery/gpt-plus-integration/20260803T043919/mission-task-recovery/reports/likely-state-files.lst:30:./ade/kernel/bootstrap_loader/validators.py
workspace/operational/recovery/gpt-plus-integration/20260803T043919/repository-service-inventory/reports/service-reference-map.txt:3468:workspace/operational/recovery/gpt-plus-integration/20260803T043919/mission-task-recovery/reports/likely-state-files.lst:31:./ade/kernel/bootstrap_loader/version.py
workspace/operational/recovery/gpt-plus-integration/20260803T043919/repository-service-inventory/reports/service-reference-map.txt:3469:workspace/operational/recovery/gpt-plus-integration/20260803T043919/mission-task-recovery/reports/likely-state-files.lst:33:./architecture/bootstrap_loader/BOOTSTRAP_LOADER_API_v1.md
workspace/operational/recovery/gpt-plus-integration/20260803T043919/repository-service-inventory/reports/service-reference-map.txt:3470:workspace/operational/recovery/gpt-plus-integration/20260803T043919/mission-task-recovery/reports/likely-state-files.lst:34:./architecture/bootstrap_loader/BOOTSTRAP_LOADER_CONFIGURATION_v1.md
workspace/operational/recovery/gpt-plus-integration/20260803T043919/repository-service-inventory/reports/service-reference-map.txt:3471:workspace/operational/recovery/gpt-plus-integration/20260803T043919/mission-task-recovery/reports/likely-state-files.lst:35:./architecture/bootstrap_loader/BOOTSTRAP_LOADER_CONTRACT_v1.md
workspace/operational/recovery/gpt-plus-integration/20260803T043919/repository-service-inventory/reports/service-reference-map.txt:3472:workspace/operational/recovery/gpt-plus-integration/20260803T043919/mission-task-recovery/reports/likely-state-files.lst:36:./architecture/bootstrap_loader/BOOTSTRAP_LOADER_DEPENDENCIES_v1.md
workspace/operational/recovery/gpt-plus-integration/20260803T043919/repository-service-inventory/reports/service-reference-map.txt:3473:workspace/operational/recovery/gpt-plus-integration/20260803T043919/mission-task-recovery/reports/likely-state-files.lst:37:./architecture/bootstrap_loader/BOOTSTRAP_LOADER_DISCOVERY_v1.md
workspace/operational/recovery/gpt-plus-integration/20260803T043919/repository-service-inventory/reports/service-reference-map.txt:3474:workspace/operational/recovery/gpt-plus-integration/20260803T043919/mission-task-recovery/reports/likely-state-files.lst:38:./architecture/bootstrap_loader/BOOTSTRAP_LOADER_ERRORS_v1.md
workspace/operational/recovery/gpt-plus-integration/20260803T043919/repository-service-inventory/reports/service-reference-map.txt:3475:workspace/operational/recovery/gpt-plus-integration/20260803T043919/mission-task-recovery/reports/likely-state-files.lst:39:./architecture/bootstrap_loader/BOOTSTRAP_LOADER_FILE_LAYOUT_v1.md
workspace/operational/recovery/gpt-plus-integration/20260803T043919/repository-service-inventory/reports/service-reference-map.txt:3476:workspace/operational/recovery/gpt-plus-integration/20260803T043919/mission-task-recovery/reports/likely-state-files.lst:40:./architecture/bootstrap_loader/BOOTSTRAP_LOADER_GLOSSARY_v1.md
workspace/operational/recovery/gpt-plus-integration/20260803T043919/repository-service-inventory/reports/service-reference-map.txt:3477:workspace/operational/recovery/gpt-plus-integration/20260803T043919/mission-task-recovery/reports/likely-state-files.lst:41:./architecture/bootstrap_loader/BOOTSTRAP_LOADER_IMPLEMENTATION_PLAN_v1.md
workspace/operational/recovery/gpt-plus-integration/20260803T043919/repository-service-inventory/reports/service-reference-map.txt:3478:workspace/operational/recovery/gpt-plus-integration/20260803T043919/mission-task-recovery/reports/likely-state-files.lst:42:./architecture/bootstrap_loader/BOOTSTRAP_LOADER_INTERFACE_v1.md
workspace/operational/recovery/gpt-plus-integration/20260803T043919/repository-service-inventory/reports/service-reference-map.txt:3479:workspace/operational/recovery/gpt-plus-integration/20260803T043919/mission-task-recovery/reports/likely-state-files.lst:43:./architecture/bootstrap_loader/BOOTSTRAP_LOADER_LIFECYCLE_v1.md
workspace/operational/recovery/gpt-plus-integration/20260803T043919/repository-service-inventory/reports/service-reference-map.txt:3480:workspace/operational/recovery/gpt-plus-integration/20260803T043919/mission-task-recovery/reports/likely-state-files.lst:44:./architecture/bootstrap_loader/BOOTSTRAP_LOADER_MODULES_v1.md
workspace/operational/recovery/gpt-plus-integration/20260803T043919/repository-service-inventory/reports/service-reference-map.txt:3481:workspace/operational/recovery/gpt-plus-integration/20260803T043919/mission-task-recovery/reports/likely-state-files.lst:45:./architecture/bootstrap_loader/BOOTSTRAP_LOADER_OUTPUT_v1.md
workspace/operational/recovery/gpt-plus-integration/20260803T043919/repository-service-inventory/reports/service-reference-map.txt:3482:workspace/operational/recovery/gpt-plus-integration/20260803T043919/mission-task-recovery/reports/likely-state-files.lst:46:./architecture/bootstrap_loader/BOOTSTRAP_LOADER_PSEUDOCODE_v1.md
workspace/operational/recovery/gpt-plus-integration/20260803T043919/repository-service-inventory/reports/service-reference-map.txt:3483:workspace/operational/recovery/gpt-plus-integration/20260803T043919/mission-task-recovery/reports/likely-state-files.lst:47:./architecture/bootstrap_loader/BOOTSTRAP_LOADER_PYTHON_MAPPING_v1.md
workspace/operational/recovery/gpt-plus-integration/20260803T043919/repository-service-inventory/reports/service-reference-map.txt:3484:workspace/operational/recovery/gpt-plus-integration/20260803T043919/mission-task-recovery/reports/likely-state-files.lst:48:./architecture/bootstrap_loader/BOOTSTRAP_LOADER_SEQUENCE_v1.md
workspace/operational/recovery/gpt-plus-integration/20260803T043919/repository-service-inventory/reports/service-reference-map.txt:3485:workspace/operational/recovery/gpt-plus-integration/20260803T043919/mission-task-recovery/reports/likely-state-files.lst:49:./architecture/bootstrap_loader/BOOTSTRAP_LOADER_SPECIFICATION_v1.md
workspace/operational/recovery/gpt-plus-integration/20260803T043919/repository-service-inventory/reports/service-reference-map.txt:3486:workspace/operational/recovery/gpt-plus-integration/20260803T043919/mission-task-recovery/reports/likely-state-files.lst:50:./architecture/bootstrap_loader/BOOTSTRAP_LOADER_STATE_MACHINE_v1.md
workspace/operational/recovery/gpt-plus-integration/20260803T043919/repository-service-inventory/reports/service-reference-map.txt:3487:workspace/operational/recovery/gpt-plus-integration/20260803T043919/mission-task-recovery/reports/likely-state-files.lst:51:./architecture/bootstrap_loader/BOOTSTRAP_LOADER_TEST_PLAN_v1.md
workspace/operational/recovery/gpt-plus-integration/20260803T043919/repository-service-inventory/reports/service-reference-map.txt:3488:workspace/operational/recovery/gpt-plus-integration/20260803T043919/mission-task-recovery/reports/likely-state-files.lst:52:./architecture/bootstrap_loader/BOOTSTRAP_LOADER_WORKFLOW_v1.md
workspace/operational/recovery/gpt-plus-integration/20260803T043919/repository-service-inventory/reports/service-reference-map.txt:3489:workspace/operational/recovery/gpt-plus-integration/20260803T043919/mission-task-recovery/reports/likely-state-files.lst:53:./architecture/bootstrap_loader/README.md
workspace/operational/recovery/gpt-plus-integration/20260803T043919/repository-service-inventory/reports/service-reference-map.txt:3490:workspace/operational/recovery/gpt-plus-integration/20260803T043919/mission-task-recovery/reports/likely-state-files.lst:54:./inventory/reconciliation/MISSION.md
workspace/operational/recovery/gpt-plus-integration/20260803T043919/repository-service-inventory/reports/service-reference-map.txt:3491:workspace/operational/recovery/gpt-plus-integration/20260803T043919/mission-task-recovery/reports/likely-state-files.lst:55:./inventory/reports/MISSION_001A_REPOSITORY_RECONCILIATION_REPORT.md
workspace/operational/recovery/gpt-plus-integration/20260803T043919/repository-service-inventory/reports/service-reference-map.txt:3492:workspace/operational/recovery/gpt-plus-integration/20260803T043919/mission-task-recovery/reports/likely-state-files.lst:56:./queue/completed/Q-001A-REPOSITORY-RECONCILIATION.md
workspace/operational/recovery/gpt-plus-integration/20260803T043919/repository-service-inventory/reports/service-reference-map.txt:3493:workspace/operational/recovery/gpt-plus-integration/20260803T043919/mission-task-recovery/reports/likely-state-files.lst:57:./standards/v1/QUEUE_STANDARD_v1.0.md
workspace/operational/recovery/gpt-plus-integration/20260803T043919/repository-service-inventory/reports/service-reference-map.txt:3494:workspace/operational/recovery/gpt-plus-integration/20260803T043919/mission-task-recovery/reports/likely-state-files.lst:58:./workspace/operational/bootstrap/BOOTSTRAP.md
workspace/operational/recovery/gpt-plus-integration/20260803T043919/repository-service-inventory/reports/service-reference-map.txt:3495:workspace/operational/recovery/gpt-plus-integration/20260803T043919/mission-task-recovery/reports/likely-state-files.lst:59:./workspace/operational/bootstrap/INITIALIZATION_ORDER.md
workspace/operational/recovery/gpt-plus-integration/20260803T043919/repository-service-inventory/reports/service-reference-map.txt:3496:workspace/operational/recovery/gpt-plus-integration/20260803T043919/mission-task-recovery/reports/likely-state-files.lst:64:./workspace/operational/current/QUEUE.md
workspace/operational/recovery/gpt-plus-integration/20260803T043919/repository-service-inventory/reports/service-reference-map.txt:3497:workspace/operational/recovery/gpt-plus-integration/20260803T043919/mission-task-recovery/extracts/state-candidates.txt:2:===== Repository/Governance/bootstrap.md =====
workspace/operational/recovery/gpt-plus-integration/20260803T043919/repository-service-inventory/reports/service-reference-map.txt:3498:workspace/operational/recovery/gpt-plus-integration/20260803T043919/mission-task-recovery/extracts/state-candidates.txt:27:===== workspace/operational/bootstrap/BOOTSTRAP.md =====
workspace/operational/recovery/gpt-plus-integration/20260803T043919/repository-service-inventory/reports/service-reference-map.txt:3499:workspace/operational/recovery/gpt-plus-integration/20260803T043919/mission-task-patch/reports/state-source-extract.txt:113:workspace/operational/bootstrap/INITIALIZATION_ORDER.md
workspace/operational/recovery/gpt-plus-integration/20260803T043919/repository-service-inventory/reports/service-reference-map.txt:3504:workspace/operational/recovery/gpt-plus-integration/20260803T043919/active-state-patch/reports/current-state-files.lst:8:workspace/operational/current/QUEUE.md
workspace/operational/recovery/gpt-plus-integration/20260803T043919/repository-service-inventory/reports/service-reference-map.txt:3505:workspace/operational/recovery/gpt-plus-integration/20260803T043919/active-state-patch/reports/active-state-sha256.txt:3:c8f92f2d18f36395d14491f4d986c684a9396e3ef8c4a1484be020ef87dd8042  ade/kernel/bootstrap_loader/bootstrap.py
workspace/operational/recovery/gpt-plus-integration/20260803T043919/repository-service-inventory/reports/service-reference-map.txt:3506:workspace/operational/recovery/gpt-plus-integration/20260803T043919/active-state-patch/reports/active-state-sha256.txt:4:dccfd1833b2bdb03bb0bfc1de713654c6f02c513e8f73cac874cb2d362ed035d  ade/kernel/bootstrap_loader/mission.py
workspace/operational/recovery/gpt-plus-integration/20260803T043919/repository-service-inventory/reports/service-reference-map.txt:3507:workspace/operational/recovery/gpt-plus-integration/20260803T043919/active-state-patch/reports/active-state-sha256.txt:5:1d9f53d45b5a9dad4b43c4c2a6c3ab09fbfcaa3da24e1be967ff0cb01cadb759  ade/kernel/bootstrap_loader/task.py
workspace/operational/recovery/gpt-plus-integration/20260803T043919/repository-service-inventory/reports/service-reference-map.txt:3537:workspace/operational/recovery/gpt-plus-integration/20260803T043919/queue-recovery-audit/reports/queue-reference-map.txt:9:workspace/operational/bootstrap/BOOTSTRAP_vNext.md:50:- queue state;
workspace/operational/recovery/gpt-plus-integration/20260803T043919/repository-service-inventory/reports/service-reference-map.txt:3539:workspace/operational/recovery/gpt-plus-integration/20260803T043919/queue-recovery-audit/reports/queue-reference-map.txt:27:workspace/operational/recovery/gpt-plus-integration/20260803T043919/bootstrap-vnext/artifacts/BOOTSTRAP_vNext.md:50:- queue state;
workspace/operational/recovery/gpt-plus-integration/20260803T043919/repository-service-inventory/reports/service-reference-map.txt:3540:workspace/operational/recovery/gpt-plus-integration/20260803T043919/queue-recovery-audit/reports/queue-reference-map.txt:28:workspace/operational/recovery/gpt-plus-integration/20260803T043919/bootstrap-vnext/artifacts/BOOTSTRAP_MIGRATION_NOTES.md:49:- queue recovery does not yet recover complete operational queue state.
workspace/operational/recovery/gpt-plus-integration/20260803T043919/repository-service-inventory/reports/service-reference-map.txt:3542:workspace/operational/recovery/gpt-plus-integration/20260803T043919/queue-recovery-audit/reports/queue-reference-map.txt:44:queue/SIQ_GPT_PLUS_INTEGRATION.md:28:Recover active, accepted, suggested, and completed queues into bootstrap state.
workspace/operational/recovery/gpt-plus-integration/20260803T043919/repository-service-inventory/reports/service-reference-map.txt:3551:workspace/operational/recovery/gpt-plus-integration/20260803T043919/queue-recovery-implementation/tests/loader-compatibility.txt:3:QUEUE_TYPE=QueueState
workspace/operational/recovery/gpt-plus-integration/20260803T043919/repository-service-inventory/reports/service-reference-map.txt:3596:workspace/operational/recovery/gpt-plus-integration/20260803T043919/git-baseline-and-test-runner/reports/generated-files.lst:28:./ade/kernel/bootstrap_loader/__pycache__/state.cpython-313.pyc
workspace/operational/recovery/gpt-plus-integration/20260803T043919/repository-service-inventory/reports/service-reference-map.txt:3633:workspace/operational/recovery/gpt-plus-integration/20260803T043919/git-baseline-and-test-runner/reports/git-add-dry-run.txt:54:add 'ade/kernel/bootstrap_loader/state.py'
workspace/operational/recovery/gpt-plus-integration/20260803T043919/repository-service-inventory/reports/service-reference-map.txt:3655:workspace/operational/recovery/gpt-plus-integration/20260803T043919/git-baseline-and-test-runner/reports/git-add-dry-run.txt:80:add 'architecture/bootstrap_loader/BOOTSTRAP_LOADER_STATE_MACHINE_v1.md'
workspace/operational/recovery/gpt-plus-integration/20260803T043919/repository-service-inventory/reports/service-reference-map.txt:3700:workspace/operational/recovery/gpt-plus-integration/20260803T043919/git-baseline-preflight/reports/baseline-files.lst:54:./ade/kernel/bootstrap_loader/state.py
workspace/operational/recovery/gpt-plus-integration/20260803T043919/repository-service-inventory/reports/service-reference-map.txt:3722:workspace/operational/recovery/gpt-plus-integration/20260803T043919/git-baseline-preflight/reports/baseline-files.lst:80:./architecture/bootstrap_loader/BOOTSTRAP_LOADER_STATE_MACHINE_v1.md
workspace/operational/recovery/gpt-plus-integration/20260803T043919/repository-service-inventory/reports/service-reference-map.txt:3868:workspace/operational/recovery/gpt-plus-integration/20260803T043919/git-baseline-preflight/reports/baseline-files-by-size.txt:96:321	./architecture/bootstrap_loader/BOOTSTRAP_LOADER_STATE_MACHINE_v1.md
workspace/operational/recovery/gpt-plus-integration/20260803T043919/repository-service-inventory/reports/service-reference-map.txt:3869:workspace/operational/recovery/gpt-plus-integration/20260803T043919/git-baseline-preflight/reports/baseline-files-by-size.txt:98:309	./ade/kernel/bootstrap_loader/state.py
workspace/operational/recovery/gpt-plus-integration/20260803T043919/repository-service-inventory/reports/service-reference-map.txt:3966:workspace/operational/recovery/gpt-plus-integration/20260803T043919/git-baseline-preflight/reports/git-add-dry-run.txt:54:add 'ade/kernel/bootstrap_loader/state.py'
workspace/operational/recovery/gpt-plus-integration/20260803T043919/repository-service-inventory/reports/service-reference-map.txt:3988:workspace/operational/recovery/gpt-plus-integration/20260803T043919/git-baseline-preflight/reports/git-add-dry-run.txt:80:add 'architecture/bootstrap_loader/BOOTSTRAP_LOADER_STATE_MACHINE_v1.md'
workspace/operational/recovery/gpt-plus-integration/20260803T043919/repository-service-inventory/reports/service-reference-map.txt:4029:workspace/operational/recovery/gpt-plus-integration/20260803T043919/git-baseline/reports/staged-stat.txt:57: ade/kernel/bootstrap_loader/state.py               |    15 +
workspace/operational/recovery/gpt-plus-integration/20260803T043919/repository-service-inventory/reports/service-reference-map.txt:4051:workspace/operational/recovery/gpt-plus-integration/20260803T043919/git-baseline/reports/staged-stat.txt:83: .../BOOTSTRAP_LOADER_STATE_MACHINE_v1.md           |    37 +
workspace/operational/recovery/gpt-plus-integration/20260803T043919/repository-service-inventory/reports/service-reference-map.txt:4092:workspace/operational/recovery/gpt-plus-integration/20260803T043919/git-baseline/reports/staged-files.txt:57:A	ade/kernel/bootstrap_loader/state.py
workspace/operational/recovery/gpt-plus-integration/20260803T043919/repository-service-inventory/reports/service-reference-map.txt:4114:workspace/operational/recovery/gpt-plus-integration/20260803T043919/git-baseline/reports/staged-files.txt:83:A	architecture/bootstrap_loader/BOOTSTRAP_LOADER_STATE_MACHINE_v1.md
workspace/operational/recovery/gpt-plus-integration/20260803T043919/repository-service-inventory/reports/service-reference-map.txt:4155:workspace/operational/recovery/gpt-plus-integration/20260803T043919/git-baseline/reports/git-commit.txt:61: create mode 100644 ade/kernel/bootstrap_loader/state.py
workspace/operational/recovery/gpt-plus-integration/20260803T043919/repository-service-inventory/reports/service-reference-map.txt:4177:workspace/operational/recovery/gpt-plus-integration/20260803T043919/git-baseline/reports/git-commit.txt:87: create mode 100644 architecture/bootstrap_loader/BOOTSTRAP_LOADER_STATE_MACHINE_v1.md
workspace/operational/recovery/gpt-plus-integration/20260803T043919/repository-service-inventory/reports/service-reference-map.txt:4257:workspace/operational/recovery/gpt-plus-integration/20260803T043919/repository-service-inventory/reports/service-source-files.lst:31:ade/kernel/bootstrap_loader/state.py
workspace/operational/recovery/gpt-plus-integration/20260803T043919/repository-service-inventory/reports/service-reference-map.txt:4279:workspace/operational/recovery/gpt-plus-integration/20260803T043919/repository-service-inventory/reports/service-source-files.lst:57:architecture/bootstrap_loader/BOOTSTRAP_LOADER_STATE_MACHINE_v1.md
workspace/operational/recovery/gpt-plus-integration/20260803T043919/repository-service-inventory/reports/service-reference-map.txt:4296:workspace/operational/recovery/runtime/verification.log:1:{"artifacts": {"amendments": "/storage/emulated/0/DifferenceEngine/Repository/Governance/amendments.md", "bootstrap": "/storage/emulated/0/DifferenceEngine/Repository/Governance/bootstrap.md", "constitution": "/storage/emulated/0/DifferenceEngine/Repository/Governance/constitution.md"}, "blockers": [], "degraded_checks": {"drift_detection": true, "file_library_verification": true, "formal_test_runner": true, "git_baseline": true, "library_governance": true, "project_configuration_verification": true, "queue_recovery": true}, "drift_summary": {"blocking": 0, "domains": {"repository": 1}, "findings": [{"classification": "working_state", "detail": "Working tree contains 3 changed path(s).", "domain": "repository", "severity": "informational", "subject": "Git working tree"}], "informational": 1, "total": 1, "warnings": 0}, "execution_mode": "Execution", "external_verification_status": {"file_library": {"externally_verified": true, "manifest_exists": true, "required_artifacts": 12, "status": "verified", "verified_artifacts": 12}, "project_configuration": {"externally_verified": true, "manifest_exists": true, "status": "verified", "verification_basis": ["project instructions loaded", "repository-first governance active", "Babbage execution role active", "six execution offices declared", "phone-first Termux constraints loaded"]}, "schema_version": "1.1", "verified_at": "2026-08-03T11:14:00-05:00"}, "governance_root": "/storage/emulated/0/DifferenceEngine/Repository/Governance", "library_governance_status": {"artifacts": 12, "unique_identifiers": true, "unique_names": true, "verified": true}, "missing_artifacts": [], "mission": "GPT Plus Integration", "queue_state": {"active": 0, "completed": 1, "deferred": 0, "implementation": 0, "suggested": 1, "unknown": 0}, "repository_root": "/storage/emulated/0/DifferenceEngine", "specification_root": "/storage/emulated/0/DifferenceEngine/specifications", "status": "READY", "task": "Repository Service Formalization", "timestamp": "2026-08-03T17:19:42.487536+00:00", "verified_artifacts": [{"exists": true, "is_file": true, "path": "/storage/emulated/0/DifferenceEngine/Repository/Governance/constitution.md", "size": 182}, {"exists": true, "is_file": true, "path": "/storage/emulated/0/DifferenceEngine/Repository/Governance/amendments.md", "size": 207}, {"exists": true, "is_file": true, "path": "/storage/emulated/0/DifferenceEngine/Repository/Governance/bootstrap.md", "size": 395}, {"exists": true, "is_file": true, "path": "/storage/emulated/0/DifferenceEngine/workspace/operational/bootstrap/BOOTSTRAP_vNext.md", "size": 2491}, {"exists": true, "is_file": true, "path": "/storage/emulated/0/DifferenceEngine/workspace/operational/current/ACTIVE_MISSION.md", "size": 608}, {"exists": true, "is_file": true, "path": "/storage/emulated/0/DifferenceEngine/workspace/operational/current/ACTIVE_TASK.md", "size": 465}, {"exists": true, "is_file": true, "path": "/storage/emulated/0/DifferenceEngine/workspace/operational/recovery/RECOVERY_SOP.md", "size": 2839}, {"exists": true, "is_file": true, "path": "/storage/emulated/0/DifferenceEngine/workspace/operational/recovery/RECOVERY_CHECKLIST.md", "size": 1393}, {"exists": true, "is_file": true, "path": "/storage/emulated/0/DifferenceEngine/workspace/operational/recovery/RECOVERY_VERIFIER_SPECIFICATION.md", "size": 2291}], "warnings": []}
workspace/operational/recovery/gpt-plus-integration/20260803T043919/repository-service-inventory/reports/python-service-symbols.txt:13:  ClassDef:QueueState
workspace/operational/recovery/RECOVERY_SOP.md:9:Recover the Difference Engine from repository state without relying on conversational memory.
workspace/operational/recovery/RECOVERY_SOP.md:21:9. Verify queue state.
workspace/operational/recovery/RECOVERY_SOP.md:34:- branch identity known;
workspace/operational/recovery/RECOVERY_SOP.md:81:- active state against queues;
workspace/operational/recovery/RECOVERY_SOP.md:82:- repository state against inventories;
workspace/operational/recovery/RECOVERY_SOP.md:142:- active-state report;
workspace/operational/recovery/RECOVERY_VERIFIER_SPECIFICATION.md:9:Provide deterministic verification that the Difference Engine can recover and resume execution from repository state.
workspace/operational/recovery/RECOVERY_VERIFIER_SPECIFICATION.md:73:### Active State
workspace/operational/recovery/RECOVERY_VERIFIER_SPECIFICATION.md:89:- active-state format matches parser support;
workspace/operational/recovery/RECOVERY_VERIFIER_SPECIFICATION.md:108:- queue state incomplete;
workspace/operational/recovery/runtime/readiness.json:24:        "classification": "working_state",
workspace/operational/recovery/runtime/readiness.json:68:  "queue_state": {
workspace/operational/recovery/runtime/verification.log:1:{"artifacts": {"amendments": "/storage/emulated/0/DifferenceEngine/Repository/Governance/amendments.md", "bootstrap": "/storage/emulated/0/DifferenceEngine/Repository/Governance/bootstrap.md", "constitution": "/storage/emulated/0/DifferenceEngine/Repository/Governance/constitution.md"}, "blockers": [], "degraded_checks": {"drift_detection": true, "file_library_verification": true, "formal_test_runner": true, "git_baseline": true, "library_governance": true, "project_configuration_verification": true, "queue_recovery": true}, "drift_summary": {"blocking": 0, "domains": {"repository": 1}, "findings": [{"classification": "working_state", "detail": "Working tree contains 1 changed path(s).", "domain": "repository", "severity": "informational", "subject": "Git working tree"}], "informational": 1, "total": 1, "warnings": 0}, "execution_mode": "Execution", "external_verification_status": {"file_library": {"externally_verified": true, "manifest_exists": true, "required_artifacts": 12, "status": "verified", "verified_artifacts": 12}, "project_configuration": {"externally_verified": true, "manifest_exists": true, "status": "verified", "verification_basis": ["project instructions loaded", "repository-first governance active", "Babbage execution role active", "six execution offices declared", "phone-first Termux constraints loaded"]}, "schema_version": "1.1", "verified_at": "2026-08-03T11:14:00-05:00"}, "governance_root": "/storage/emulated/0/DifferenceEngine/Repository/Governance", "library_governance_status": {"artifacts": 12, "unique_identifiers": true, "unique_names": true, "verified": true}, "missing_artifacts": [], "mission": "GPT Plus Integration", "queue_state": {"active": 0, "completed": 1, "deferred": 0, "implementation": 0, "suggested": 1, "unknown": 0}, "repository_root": "/storage/emulated/0/DifferenceEngine", "specification_root": "/storage/emulated/0/DifferenceEngine/specifications", "status": "READY", "task": "Repository Service Formalization", "timestamp": "2026-08-03T18:10:39.108801+00:00", "verified_artifacts": [{"exists": true, "is_file": true, "path": "/storage/emulated/0/DifferenceEngine/Repository/Governance/constitution.md", "size": 182}, {"exists": true, "is_file": true, "path": "/storage/emulated/0/DifferenceEngine/Repository/Governance/amendments.md", "size": 207}, {"exists": true, "is_file": true, "path": "/storage/emulated/0/DifferenceEngine/Repository/Governance/bootstrap.md", "size": 395}, {"exists": true, "is_file": true, "path": "/storage/emulated/0/DifferenceEngine/workspace/operational/bootstrap/BOOTSTRAP_vNext.md", "size": 2491}, {"exists": true, "is_file": true, "path": "/storage/emulated/0/DifferenceEngine/workspace/operational/current/ACTIVE_MISSION.md", "size": 608}, {"exists": true, "is_file": true, "path": "/storage/emulated/0/DifferenceEngine/workspace/operational/current/ACTIVE_TASK.md", "size": 465}, {"exists": true, "is_file": true, "path": "/storage/emulated/0/DifferenceEngine/workspace/operational/recovery/RECOVERY_SOP.md", "size": 2839}, {"exists": true, "is_file": true, "path": "/storage/emulated/0/DifferenceEngine/workspace/operational/recovery/RECOVERY_CHECKLIST.md", "size": 1393}, {"exists": true, "is_file": true, "path": "/storage/emulated/0/DifferenceEngine/workspace/operational/recovery/RECOVERY_VERIFIER_SPECIFICATION.md", "size": 2291}], "warnings": []}
workspace/operational/recovery/mortar/20260803T153259/evidence/repository-mortar-hits.txt:6:workspace/operational/current/OPERATIONAL_LAWS.md:19:15. Repository identity SHALL be validated before any repository mutation.
workspace/operational/recovery/mortar/20260803T153259/evidence/repository-mortar-hits.txt:13:workspace/operational/current/PHASE_3_TASK_BLOCK.md:36:- stable identity;
workspace/operational/recovery/mortar/20260803T153259/evidence/repository-mortar-hits.txt:16:workspace/operational/current/PHASE_3_COMPLETION_REPORT.md:52:- stable identity;
workspace/operational/recovery/mortar/20260803T153259/evidence/repository-mortar-hits.txt:21:workspace/operational/recovery/gpt-plus-integration/20260803T043919/manifests/repository-tree.lst:57:./Repository/Relationships
workspace/operational/recovery/mortar/20260803T153259/evidence/repository-mortar-hits.txt:24:workspace/operational/recovery/gpt-plus-integration/20260803T043919/manifests/repository-dirs.lst:32:./Repository/Relationships
workspace/operational/recovery/mortar/20260803T153259/evidence/repository-mortar-hits.txt:46:workspace/operational/recovery/gpt-plus-integration/20260803T043919/logs/batch-23-summary.txt:10:LOCAL GIT IDENTITY
workspace/operational/recovery/mortar/20260803T153259/evidence/repository-mortar-hits.txt:47:workspace/operational/recovery/gpt-plus-integration/20260803T043919/logs/batch-23-summary.txt:12:GLOBAL GIT IDENTITY
workspace/operational/recovery/mortar/20260803T153259/evidence/repository-mortar-hits.txt:78:workspace/operational/recovery/gpt-plus-integration/20260803T043919/bootstrap-verification/extracts/governance-primary-sources.txt:137:11:./Repository/Relationships
workspace/operational/recovery/mortar/20260803T153259/evidence/repository-mortar-hits.txt:82:workspace/operational/recovery/gpt-plus-integration/20260803T043919/bootstrap-verification/extracts/governance-primary-sources.txt:190:19:15. Repository identity SHALL be validated before any repository mutation.
workspace/operational/recovery/mortar/20260803T153259/evidence/repository-mortar-hits.txt:86:workspace/operational/recovery/gpt-plus-integration/20260803T043919/mission-task-patch/reports/state-source-extract.txt:46:Operational Constraints
workspace/operational/recovery/mortar/20260803T153259/evidence/repository-mortar-hits.txt:87:workspace/operational/recovery/gpt-plus-integration/20260803T043919/mission-task-patch/reports/state-source-extract.txt:97:- Preserve established repository mortar.
workspace/operational/recovery/mortar/20260803T153259/evidence/repository-mortar-hits.txt:88:workspace/operational/recovery/gpt-plus-integration/20260803T043919/active-state-patch/reports/active-mission.diff:15:+## Governing Constraints
workspace/operational/recovery/mortar/20260803T153259/evidence/repository-mortar-hits.txt:96:workspace/operational/recovery/gpt-plus-integration/20260803T043919/recovery-specification/artifacts/RECOVERY_SOP.md:34:- branch identity known;
workspace/operational/recovery/mortar/20260803T153259/evidence/repository-mortar-hits.txt:110:workspace/operational/recovery/gpt-plus-integration/20260803T043919/phase-2-closeout/artifacts/PHASE_3_TASK_BLOCK.md:36:- stable identity;
workspace/operational/recovery/mortar/20260803T153259/evidence/repository-mortar-hits.txt:115:workspace/operational/recovery/gpt-plus-integration/20260803T043919/phase-3-closeout/artifacts/PHASE_3_COMPLETION_REPORT.md:52:- stable identity;
workspace/operational/recovery/mortar/20260803T153259/evidence/repository-mortar-hits.txt:118:workspace/operational/recovery/gpt-plus-integration/20260803T043919/repository-service-inventory/reports/service-reference-map.txt:101:scripts/reconciliation/FILE_PAIR_INDEX.report:176:"/storage/emulated/0/DifferenceEngine/Rebuild.md/QUEUE - Review Repository Naming Convention.md"	1969-12-31 18:00:00.000000000 -0600	/storage/emulated/0/FILE_LIBRARY_UPLOADS/BOOTSTRAP_ACTIVE_STATE_SNAPSHOT.md	2026-07-27 22:09:55.729642511 -0500
workspace/operational/recovery/mortar/20260803T153259/evidence/repository-mortar-hits.txt:122:workspace/operational/recovery/gpt-plus-integration/20260803T043919/repository-service-inventory/reports/service-reference-map.txt:128:scripts/reconciliation/FILE_PAIR_INDEX.report:220:/storage/emulated/0/DifferenceEngine/ade/kernel/bootstrap_loader/result.py	2026-08-02 21:14:36.742142204 -0500	"/storage/emulated/0/FILE_LIBRARY_UPLOADS/Facet Conversation.md"	2026-07-28 00:54:56.557295485 -0500
workspace/operational/recovery/mortar/20260803T153259/evidence/repository-mortar-hits.txt:153:workspace/operational/recovery/gpt-plus-integration/20260803T043919/repository-service-inventory/reports/service-reference-map.txt:4296:workspace/operational/recovery/runtime/verification.log:1:{"artifacts": {"amendments": "/storage/emulated/0/DifferenceEngine/Repository/Governance/amendments.md", "bootstrap": "/storage/emulated/0/DifferenceEngine/Repository/Governance/bootstrap.md", "constitution": "/storage/emulated/0/DifferenceEngine/Repository/Governance/constitution.md"}, "blockers": [], "degraded_checks": {"drift_detection": true, "file_library_verification": true, "formal_test_runner": true, "git_baseline": true, "library_governance": true, "project_configuration_verification": true, "queue_recovery": true}, "drift_summary": {"blocking": 0, "domains": {"repository": 1}, "findings": [{"classification": "working_state", "detail": "Working tree contains 3 changed path(s).", "domain": "repository", "severity": "informational", "subject": "Git working tree"}], "informational": 1, "total": 1, "warnings": 0}, "execution_mode": "Execution", "external_verification_status": {"file_library": {"externally_verified": true, "manifest_exists": true, "required_artifacts": 12, "status": "verified", "verified_artifacts": 12}, "project_configuration": {"externally_verified": true, "manifest_exists": true, "status": "verified", "verification_basis": ["project instructions loaded", "repository-first governance active", "Babbage execution role active", "six execution offices declared", "phone-first Termux constraints loaded"]}, "schema_version": "1.1", "verified_at": "2026-08-03T11:14:00-05:00"}, "governance_root": "/storage/emulated/0/DifferenceEngine/Repository/Governance", "library_governance_status": {"artifacts": 12, "unique_identifiers": true, "unique_names": true, "verified": true}, "missing_artifacts": [], "mission": "GPT Plus Integration", "queue_state": {"active": 0, "completed": 1, "deferred": 0, "implementation": 0, "suggested": 1, "unknown": 0}, "repository_root": "/storage/emulated/0/DifferenceEngine", "specification_root": "/storage/emulated/0/DifferenceEngine/specifications", "status": "READY", "task": "Repository Service Formalization", "timestamp": "2026-08-03T17:19:42.487536+00:00", "verified_artifacts": [{"exists": true, "is_file": true, "path": "/storage/emulated/0/DifferenceEngine/Repository/Governance/constitution.md", "size": 182}, {"exists": true, "is_file": true, "path": "/storage/emulated/0/DifferenceEngine/Repository/Governance/amendments.md", "size": 207}, {"exists": true, "is_file": true, "path": "/storage/emulated/0/DifferenceEngine/Repository/Governance/bootstrap.md", "size": 395}, {"exists": true, "is_file": true, "path": "/storage/emulated/0/DifferenceEngine/workspace/operational/bootstrap/BOOTSTRAP_vNext.md", "size": 2491}, {"exists": true, "is_file": true, "path": "/storage/emulated/0/DifferenceEngine/workspace/operational/current/ACTIVE_MISSION.md", "size": 608}, {"exists": true, "is_file": true, "path": "/storage/emulated/0/DifferenceEngine/workspace/operational/current/ACTIVE_TASK.md", "size": 465}, {"exists": true, "is_file": true, "path": "/storage/emulated/0/DifferenceEngine/workspace/operational/recovery/RECOVERY_SOP.md", "size": 2839}, {"exists": true, "is_file": true, "path": "/storage/emulated/0/DifferenceEngine/workspace/operational/recovery/RECOVERY_CHECKLIST.md", "size": 1393}, {"exists": true, "is_file": true, "path": "/storage/emulated/0/DifferenceEngine/workspace/operational/recovery/RECOVERY_VERIFIER_SPECIFICATION.md", "size": 2291}], "warnings": []}
workspace/operational/recovery/mortar/20260803T153259/evidence/repository-mortar-hits.txt:154:workspace/operational/recovery/RECOVERY_SOP.md:34:- branch identity known;
workspace/operational/recovery/mortar/20260803T153259/evidence/repository-mortar-hits.txt:158:workspace/operational/recovery/runtime/verification.log:1:{"artifacts": {"amendments": "/storage/emulated/0/DifferenceEngine/Repository/Governance/amendments.md", "bootstrap": "/storage/emulated/0/DifferenceEngine/Repository/Governance/bootstrap.md", "constitution": "/storage/emulated/0/DifferenceEngine/Repository/Governance/constitution.md"}, "blockers": [], "degraded_checks": {"drift_detection": true, "file_library_verification": true, "formal_test_runner": true, "git_baseline": true, "library_governance": true, "project_configuration_verification": true, "queue_recovery": true}, "drift_summary": {"blocking": 0, "domains": {"repository": 1}, "findings": [{"classification": "working_state", "detail": "Working tree contains 1 changed path(s).", "domain": "repository", "severity": "informational", "subject": "Git working tree"}], "informational": 1, "total": 1, "warnings": 0}, "execution_mode": "Execution", "external_verification_status": {"file_library": {"externally_verified": true, "manifest_exists": true, "required_artifacts": 12, "status": "verified", "verified_artifacts": 12}, "project_configuration": {"externally_verified": true, "manifest_exists": true, "status": "verified", "verification_basis": ["project instructions loaded", "repository-first governance active", "Babbage execution role active", "six execution offices declared", "phone-first Termux constraints loaded"]}, "schema_version": "1.1", "verified_at": "2026-08-03T11:14:00-05:00"}, "governance_root": "/storage/emulated/0/DifferenceEngine/Repository/Governance", "library_governance_status": {"artifacts": 12, "unique_identifiers": true, "unique_names": true, "verified": true}, "missing_artifacts": [], "mission": "GPT Plus Integration", "queue_state": {"active": 0, "completed": 1, "deferred": 0, "implementation": 0, "suggested": 1, "unknown": 0}, "repository_root": "/storage/emulated/0/DifferenceEngine", "specification_root": "/storage/emulated/0/DifferenceEngine/specifications", "status": "READY", "task": "Repository Service Formalization", "timestamp": "2026-08-03T18:10:39.108801+00:00", "verified_artifacts": [{"exists": true, "is_file": true, "path": "/storage/emulated/0/DifferenceEngine/Repository/Governance/constitution.md", "size": 182}, {"exists": true, "is_file": true, "path": "/storage/emulated/0/DifferenceEngine/Repository/Governance/amendments.md", "size": 207}, {"exists": true, "is_file": true, "path": "/storage/emulated/0/DifferenceEngine/Repository/Governance/bootstrap.md", "size": 395}, {"exists": true, "is_file": true, "path": "/storage/emulated/0/DifferenceEngine/workspace/operational/bootstrap/BOOTSTRAP_vNext.md", "size": 2491}, {"exists": true, "is_file": true, "path": "/storage/emulated/0/DifferenceEngine/workspace/operational/current/ACTIVE_MISSION.md", "size": 608}, {"exists": true, "is_file": true, "path": "/storage/emulated/0/DifferenceEngine/workspace/operational/current/ACTIVE_TASK.md", "size": 465}, {"exists": true, "is_file": true, "path": "/storage/emulated/0/DifferenceEngine/workspace/operational/recovery/RECOVERY_SOP.md", "size": 2839}, {"exists": true, "is_file": true, "path": "/storage/emulated/0/DifferenceEngine/workspace/operational/recovery/RECOVERY_CHECKLIST.md", "size": 1393}, {"exists": true, "is_file": true, "path": "/storage/emulated/0/DifferenceEngine/workspace/operational/recovery/RECOVERY_VERIFIER_SPECIFICATION.md", "size": 2291}], "warnings": []}
workspace/operational/recovery/mortar/20260803T153259/evidence/repository-mortar-hits.txt:164:workspace/operational/library/ARTIFACT_LIFECYCLE.md:75:- canonical identity is unique;
workspace/operational/recovery/mortar/20260803T153259/evidence/repository-mortar-hits.txt:165:workspace/operational/services/contracts/SERVICE_CONTRACT.md:15:- stable identity;
workspace/operational/recovery/mortar/20260803T153259/evidence/repository-mortar-hits.txt:169:workspace/operational/services/specifications/SERVICE_SPECIFICATION.md:27:## Service Identity
workspace/operational/recovery/mortar/20260803T153259/evidence/repository-mortar-hits.txt:170:workspace/operational/services/specifications/SERVICE_SPECIFICATION.md:37:Service identity shall not depend on:
workspace/operational/recovery/mortar/20260803T153259/evidence/repository-mortar-hits.txt:171:workspace/operational/services/specifications/SERVICE_SPECIFICATION.md:59:1. Identity
workspace/operational/recovery/mortar/20260803T153259/evidence/repository-mortar-hits.txt:208:scripts/reconciliation/DIFFERING_FILES.report:48:diff -ruN /storage/emulated/0/DifferenceEngine/99_UTILITIES/Ingestion/Repository_Relationship_Schema_v0.1.md /storage/emulated/0/FILE_LIBRARY_UPLOADS/99_UTILITIES/Ingestion/Repository_Relationship_Schema_v0.1.md
workspace/operational/recovery/mortar/20260803T153259/evidence/repository-mortar-hits.txt:210:scripts/reconciliation/DIFFERING_FILES.report:121:diff -ruN "/storage/emulated/0/DifferenceEngine/Facet Conversation.md" "/storage/emulated/0/FILE_LIBRARY_UPLOADS/Facet Conversation.md"
workspace/operational/recovery/mortar/20260803T153259/evidence/repository-mortar-hits.txt:244:scripts/reconciliation/DIFFERING_FILES.report:169:diff -ruN "/storage/emulated/0/DifferenceEngine/Rebuild.md/Primitive Queue.md" "/storage/emulated/0/FILE_LIBRARY_UPLOADS/Rebuild.md/Primitive Queue.md"
workspace/operational/recovery/mortar/20260803T153259/evidence/repository-mortar-hits.txt:264:scripts/reconciliation/FILE_PAIR_INDEX.report:48:/storage/emulated/0/DifferenceEngine/99_UTILITIES/Ingestion/Repository_Relationship_Schema_v0.1.md	1969-12-31 18:00:00.000000000 -0600	/storage/emulated/0/FILE_LIBRARY_UPLOADS/99_UTILITIES/Ingestion/Observability_Specification_v0.1.md	2026-07-28 02:28:38.194522186 -0500
workspace/operational/recovery/mortar/20260803T153259/evidence/repository-mortar-hits.txt:266:scripts/reconciliation/FILE_PAIR_INDEX.report:64:/storage/emulated/0/DifferenceEngine/99_UTILITIES/Ingestion/Workflow_Orchestration_Specification_v0.1.md	1969-12-31 18:00:00.000000000 -0600	/storage/emulated/0/FILE_LIBRARY_UPLOADS/99_UTILITIES/Ingestion/Repository_Relationship_Schema_v0.1.md	2026-07-28 02:04:49.474379857 -0500
workspace/operational/recovery/mortar/20260803T153259/evidence/repository-mortar-hits.txt:268:scripts/reconciliation/FILE_PAIR_INDEX.report:121:"/storage/emulated/0/DifferenceEngine/Facet Conversation.md"	1969-12-31 18:00:00.000000000 -0600	+    1. Select document type.
workspace/operational/recovery/mortar/20260803T153259/evidence/repository-mortar-hits.txt:300:scripts/reconciliation/FILE_PAIR_INDEX.report:166:"/storage/emulated/0/DifferenceEngine/Rebuild.md/Mission Queue.md"	1969-12-31 18:00:00.000000000 -0600	/storage/emulated/0/FILE_LIBRARY_UPLOADS/ADE_ACTIVE_STATE_RESEARCH_BOOTSTRAP_v2.md	2026-07-27 22:12:15.549656439 -0500
workspace/operational/recovery/mortar/20260803T153259/evidence/repository-mortar-hits.txt:303:scripts/reconciliation/FILE_PAIR_INDEX.report:169:"/storage/emulated/0/DifferenceEngine/Rebuild.md/Primitive Queue.md"	1969-12-31 18:00:00.000000000 -0600	/storage/emulated/0/FILE_LIBRARY_UPLOADS/ADE_REPOSITORY_TREE.txt	2026-07-30 12:38:40.591712329 -0500
workspace/operational/recovery/mortar/20260803T153259/evidence/repository-mortar-hits.txt:310:scripts/reconciliation/FILE_PAIR_INDEX.report:176:"/storage/emulated/0/DifferenceEngine/Rebuild.md/QUEUE - Review Repository Naming Convention.md"	1969-12-31 18:00:00.000000000 -0600	/storage/emulated/0/FILE_LIBRARY_UPLOADS/BOOTSTRAP_ACTIVE_STATE_SNAPSHOT.md	2026-07-27 22:09:55.729642511 -0500
workspace/operational/recovery/mortar/20260803T153259/evidence/repository-mortar-hits.txt:324:scripts/reconciliation/FILE_PAIR_INDEX.report:220:/storage/emulated/0/DifferenceEngine/ade/kernel/bootstrap_loader/result.py	2026-08-02 21:14:36.742142204 -0500	"/storage/emulated/0/FILE_LIBRARY_UPLOADS/Facet Conversation.md"	2026-07-28 00:54:56.557295485 -0500
workspace/operational/recovery/mortar/20260803T153259/evidence/repository-mortar-hits.txt:342:scripts/reconciliation/FILE_PAIR_INDEX.report:286:State Machine	"/storage/emulated/0/FILE_LIBRARY_UPLOADS/Rebuild.md/DE - BABBAGE - Versioning.md"	2026-08-02 12:40:36.605731982 -0500
workspace/operational/recovery/mortar/20260803T153259/evidence/repository-mortar-hits.txt:358:scripts/reconciliation/FILE_PAIR_INDEX.report:315:	"/storage/emulated/0/FILE_LIBRARY_UPLOADS/Rebuild.md/Primitive Queue.md"	2026-07-31 18:27:59.746399263 -0500
workspace/operational/recovery/mortar/20260803T153259/evidence/repository-mortar-hits.txt:377:scripts/reconciliation/FILE_PAIR_INDEX.report:355:	+    Identity/
workspace/operational/recovery/mortar/20260803T153259/evidence/repository-mortar-hits.txt:378:scripts/reconciliation/LEFT_FILES.report:48:/storage/emulated/0/DifferenceEngine/99_UTILITIES/Ingestion/Repository_Relationship_Schema_v0.1.md	1969-12-31 18:00:00.000000000 -0600
workspace/operational/recovery/mortar/20260803T153259/evidence/repository-mortar-hits.txt:380:scripts/reconciliation/LEFT_FILES.report:121:"/storage/emulated/0/DifferenceEngine/Facet Conversation.md"	1969-12-31 18:00:00.000000000 -0600
workspace/operational/recovery/mortar/20260803T153259/evidence/repository-mortar-hits.txt:414:scripts/reconciliation/LEFT_FILES.report:169:"/storage/emulated/0/DifferenceEngine/Rebuild.md/Primitive Queue.md"	1969-12-31 18:00:00.000000000 -0600
workspace/operational/recovery/mortar/20260803T153259/evidence/repository-mortar-hits.txt:434:scripts/reconciliation/RIGHT_FILES.report:64:/storage/emulated/0/FILE_LIBRARY_UPLOADS/99_UTILITIES/Ingestion/Repository_Relationship_Schema_v0.1.md	2026-07-28 02:04:49.474379857 -0500
workspace/operational/recovery/mortar/20260803T153259/evidence/repository-mortar-hits.txt:439:scripts/reconciliation/RIGHT_FILES.report:220:"/storage/emulated/0/FILE_LIBRARY_UPLOADS/Facet Conversation.md"	2026-07-28 00:54:56.557295485 -0500
workspace/operational/recovery/mortar/20260803T153259/evidence/repository-mortar-hits.txt:473:scripts/reconciliation/RIGHT_FILES.report:315:"/storage/emulated/0/FILE_LIBRARY_UPLOADS/Rebuild.md/Primitive Queue.md"	2026-07-31 18:27:59.746399263 -0500
workspace/operational/recovery/mortar/20260803T153259/evidence/repository-mortar-hits.txt:492:scripts/reconciliation/RIGHT_FILES.report:355:+    Identity/
workspace/operational/recovery/mortar/20260803T153259/evidence/repository-mortar-hits.txt:493:scripts/reconciliation/PATH_DRIFT.diff:51:-99_UTILITIES/Ingestion/Repository_Relationship_Schema_v0.1.md
workspace/operational/recovery/mortar/20260803T153259/evidence/repository-mortar-hits.txt:495:scripts/reconciliation/PATH_DRIFT.diff:124:-"Facet
workspace/operational/recovery/mortar/20260803T153259/evidence/repository-mortar-hits.txt:529:scripts/reconciliation/PATH_DRIFT.diff:172:-"Rebuild.md/Primitive
workspace/operational/recovery/mortar/20260803T153259/evidence/repository-mortar-hits.txt:552:scripts/reconciliation/PATH_DRIFT.diff:318:-"/storage/emulated/0/FILE_LIBRARY_UPLOADS/Rebuild.md/Primitive
workspace/operational/recovery/mortar/20260803T153259/evidence/repository-mortar-hits.txt:574:scripts/reconciliation/PATH_DRIFT.diff:813:+Identity/
workspace/operational/recovery/mortar/20260803T153259/evidence/repository-mortar-hits.txt:579:scripts/reconciliation/REPOSITORY.diff:524:+# Relationship to the Repository
workspace/operational/recovery/mortar/20260803T153259/evidence/repository-mortar-hits.txt:580:scripts/reconciliation/REPOSITORY.diff:544:+# Relationship to Engineering
workspace/operational/recovery/mortar/20260803T153259/evidence/repository-mortar-hits.txt:585:scripts/reconciliation/REPOSITORY.diff:1180:+Repository relationships have been identified.
workspace/operational/recovery/mortar/20260803T153259/evidence/repository-mortar-hits.txt:587:scripts/reconciliation/REPOSITORY.diff:1302:+# Relationship to Provenance
workspace/operational/recovery/mortar/20260803T153259/evidence/repository-mortar-hits.txt:590:scripts/reconciliation/REPOSITORY.diff:1549:+No transformation replaces the source.
workspace/operational/recovery/mortar/20260803T153259/evidence/repository-mortar-hits.txt:592:scripts/reconciliation/REPOSITORY.diff:1700:+# Relationship to Artifacts
workspace/operational/recovery/mortar/20260803T153259/evidence/repository-mortar-hits.txt:595:scripts/reconciliation/REPOSITORY.diff:1835:+- Supersession relationship is recorded.
workspace/operational/recovery/mortar/20260803T153259/evidence/repository-mortar-hits.txt:602:scripts/reconciliation/REPOSITORY.diff:2170:+No assumptions shall be made regarding identity.
workspace/operational/recovery/mortar/20260803T153259/evidence/repository-mortar-hits.txt:606:scripts/reconciliation/REPOSITORY.diff:2501:+- Hidden transformations
workspace/operational/recovery/mortar/20260803T153259/evidence/repository-mortar-hits.txt:615:scripts/reconciliation/REPOSITORY.diff:2670:+| Relationship Discovered | Relationship identified |
workspace/operational/recovery/mortar/20260803T153259/evidence/repository-mortar-hits.txt:636:scripts/reconciliation/REPOSITORY.diff:3675:+- Relationship ID
workspace/operational/recovery/mortar/20260803T153259/evidence/repository-mortar-hits.txt:646:scripts/reconciliation/REPOSITORY.diff:3948:+- Relationship ID
workspace/operational/recovery/mortar/20260803T153259/evidence/repository-mortar-hits.txt:654:scripts/reconciliation/REPOSITORY.diff:4196:+- Relationship validation
workspace/operational/recovery/mortar/20260803T153259/evidence/repository-mortar-hits.txt:655:scripts/reconciliation/REPOSITORY.diff:4207:+- Relationship discovery
workspace/operational/recovery/mortar/20260803T153259/evidence/repository-mortar-hits.txt:665:scripts/reconciliation/REPOSITORY.diff:4433:+| Relationship discovery | |
workspace/operational/recovery/mortar/20260803T153259/evidence/repository-mortar-hits.txt:673:scripts/reconciliation/REPOSITORY.diff:4668:+Establish repository relationships.
workspace/operational/recovery/mortar/20260803T153259/evidence/repository-mortar-hits.txt:674:scripts/reconciliation/REPOSITORY.diff:4673:+- Relationship discovery
workspace/operational/recovery/mortar/20260803T153259/evidence/repository-mortar-hits.txt:675:scripts/reconciliation/REPOSITORY.diff:4679:+- Relationship integrity is maintained.
workspace/operational/recovery/mortar/20260803T153259/evidence/repository-mortar-hits.txt:682:scripts/reconciliation/REPOSITORY.diff:4929:+- Relationship discovery
workspace/operational/recovery/mortar/20260803T153259/evidence/repository-mortar-hits.txt:685:scripts/reconciliation/REPOSITORY.diff:5114:+The sequence of parent-child relationships connecting derived objects to their originating artifacts.
workspace/operational/recovery/mortar/20260803T153259/evidence/repository-mortar-hits.txt:686:scripts/reconciliation/REPOSITORY.diff:5118:+## Relationship
workspace/operational/recovery/mortar/20260803T153259/evidence/repository-mortar-hits.txt:687:scripts/reconciliation/REPOSITORY.diff:5122:+Relationships are repository objects.
workspace/operational/recovery/mortar/20260803T153259/evidence/repository-mortar-hits.txt:688:scripts/reconciliation/REPOSITORY.diff:5124:+Relationships retain provenance.
workspace/operational/recovery/mortar/20260803T153259/evidence/repository-mortar-hits.txt:689:scripts/reconciliation/REPOSITORY.diff:5134:+Relationships are interpretations.
workspace/operational/recovery/mortar/20260803T153259/evidence/repository-mortar-hits.txt:690:scripts/reconciliation/REPOSITORY.diff:5152:+The process of identifying relationships between repository objects.
workspace/operational/recovery/mortar/20260803T153259/evidence/repository-mortar-hits.txt:693:scripts/reconciliation/REPOSITORY.diff:5236:+The repository contains evidence, knowledge, relationships, and history.
workspace/operational/recovery/mortar/20260803T153259/evidence/repository-mortar-hits.txt:698:scripts/reconciliation/REPOSITORY.diff:5425:+Discover repository relationships.
workspace/operational/recovery/mortar/20260803T153259/evidence/repository-mortar-hits.txt:699:scripts/reconciliation/REPOSITORY.diff:5480:+- Relationship Index
workspace/operational/recovery/mortar/20260803T153259/evidence/repository-mortar-hits.txt:719:scripts/reconciliation/REPOSITORY.diff:6678:+The Provenance Specification defines how lineage, traceability, and evidence relationships are preserved throughout the ingestion lifecycle.
workspace/operational/recovery/mortar/20260803T153259/evidence/repository-mortar-hits.txt:720:scripts/reconciliation/REPOSITORY.diff:6700:+Every transformation SHALL record:
workspace/operational/recovery/mortar/20260803T153259/evidence/repository-mortar-hits.txt:721:scripts/reconciliation/REPOSITORY.diff:6732:+# Lineage Relationships
workspace/operational/recovery/mortar/20260803T153259/evidence/repository-mortar-hits.txt:722:scripts/reconciliation/REPOSITORY.diff:6734:+Supported relationships include:
workspace/operational/recovery/mortar/20260803T153259/evidence/repository-mortar-hits.txt:723:scripts/reconciliation/REPOSITORY.diff:6745:+Relationships SHALL be directional.
workspace/operational/recovery/mortar/20260803T153259/evidence/repository-mortar-hits.txt:724:scripts/reconciliation/REPOSITORY.diff:6749:+# Transformation Events
workspace/operational/recovery/mortar/20260803T153259/evidence/repository-mortar-hits.txt:725:scripts/reconciliation/REPOSITORY.diff:6751:+Each processing stage SHALL append a transformation event.
workspace/operational/recovery/mortar/20260803T153259/evidence/repository-mortar-hits.txt:726:scripts/reconciliation/REPOSITORY.diff:6753:+A transformation event SHALL include:
workspace/operational/recovery/mortar/20260803T153259/evidence/repository-mortar-hits.txt:727:scripts/reconciliation/REPOSITORY.diff:6762:+Transformation history SHALL be append-only.
workspace/operational/recovery/mortar/20260803T153259/evidence/repository-mortar-hits.txt:736:scripts/reconciliation/REPOSITORY.diff:7448:+Capture ideas for scripts, utilities, automations, services, or facets.
workspace/operational/recovery/mortar/20260803T153259/evidence/repository-mortar-hits.txt:737:scripts/reconciliation/REPOSITORY.diff:7635:+References identify connections to internal and external resources without asserting semantic relationships.
workspace/operational/recovery/mortar/20260803T153259/evidence/repository-mortar-hits.txt:738:scripts/reconciliation/REPOSITORY.diff:7647:+- References do not imply relationship.
workspace/operational/recovery/mortar/20260803T153259/evidence/repository-mortar-hits.txt:740:scripts/reconciliation/REPOSITORY.diff:7746:+# Relationship to Repository Mapping
workspace/operational/recovery/mortar/20260803T153259/evidence/repository-mortar-hits.txt:741:scripts/reconciliation/REPOSITORY.diff:7811:+- Transformation history
workspace/operational/recovery/mortar/20260803T153259/evidence/repository-mortar-hits.txt:743:scripts/reconciliation/REPOSITORY.diff:7861:+Every significant transformation SHOULD be observable.
workspace/operational/recovery/mortar/20260803T153259/evidence/repository-mortar-hits.txt:744:scripts/reconciliation/REPOSITORY.diff:7961:+This Constitution establishes the enduring principles that allow the Repository Ingestion Framework to evolve while preserving its identity, integrity, and purpose.
workspace/operational/recovery/mortar/20260803T153259/evidence/repository-mortar-hits.txt:745:scripts/reconciliation/REPOSITORY.diff:7983:+The Repository Index Specification defines the canonical indexing system for repository artifacts, assets, relationships, and supporting records.
workspace/operational/recovery/mortar/20260803T153259/evidence/repository-mortar-hits.txt:746:scripts/reconciliation/REPOSITORY.diff:8009:+- Relationship Index
workspace/operational/recovery/mortar/20260803T153259/evidence/repository-mortar-hits.txt:747:scripts/reconciliation/REPOSITORY.diff:8047:+# Relationship Index
workspace/operational/recovery/mortar/20260803T153259/evidence/repository-mortar-hits.txt:748:scripts/reconciliation/REPOSITORY.diff:8049:+Tracks repository relationships.
workspace/operational/recovery/mortar/20260803T153259/evidence/repository-mortar-hits.txt:749:scripts/reconciliation/REPOSITORY.diff:8053:+- Relationship ID
workspace/operational/recovery/mortar/20260803T153259/evidence/repository-mortar-hits.txt:750:scripts/reconciliation/REPOSITORY.diff:8056:+- Relationship Type
workspace/operational/recovery/mortar/20260803T153259/evidence/repository-mortar-hits.txt:751:scripts/reconciliation/REPOSITORY.diff:8119:+- Latest Transformation Event
workspace/operational/recovery/mortar/20260803T153259/evidence/repository-mortar-hits.txt:752:scripts/reconciliation/REPOSITORY.diff:8130:+- Relationship creation
workspace/operational/recovery/mortar/20260803T153259/evidence/repository-mortar-hits.txt:754:scripts/reconciliation/REPOSITORY.diff:8185:+Repository Mapping identifies relationships between newly ingested artifacts and existing repository content.
workspace/operational/recovery/mortar/20260803T153259/evidence/repository-mortar-hits.txt:755:scripts/reconciliation/REPOSITORY.diff:8197:+- Discover relationships
workspace/operational/recovery/mortar/20260803T153259/evidence/repository-mortar-hits.txt:756:scripts/reconciliation/REPOSITORY.diff:8215:+Each mapping SHALL produce one or more relationship records.
workspace/operational/recovery/mortar/20260803T153259/evidence/repository-mortar-hits.txt:757:scripts/reconciliation/REPOSITORY.diff:8217:+Relationship records SHALL retain provenance.
workspace/operational/recovery/mortar/20260803T153259/evidence/repository-mortar-hits.txt:758:scripts/reconciliation/REPOSITORY.diff:8221:+# Relationship Types
workspace/operational/recovery/mortar/20260803T153259/evidence/repository-mortar-hits.txt:759:scripts/reconciliation/REPOSITORY.diff:8259:+Inverse relationship.
workspace/operational/recovery/mortar/20260803T153259/evidence/repository-mortar-hits.txt:760:scripts/reconciliation/REPOSITORY.diff:8277:+No meaningful relationships discovered.
workspace/operational/recovery/mortar/20260803T153259/evidence/repository-mortar-hits.txt:761:scripts/reconciliation/REPOSITORY.diff:8316:+- Relationship Type
workspace/operational/recovery/mortar/20260803T153259/evidence/repository-mortar-hits.txt:762:scripts/reconciliation/REPOSITORY.diff:8328:+Relationships before restructuring.
workspace/operational/recovery/mortar/20260803T153259/evidence/repository-mortar-hits.txt:764:scripts/reconciliation/REPOSITORY.diff:8452:+- Cross-artifact relationships
workspace/operational/recovery/mortar/20260803T153259/evidence/repository-mortar-hits.txt:768:scripts/reconciliation/REPOSITORY.diff:8540:diff -ruN /storage/emulated/0/DifferenceEngine/99_UTILITIES/Ingestion/Repository_Relationship_Schema_v0.1.md /storage/emulated/0/FILE_LIBRARY_UPLOADS/99_UTILITIES/Ingestion/Repository_Relationship_Schema_v0.1.md
workspace/operational/recovery/mortar/20260803T153259/evidence/repository-mortar-hits.txt:769:scripts/reconciliation/REPOSITORY.diff:8541:--- /storage/emulated/0/DifferenceEngine/99_UTILITIES/Ingestion/Repository_Relationship_Schema_v0.1.md	1969-12-31 18:00:00.000000000 -0600
workspace/operational/recovery/mortar/20260803T153259/evidence/repository-mortar-hits.txt:770:scripts/reconciliation/REPOSITORY.diff:8542:+++ /storage/emulated/0/FILE_LIBRARY_UPLOADS/99_UTILITIES/Ingestion/Repository_Relationship_Schema_v0.1.md	2026-07-28 02:04:49.474379857 -0500
workspace/operational/recovery/mortar/20260803T153259/evidence/repository-mortar-hits.txt:771:scripts/reconciliation/REPOSITORY.diff:8544:+# Repository Relationship Schema
workspace/operational/recovery/mortar/20260803T153259/evidence/repository-mortar-hits.txt:772:scripts/reconciliation/REPOSITORY.diff:8554:+The Repository Relationship Schema defines the canonical representation of relationships between repository artifacts.
workspace/operational/recovery/mortar/20260803T153259/evidence/repository-mortar-hits.txt:773:scripts/reconciliation/REPOSITORY.diff:8556:+Relationships are first-class repository objects.
workspace/operational/recovery/mortar/20260803T153259/evidence/repository-mortar-hits.txt:774:scripts/reconciliation/REPOSITORY.diff:8564:+- Relationships are explicit.
workspace/operational/recovery/mortar/20260803T153259/evidence/repository-mortar-hits.txt:775:scripts/reconciliation/REPOSITORY.diff:8565:+- Relationships are directional.
workspace/operational/recovery/mortar/20260803T153259/evidence/repository-mortar-hits.txt:776:scripts/reconciliation/REPOSITORY.diff:8566:+- Relationships retain provenance.
workspace/operational/recovery/mortar/20260803T153259/evidence/repository-mortar-hits.txt:777:scripts/reconciliation/REPOSITORY.diff:8567:+- Relationships are immutable once recorded.
workspace/operational/recovery/mortar/20260803T153259/evidence/repository-mortar-hits.txt:778:scripts/reconciliation/REPOSITORY.diff:8568:+- Relationships may evolve through superseding records.
workspace/operational/recovery/mortar/20260803T153259/evidence/repository-mortar-hits.txt:779:scripts/reconciliation/REPOSITORY.diff:8574:+Every relationship SHALL contain:
workspace/operational/recovery/mortar/20260803T153259/evidence/repository-mortar-hits.txt:780:scripts/reconciliation/REPOSITORY.diff:8576:+- Relationship ID
workspace/operational/recovery/mortar/20260803T153259/evidence/repository-mortar-hits.txt:781:scripts/reconciliation/REPOSITORY.diff:8579:+- Relationship Type
workspace/operational/recovery/mortar/20260803T153259/evidence/repository-mortar-hits.txt:782:scripts/reconciliation/REPOSITORY.diff:8588:+Relationships MAY include:
workspace/operational/recovery/mortar/20260803T153259/evidence/repository-mortar-hits.txt:783:scripts/reconciliation/REPOSITORY.diff:8598:+# Relationship Types
workspace/operational/recovery/mortar/20260803T153259/evidence/repository-mortar-hits.txt:784:scripts/reconciliation/REPOSITORY.diff:8600:+Supported relationship types include:
workspace/operational/recovery/mortar/20260803T153259/evidence/repository-mortar-hits.txt:785:scripts/reconciliation/REPOSITORY.diff:8621:+Additional relationship types MAY be introduced through future specifications.
workspace/operational/recovery/mortar/20260803T153259/evidence/repository-mortar-hits.txt:786:scripts/reconciliation/REPOSITORY.diff:8625:+# Relationship Direction
workspace/operational/recovery/mortar/20260803T153259/evidence/repository-mortar-hits.txt:787:scripts/reconciliation/REPOSITORY.diff:8627:+Every relationship SHALL have a defined direction.
workspace/operational/recovery/mortar/20260803T153259/evidence/repository-mortar-hits.txt:788:scripts/reconciliation/REPOSITORY.diff:8641:+The inverse relationship SHALL be derivable or explicitly recorded.
workspace/operational/recovery/mortar/20260803T153259/evidence/repository-mortar-hits.txt:789:scripts/reconciliation/REPOSITORY.diff:8647:+Relationships SHALL preserve:
workspace/operational/recovery/mortar/20260803T153259/evidence/repository-mortar-hits.txt:790:scripts/reconciliation/REPOSITORY.diff:8659:+Relationships SHALL exist in one of the following states:
workspace/operational/recovery/mortar/20260803T153259/evidence/repository-mortar-hits.txt:791:scripts/reconciliation/REPOSITORY.diff:8665:+Relationships SHALL NOT be deleted.
workspace/operational/recovery/mortar/20260803T153259/evidence/repository-mortar-hits.txt:793:scripts/reconciliation/REPOSITORY.diff:8671:+A valid relationship SHALL:
workspace/operational/recovery/mortar/20260803T153259/evidence/repository-mortar-hits.txt:794:scripts/reconciliation/REPOSITORY.diff:8674:+- Use a recognized Relationship Type
workspace/operational/recovery/mortar/20260803T153259/evidence/repository-mortar-hits.txt:795:scripts/reconciliation/REPOSITORY.diff:8682:+Knowledge grows through relationships.
workspace/operational/recovery/mortar/20260803T153259/evidence/repository-mortar-hits.txt:796:scripts/reconciliation/REPOSITORY.diff:8686:+Relationships create context.
workspace/operational/recovery/mortar/20260803T153259/evidence/repository-mortar-hits.txt:802:scripts/reconciliation/REPOSITORY.diff:9167:+- Relationships remain valid.
workspace/operational/recovery/mortar/20260803T153259/evidence/repository-mortar-hits.txt:803:scripts/reconciliation/REPOSITORY.diff:9244:+- Broken relationships
workspace/operational/recovery/mortar/20260803T153259/evidence/repository-mortar-hits.txt:804:scripts/reconciliation/REPOSITORY.diff:9461:+- Relationships
workspace/operational/recovery/mortar/20260803T153259/evidence/repository-mortar-hits.txt:805:scripts/reconciliation/REPOSITORY.diff:9473:+Determine relationships between ingested artifacts and existing repository content.
workspace/operational/recovery/mortar/20260803T153259/evidence/repository-mortar-hits.txt:810:scripts/reconciliation/REPOSITORY.diff:9761:+- Avoid circular service relationships.
workspace/operational/recovery/mortar/20260803T153259/evidence/repository-mortar-hits.txt:817:scripts/reconciliation/REPOSITORY.diff:9934:+5. Map relationships.
workspace/operational/recovery/mortar/20260803T153259/evidence/repository-mortar-hits.txt:832:scripts/reconciliation/REPOSITORY.diff:10057:+- Parent relationships recorded.
workspace/operational/recovery/mortar/20260803T153259/evidence/repository-mortar-hits.txt:851:scripts/reconciliation/REPOSITORY.diff:11160:+Parent-child relationships SHALL remain acyclic.
workspace/operational/recovery/mortar/20260803T153259/evidence/repository-mortar-hits.txt:884:scripts/reconciliation/REPOSITORY.diff:12934:+A recovered workflow is not a new workflow—it is the faithful continuation of an existing execution, preserving its identity, provenance, and complete operational history.
workspace/operational/recovery/mortar/20260803T153259/evidence/repository-mortar-hits.txt:887:scripts/reconciliation/REPOSITORY.diff:12988:+Replay SHALL produce a new execution while maintaining a relationship to the original execution.
workspace/operational/recovery/mortar/20260803T153259/evidence/repository-mortar-hits.txt:890:scripts/reconciliation/REPOSITORY.diff:13064:+Replay SHALL preserve execution identity relationships.
workspace/operational/recovery/mortar/20260803T153259/evidence/repository-mortar-hits.txt:892:scripts/reconciliation/REPOSITORY.diff:13111:+# Replay Relationships
workspace/operational/recovery/mortar/20260803T153259/evidence/repository-mortar-hits.txt:893:scripts/reconciliation/REPOSITORY.diff:13120:+Relationship records SHALL remain immutable.
workspace/operational/recovery/mortar/20260803T153259/evidence/repository-mortar-hits.txt:906:scripts/reconciliation/REPOSITORY.diff:13636:+- Transformation
workspace/operational/recovery/mortar/20260803T153259/evidence/repository-mortar-hits.txt:911:scripts/reconciliation/REPOSITORY.diff:13963:+Identity SHALL be validated before communication begins.
workspace/operational/recovery/mortar/20260803T153259/evidence/repository-mortar-hits.txt:912:scripts/reconciliation/REPOSITORY.diff:14040:+- Causal relationships
workspace/operational/recovery/mortar/20260803T153259/evidence/repository-mortar-hits.txt:916:scripts/reconciliation/REPOSITORY.diff:14083:+- Service identity
workspace/operational/recovery/mortar/20260803T153259/evidence/repository-mortar-hits.txt:926:scripts/reconciliation/REPOSITORY.diff:14559:+Configuration SHALL modify operational behavior without changing service identity or capabilities.
workspace/operational/recovery/mortar/20260803T153259/evidence/repository-mortar-hits.txt:953:scripts/reconciliation/REPOSITORY.diff:15604:+A dependency is a formal relationship in which one service requires the capability, contract, resource, or availability of another service to perform its declared responsibilities.
workspace/operational/recovery/mortar/20260803T153259/evidence/repository-mortar-hits.txt:961:scripts/reconciliation/REPOSITORY.diff:15859:+Services should cooperate through well-defined relationships rather than implicit assumptions.
workspace/operational/recovery/mortar/20260803T153259/evidence/repository-mortar-hits.txt:975:scripts/reconciliation/REPOSITORY.diff:16525:+- Validate service identity.
workspace/operational/recovery/mortar/20260803T153259/evidence/repository-mortar-hits.txt:983:scripts/reconciliation/REPOSITORY.diff:16840:+- Service identity
workspace/operational/recovery/mortar/20260803T153259/evidence/repository-mortar-hits.txt:985:scripts/reconciliation/REPOSITORY.diff:16935:+- Services preserve historical identity.
workspace/operational/recovery/mortar/20260803T153259/evidence/repository-mortar-hits.txt:1001:scripts/reconciliation/REPOSITORY.diff:17590:+- Validate service identity.
workspace/operational/recovery/mortar/20260803T153259/evidence/repository-mortar-hits.txt:1006:scripts/reconciliation/REPOSITORY.diff:17838:+- Sender identity
workspace/operational/recovery/mortar/20260803T153259/evidence/repository-mortar-hits.txt:1007:scripts/reconciliation/REPOSITORY.diff:17839:+- Recipient identity
workspace/operational/recovery/mortar/20260803T153259/evidence/repository-mortar-hits.txt:1013:scripts/reconciliation/REPOSITORY.diff:18227:+Dependency relationships SHALL remain acyclic wherever practical.
workspace/operational/recovery/mortar/20260803T153259/evidence/repository-mortar-hits.txt:1018:scripts/reconciliation/REPOSITORY.diff:18344:+The Service Registry transforms a collection of independent implementations into a governed institutional ecosystem by providing a single authoritative source of truth for service identity, capability, compatibility, and lifecycle.
workspace/operational/recovery/mortar/20260803T153259/evidence/repository-mortar-hits.txt:1029:scripts/reconciliation/REPOSITORY.diff:18830:+- Service identity
workspace/operational/recovery/mortar/20260803T153259/evidence/repository-mortar-hits.txt:1037:scripts/reconciliation/REPOSITORY.diff:19070:+- Scaling preserves service identity.
workspace/operational/recovery/mortar/20260803T153259/evidence/repository-mortar-hits.txt:1039:scripts/reconciliation/REPOSITORY.diff:19173:+Vertical scaling SHALL preserve service identity.
workspace/operational/recovery/mortar/20260803T153259/evidence/repository-mortar-hits.txt:1051:scripts/reconciliation/REPOSITORY.diff:20116:+- Version relationships are explicit.
workspace/operational/recovery/mortar/20260803T153259/evidence/repository-mortar-hits.txt:1053:scripts/reconciliation/REPOSITORY.diff:20317:+- Preserve workflow identity.
workspace/operational/recovery/mortar/20260803T153259/evidence/repository-mortar-hits.txt:1056:scripts/reconciliation/REPOSITORY.diff:20403:+By separating workflow identity from workflow version, the Repository Ingestion Framework enables continuous improvement without sacrificing historical fidelity.
workspace/operational/recovery/mortar/20260803T153259/evidence/repository-mortar-hits.txt:1059:scripts/reconciliation/REPOSITORY.diff:20751:+# Relationships
workspace/operational/recovery/mortar/20260803T153259/evidence/repository-mortar-hits.txt:1062:scripts/reconciliation/REPOSITORY.diff:20969:+# Project Identity
workspace/operational/recovery/mortar/20260803T153259/evidence/repository-mortar-hits.txt:1063:scripts/reconciliation/REPOSITORY.diff:21316:+./Archive/Recovery/AKS/AKS-AXIOM-0001_Identity_Independence.json
workspace/operational/recovery/mortar/20260803T153259/evidence/repository-mortar-hits.txt:1069:scripts/reconciliation/REPOSITORY.diff:21368:+./Archive/Recovery/AKS/AKS-PRESERVATION-0016_Relationship_Classification.json
workspace/operational/recovery/mortar/20260803T153259/evidence/repository-mortar-hits.txt:1072:scripts/reconciliation/REPOSITORY.diff:21406:+./Archive/Recovery/AKS/AKS-REL-0001_Relationship_Classification.json
workspace/operational/recovery/mortar/20260803T153259/evidence/repository-mortar-hits.txt:1074:scripts/reconciliation/REPOSITORY.diff:21513:+./Archive/Recovery/Chatgpt/JSON/Evidence_Transformation_Specification_v1.0.json
workspace/operational/recovery/mortar/20260803T153259/evidence/repository-mortar-hits.txt:1075:scripts/reconciliation/REPOSITORY.diff:21607:+./Archive/Recovery/Chatgpt/JSON/relationship_schema.json
workspace/operational/recovery/mortar/20260803T153259/evidence/repository-mortar-hits.txt:1076:scripts/reconciliation/REPOSITORY.diff:21608:+./Archive/Recovery/Chatgpt/JSON/relationships_seed.json
workspace/operational/recovery/mortar/20260803T153259/evidence/repository-mortar-hits.txt:1082:scripts/reconciliation/REPOSITORY.diff:22373:+│   │   │   ├── AKS-AXIOM-0001_Identity_Independence.json
workspace/operational/recovery/mortar/20260803T153259/evidence/repository-mortar-hits.txt:1088:scripts/reconciliation/REPOSITORY.diff:22425:+│   │   │   ├── AKS-PRESERVATION-0016_Relationship_Classification.json
workspace/operational/recovery/mortar/20260803T153259/evidence/repository-mortar-hits.txt:1091:scripts/reconciliation/REPOSITORY.diff:22463:+│   │   │   ├── AKS-REL-0001_Relationship_Classification.json
workspace/operational/recovery/mortar/20260803T153259/evidence/repository-mortar-hits.txt:1093:scripts/reconciliation/REPOSITORY.diff:22579:+│   │   │   │   ├── Evidence_Transformation_Specification_v1.0.json
workspace/operational/recovery/mortar/20260803T153259/evidence/repository-mortar-hits.txt:1094:scripts/reconciliation/REPOSITORY.diff:22673:+│   │   │   │   ├── relationship_schema.json
workspace/operational/recovery/mortar/20260803T153259/evidence/repository-mortar-hits.txt:1095:scripts/reconciliation/REPOSITORY.diff:22674:+│   │   │   │   ├── relationships_seed.json
workspace/operational/recovery/mortar/20260803T153259/evidence/repository-mortar-hits.txt:1099:scripts/reconciliation/REPOSITORY.diff:23150:+Describe institutional accountability and authority relationships.
workspace/operational/recovery/mortar/20260803T153259/evidence/repository-mortar-hits.txt:1113:scripts/reconciliation/REPOSITORY.diff:24014:+The terminal is a control panel.
workspace/operational/recovery/mortar/20260803T153259/evidence/repository-mortar-hits.txt:1122:scripts/reconciliation/REPOSITORY.diff:25063:+Its purpose is to determine whether this accurately represents the project's current identity, methodology, evolution, and future direction.
workspace/operational/recovery/mortar/20260803T153259/evidence/repository-mortar-hits.txt:1123:scripts/reconciliation/REPOSITORY.diff:25138:+REVISED IDENTITY
workspace/operational/recovery/mortar/20260803T153259/evidence/repository-mortar-hits.txt:1131:scripts/reconciliation/REPOSITORY.diff:25499:+facets
workspace/operational/recovery/mortar/20260803T153259/evidence/repository-mortar-hits.txt:1134:scripts/reconciliation/REPOSITORY.diff:25832:+The revised identity.
workspace/operational/recovery/mortar/20260803T153259/evidence/repository-mortar-hits.txt:1135:scripts/reconciliation/REPOSITORY.diff:26145:+The revised identity.
workspace/operational/recovery/mortar/20260803T153259/evidence/repository-mortar-hits.txt:1136:scripts/reconciliation/REPOSITORY.diff:26217:+2. Identity — Strong, with One Qualification
workspace/operational/recovery/mortar/20260803T153259/evidence/repository-mortar-hits.txt:1137:scripts/reconciliation/REPOSITORY.diff:26225:+I think this captures the mature identity of the project well.
workspace/operational/recovery/mortar/20260803T153259/evidence/repository-mortar-hits.txt:1138:scripts/reconciliation/REPOSITORY.diff:26227:+However, I would avoid presenting it as the only identity.
workspace/operational/recovery/mortar/20260803T153259/evidence/repository-mortar-hits.txt:1142:scripts/reconciliation/REPOSITORY.diff:26594:+5. Revised identity
workspace/operational/recovery/mortar/20260803T153259/evidence/repository-mortar-hits.txt:1144:scripts/reconciliation/REPOSITORY.diff:26666:+Artifact → Provenance → Relationships → Failure Mode(s)
workspace/operational/recovery/mortar/20260803T153259/evidence/repository-mortar-hits.txt:1151:scripts/reconciliation/REPOSITORY.diff:27146:+Operational Facets
workspace/operational/recovery/mortar/20260803T153259/evidence/repository-mortar-hits.txt:1152:scripts/reconciliation/REPOSITORY.diff:27214:+Operational Facets
workspace/operational/recovery/mortar/20260803T153259/evidence/repository-mortar-hits.txt:1161:scripts/reconciliation/REPOSITORY.diff:27727:+Constrain agentic workflows so state mutations require explicit programmatic validation rather than open-ended model generation.
workspace/operational/recovery/mortar/20260803T153259/evidence/repository-mortar-hits.txt:1163:scripts/reconciliation/REPOSITORY.diff:27832:+Axiomatic Boundaries: Establish hard logical constraints that the character cannot cross without triggering an internal error state.
workspace/operational/recovery/mortar/20260803T153259/evidence/repository-mortar-hits.txt:1164:scripts/reconciliation/REPOSITORY.diff:27838:+State Preservation: The character logs and recalls every prior constraint, premise, and user parameter without deviation.
workspace/operational/recovery/mortar/20260803T153259/evidence/repository-mortar-hits.txt:1168:scripts/reconciliation/REPOSITORY.diff:27938:+The core underlying API role parameter (system) that sets behavior, rules, and identity.
workspace/operational/recovery/mortar/20260803T153259/evidence/repository-mortar-hits.txt:1169:scripts/reconciliation/REPOSITORY.diff:27944:+The customized identity, style, or background assigned to shape how it talks.
workspace/operational/recovery/mortar/20260803T153259/evidence/repository-mortar-hits.txt:1174:scripts/reconciliation/REPOSITORY.diff:28086:+Maintaining long-term identity continuity without losing alignment requires multi-timescale loops:
workspace/operational/recovery/mortar/20260803T153259/evidence/repository-mortar-hits.txt:1186:scripts/reconciliation/REPOSITORY.diff:28679:+MASTER_RELATIONSHIP_REGISTRY
workspace/operational/recovery/mortar/20260803T153259/evidence/repository-mortar-hits.txt:1189:scripts/reconciliation/REPOSITORY.diff:28773:diff -ruN "/storage/emulated/0/DifferenceEngine/Facet Conversation.md" "/storage/emulated/0/FILE_LIBRARY_UPLOADS/Facet Conversation.md"
workspace/operational/recovery/mortar/20260803T153259/evidence/repository-mortar-hits.txt:1190:scripts/reconciliation/REPOSITORY.diff:28774:--- "/storage/emulated/0/DifferenceEngine/Facet Conversation.md"	1969-12-31 18:00:00.000000000 -0600
workspace/operational/recovery/mortar/20260803T153259/evidence/repository-mortar-hits.txt:1191:scripts/reconciliation/REPOSITORY.diff:28775:+++ "/storage/emulated/0/FILE_LIBRARY_UPLOADS/Facet Conversation.md"	2026-07-28 00:54:56.557295485 -0500
workspace/operational/recovery/mortar/20260803T153259/evidence/repository-mortar-hits.txt:1193:scripts/reconciliation/REPOSITORY.diff:29563:+> "facet"
workspace/operational/recovery/mortar/20260803T153259/evidence/repository-mortar-hits.txt:1194:scripts/reconciliation/REPOSITORY.diff:29591:+I said facet earlier, actually.
workspace/operational/recovery/mortar/20260803T153259/evidence/repository-mortar-hits.txt:1195:scripts/reconciliation/REPOSITORY.diff:29598:+Now I think facet is actually a stronger term than agent for ADE.
workspace/operational/recovery/mortar/20260803T153259/evidence/repository-mortar-hits.txt:1196:scripts/reconciliation/REPOSITORY.diff:29620:+Facet implies perspective.
workspace/operational/recovery/mortar/20260803T153259/evidence/repository-mortar-hits.txt:1197:scripts/reconciliation/REPOSITORY.diff:29634:+Different facets reveal different aspects.
workspace/operational/recovery/mortar/20260803T153259/evidence/repository-mortar-hits.txt:1198:scripts/reconciliation/REPOSITORY.diff:29651:+Librarian Facet
workspace/operational/recovery/mortar/20260803T153259/evidence/repository-mortar-hits.txt:1199:scripts/reconciliation/REPOSITORY.diff:29664:+Research Facet
workspace/operational/recovery/mortar/20260803T153259/evidence/repository-mortar-hits.txt:1200:scripts/reconciliation/REPOSITORY.diff:29673:+Archaeology Facet.
workspace/operational/recovery/mortar/20260803T153259/evidence/repository-mortar-hits.txt:1201:scripts/reconciliation/REPOSITORY.diff:29675:+Governance Facet.
workspace/operational/recovery/mortar/20260803T153259/evidence/repository-mortar-hits.txt:1202:scripts/reconciliation/REPOSITORY.diff:29677:+Field Investigation Facet.
workspace/operational/recovery/mortar/20260803T153259/evidence/repository-mortar-hits.txt:1203:scripts/reconciliation/REPOSITORY.diff:29679:+Repository Health Facet.
workspace/operational/recovery/mortar/20260803T153259/evidence/repository-mortar-hits.txt:1204:scripts/reconciliation/REPOSITORY.diff:29681:+Observation Facet.
workspace/operational/recovery/mortar/20260803T153259/evidence/repository-mortar-hits.txt:1205:scripts/reconciliation/REPOSITORY.diff:29683:+Documentation Facet.
workspace/operational/recovery/mortar/20260803T153259/evidence/repository-mortar-hits.txt:1206:scripts/reconciliation/REPOSITORY.diff:29685:+Automation Facet.
workspace/operational/recovery/mortar/20260803T153259/evidence/repository-mortar-hits.txt:1207:scripts/reconciliation/REPOSITORY.diff:29706:+Facets feel like disciplined, bounded interfaces into a shared body of knowledge.
workspace/operational/recovery/mortar/20260803T153259/evidence/repository-mortar-hits.txt:1208:scripts/reconciliation/REPOSITORY.diff:29715:+Imagine every facet sharing the same contract.
workspace/operational/recovery/mortar/20260803T153259/evidence/repository-mortar-hits.txt:1209:scripts/reconciliation/REPOSITORY.diff:29721:+Facet
workspace/operational/recovery/mortar/20260803T153259/evidence/repository-mortar-hits.txt:1210:scripts/reconciliation/REPOSITORY.diff:29739:+Different facet.
workspace/operational/recovery/mortar/20260803T153259/evidence/repository-mortar-hits.txt:1211:scripts/reconciliation/REPOSITORY.diff:29746:+That means if someone develops a better Research Facet...
workspace/operational/recovery/mortar/20260803T153259/evidence/repository-mortar-hits.txt:1212:scripts/reconciliation/REPOSITORY.diff:29750:+They swap one facet.
workspace/operational/recovery/mortar/20260803T153259/evidence/repository-mortar-hits.txt:1213:scripts/reconciliation/REPOSITORY.diff:29761:+What if facets are composable?
workspace/operational/recovery/mortar/20260803T153259/evidence/repository-mortar-hits.txt:1214:scripts/reconciliation/REPOSITORY.diff:29767:+Observation Facet
workspace/operational/recovery/mortar/20260803T153259/evidence/repository-mortar-hits.txt:1215:scripts/reconciliation/REPOSITORY.diff:29769:+Research Facet
workspace/operational/recovery/mortar/20260803T153259/evidence/repository-mortar-hits.txt:1216:scripts/reconciliation/REPOSITORY.diff:29771:+Archaeology Facet
workspace/operational/recovery/mortar/20260803T153259/evidence/repository-mortar-hits.txt:1217:scripts/reconciliation/REPOSITORY.diff:29773:+Documentation Facet
workspace/operational/recovery/mortar/20260803T153259/evidence/repository-mortar-hits.txt:1218:scripts/reconciliation/REPOSITORY.diff:29782:+The facets remain.
workspace/operational/recovery/mortar/20260803T153259/evidence/repository-mortar-hits.txt:1219:scripts/reconciliation/REPOSITORY.diff:29797:+Facets feel like those mechanisms.
workspace/operational/recovery/mortar/20260803T153259/evidence/repository-mortar-hits.txt:1220:scripts/reconciliation/REPOSITORY.diff:29801:+Facets are the means by which the state is examined, refined, or extended.
workspace/operational/recovery/mortar/20260803T153259/evidence/repository-mortar-hits.txt:1221:scripts/reconciliation/REPOSITORY.diff:29807:+You said facet first.
workspace/operational/recovery/mortar/20260803T153259/evidence/repository-mortar-hits.txt:1222:scripts/reconciliation/REPOSITORY.diff:29835:+Reliable transformation.
workspace/operational/recovery/mortar/20260803T153259/evidence/repository-mortar-hits.txt:1225:scripts/reconciliation/REPOSITORY.diff:30073:+│   │   │   │   ├── AKS-AXIOM-0001_Identity_Independence.json
workspace/operational/recovery/mortar/20260803T153259/evidence/repository-mortar-hits.txt:1231:scripts/reconciliation/REPOSITORY.diff:30125:+│   │   │   │   ├── AKS-PRESERVATION-0016_Relationship_Classification.json
workspace/operational/recovery/mortar/20260803T153259/evidence/repository-mortar-hits.txt:1234:scripts/reconciliation/REPOSITORY.diff:30163:+│   │   │   │   ├── AKS-REL-0001_Relationship_Classification.json
workspace/operational/recovery/mortar/20260803T153259/evidence/repository-mortar-hits.txt:1236:scripts/reconciliation/REPOSITORY.diff:30272:+│   │   │   │   │   ├── Evidence_Transformation_Specification_v1.0.json
workspace/operational/recovery/mortar/20260803T153259/evidence/repository-mortar-hits.txt:1237:scripts/reconciliation/REPOSITORY.diff:30318:+│   │   │   │   │   ├── relationship_schema.json
workspace/operational/recovery/mortar/20260803T153259/evidence/repository-mortar-hits.txt:1238:scripts/reconciliation/REPOSITORY.diff:30319:+│   │   │   │   │   ├── relationships_seed.json
workspace/operational/recovery/mortar/20260803T153259/evidence/repository-mortar-hits.txt:1242:scripts/reconciliation/REPOSITORY.diff:30725:+Everything is represented as relationships.
workspace/operational/recovery/mortar/20260803T153259/evidence/repository-mortar-hits.txt:1245:scripts/reconciliation/REPOSITORY.diff:30872:+- Governance Relationships
workspace/operational/recovery/mortar/20260803T153259/evidence/repository-mortar-hits.txt:1248:scripts/reconciliation/REPOSITORY.diff:30980:+Treat setbacks as information before treating them as identity.
workspace/operational/recovery/mortar/20260803T153259/evidence/repository-mortar-hits.txt:1249:scripts/reconciliation/REPOSITORY.diff:31049:+- relationships,
workspace/operational/recovery/mortar/20260803T153259/evidence/repository-mortar-hits.txt:1253:scripts/reconciliation/REPOSITORY.diff:31245:+Treat setbacks as information before treating them as identity.
workspace/operational/recovery/mortar/20260803T153259/evidence/repository-mortar-hits.txt:1254:scripts/reconciliation/REPOSITORY.diff:31309:+relationships,
workspace/operational/recovery/mortar/20260803T153259/evidence/repository-mortar-hits.txt:1261:scripts/reconciliation/REPOSITORY.diff:31754:+Its purpose is to determine whether this accurately represents the project's current identity, methodology, evolution, and future direction.
workspace/operational/recovery/mortar/20260803T153259/evidence/repository-mortar-hits.txt:1262:scripts/reconciliation/REPOSITORY.diff:31829:+REVISED IDENTITY
workspace/operational/recovery/mortar/20260803T153259/evidence/repository-mortar-hits.txt:1292:scripts/reconciliation/REPOSITORY.diff:32731:+Relationships
workspace/operational/recovery/mortar/20260803T153259/evidence/repository-mortar-hits.txt:1294:scripts/reconciliation/REPOSITORY.diff:32787:+- Projection theory
workspace/operational/recovery/mortar/20260803T153259/evidence/repository-mortar-hits.txt:1296:scripts/reconciliation/REPOSITORY.diff:32793:+- Relationship-first ontology
workspace/operational/recovery/mortar/20260803T153259/evidence/repository-mortar-hits.txt:1298:scripts/reconciliation/REPOSITORY.diff:32796:+- Whole vs projection
workspace/operational/recovery/mortar/20260803T153259/evidence/repository-mortar-hits.txt:1299:scripts/reconciliation/REPOSITORY.diff:32801:+- Relationship Registry
workspace/operational/recovery/mortar/20260803T153259/evidence/repository-mortar-hits.txt:1401:scripts/reconciliation/REPOSITORY.diff:33888:+This document defines the purpose, authority, ownership, lifecycle, and relationships of every top-level component of The Difference Engine repository.
workspace/operational/recovery/mortar/20260803T153259/evidence/repository-mortar-hits.txt:1427:scripts/reconciliation/REPOSITORY.diff:35095:+Relationships
workspace/operational/recovery/mortar/20260803T153259/evidence/repository-mortar-hits.txt:1434:scripts/reconciliation/REPOSITORY.diff:35221:+Relationship formation.
workspace/operational/recovery/mortar/20260803T153259/evidence/repository-mortar-hits.txt:1438:scripts/reconciliation/REPOSITORY.diff:35327:+Relationship Registry
workspace/operational/recovery/mortar/20260803T153259/evidence/repository-mortar-hits.txt:1457:scripts/reconciliation/REPOSITORY.diff:35543:+Relationship graph
workspace/operational/recovery/mortar/20260803T153259/evidence/repository-mortar-hits.txt:1458:scripts/reconciliation/REPOSITORY.diff:35557:diff -ruN "/storage/emulated/0/DifferenceEngine/Rebuild.md/Primitive Queue.md" "/storage/emulated/0/FILE_LIBRARY_UPLOADS/Rebuild.md/Primitive Queue.md"
workspace/operational/recovery/mortar/20260803T153259/evidence/repository-mortar-hits.txt:1459:scripts/reconciliation/REPOSITORY.diff:35558:--- "/storage/emulated/0/DifferenceEngine/Rebuild.md/Primitive Queue.md"	1969-12-31 18:00:00.000000000 -0600
workspace/operational/recovery/mortar/20260803T153259/evidence/repository-mortar-hits.txt:1460:scripts/reconciliation/REPOSITORY.diff:35559:+++ "/storage/emulated/0/FILE_LIBRARY_UPLOADS/Rebuild.md/Primitive Queue.md"	2026-07-31 18:27:59.746399263 -0500
workspace/operational/recovery/mortar/20260803T153259/evidence/repository-mortar-hits.txt:1474:scripts/reconciliation/REPOSITORY.diff:35830:+3 Relationships
workspace/operational/recovery/mortar/20260803T153259/evidence/repository-mortar-hits.txt:1477:scripts/reconciliation/REPOSITORY.diff:35926:+Projection theory
workspace/operational/recovery/mortar/20260803T153259/evidence/repository-mortar-hits.txt:1479:scripts/reconciliation/REPOSITORY.diff:35938:+Relationship-first ontology
workspace/operational/recovery/mortar/20260803T153259/evidence/repository-mortar-hits.txt:1481:scripts/reconciliation/REPOSITORY.diff:35944:+Whole vs projection
workspace/operational/recovery/mortar/20260803T153259/evidence/repository-mortar-hits.txt:1482:scripts/reconciliation/REPOSITORY.diff:35952:+Relationship Registry
workspace/operational/recovery/mortar/20260803T153259/evidence/repository-mortar-hits.txt:1504:scripts/reconciliation/REPOSITORY.diff:36167:+Projection framework
workspace/operational/recovery/mortar/20260803T153259/evidence/repository-mortar-hits.txt:1505:scripts/reconciliation/REPOSITORY.diff:36168:+Whole vs Projection
workspace/operational/recovery/mortar/20260803T153259/evidence/repository-mortar-hits.txt:1507:scripts/reconciliation/REPOSITORY.diff:36173:+Relationship-first ontology
workspace/operational/recovery/mortar/20260803T153259/evidence/repository-mortar-hits.txt:1508:scripts/reconciliation/REPOSITORY.diff:36178:+Relationship registry
workspace/operational/recovery/mortar/20260803T153259/evidence/repository-mortar-hits.txt:1515:scripts/reconciliation/REPOSITORY.diff:36206:+Reduced concepts toward candidate irreducibles without promoting them.
workspace/operational/recovery/mortar/20260803T153259/evidence/repository-mortar-hits.txt:1516:scripts/reconciliation/REPOSITORY.diff:36207:+Shifted from "facets" to projections as a stronger abstraction.
workspace/operational/recovery/mortar/20260803T153259/evidence/repository-mortar-hits.txt:1524:scripts/reconciliation/REPOSITORY.diff:36258:+Execution compatibility versus established repository identity.
workspace/operational/recovery/mortar/20260803T153259/evidence/repository-mortar-hits.txt:1565:scripts/reconciliation/REPOSITORY.diff:36693:+    Identity/
workspace/operational/recovery/mortar/20260803T153259/evidence/repository-mortar-hits.txt:1567:scripts/reconciliation/REPOSITORY.diff:36786:+Build Relationships
workspace/operational/recovery/mortar/20260803T153259/evidence/repository-mortar-hits.txt:1571:scripts/reconciliation/REPOSITORY.diff:37418:+Preserve relationships between knowledge.
workspace/operational/recovery/mortar/20260803T153259/evidence/repository-mortar-hits.txt:1575:scripts/reconciliation/REPOSITORY.diff:38805:-./Repository/Relationships
workspace/operational/recovery/mortar/20260803T153259/evidence/repository-mortar-hits.txt:1578:scripts/reconciliation/REPOSITORY.diff:38856:-│   ├── Relationships
workspace/operational/recovery/mortar/20260803T153259/evidence/repository-mortar-hits.txt:1581:scripts/reconciliation/REPOSITORY.diff:38915:-/storage/emulated/0/DifferenceEngine/Repository/Relationships
workspace/operational/recovery/mortar/20260803T153259/evidence/repository-mortar-hits.txt:1584:scripts/reconciliation/REPOSITORY.diff:39115:-Repository/Relationships
workspace/operational/recovery/mortar/20260803T153259/evidence/repository-mortar-hits.txt:1588:scripts/reconciliation/REPOSITORY.diff:39324:-Repository/Relationships
workspace/operational/recovery/mortar/20260803T153259/evidence/repository-mortar-hits.txt:1591:scripts/reconciliation/REPOSITORY.diff:39563:-FILE_LIBRARY_UPLOADS/99_UTILITIES/Ingestion/Repository_Relationship_Schema_v0.1.md
workspace/operational/recovery/mortar/20260803T153259/evidence/repository-mortar-hits.txt:1593:scripts/reconciliation/REPOSITORY.diff:39637:-FILE_LIBRARY_UPLOADS/Facet Conversation.md
workspace/operational/recovery/mortar/20260803T153259/evidence/repository-mortar-hits.txt:1629:scripts/reconciliation/REPOSITORY.diff:39688:-FILE_LIBRARY_UPLOADS/Rebuild.md/Primitive Queue.md
workspace/operational/recovery/mortar/20260803T153259/evidence/repository-mortar-hits.txt:1649:scripts/reconciliation/REPOSITORY.diff:39783:-99_UTILITIES/Ingestion/Repository_Relationship_Schema_v0.1.md
workspace/operational/recovery/mortar/20260803T153259/evidence/repository-mortar-hits.txt:1651:scripts/reconciliation/REPOSITORY.diff:39857:-Facet Conversation.md
workspace/operational/recovery/mortar/20260803T153259/evidence/repository-mortar-hits.txt:1687:scripts/reconciliation/REPOSITORY.diff:39908:-Rebuild.md/Primitive Queue.md
workspace/operational/recovery/mortar/20260803T153259/evidence/repository-mortar-hits.txt:1707:scripts/reconciliation/REPOSITORY.diff:40003:-FILE_LIBRARY_UPLOADS/99_UTILITIES/Ingestion/Repository_Relationship_Schema_v0.1.md
workspace/operational/recovery/mortar/20260803T153259/evidence/repository-mortar-hits.txt:1709:scripts/reconciliation/REPOSITORY.diff:40077:-FILE_LIBRARY_UPLOADS/Facet Conversation.md
workspace/operational/recovery/mortar/20260803T153259/evidence/repository-mortar-hits.txt:1745:scripts/reconciliation/REPOSITORY.diff:40128:-FILE_LIBRARY_UPLOADS/Rebuild.md/Primitive Queue.md
workspace/operational/recovery/mortar/20260803T153259/evidence/repository-mortar-hits.txt:1764:scripts/reconciliation/REPOSITORY.diff:40210:-	99_UTILITIES/Ingestion/Repository_Relationship_Schema_v0.1.md
workspace/operational/recovery/mortar/20260803T153259/evidence/repository-mortar-hits.txt:1766:scripts/reconciliation/REPOSITORY.diff:40284:-	Facet Conversation.md
workspace/operational/recovery/mortar/20260803T153259/evidence/repository-mortar-hits.txt:1802:scripts/reconciliation/REPOSITORY.diff:40335:-	Rebuild.md/Primitive Queue.md
workspace/operational/recovery/mortar/20260803T153259/evidence/repository-mortar-hits.txt:1825:scripts/reconciliation/REPOSITORY.diff:41013:-+# Relationship to the Repository
workspace/operational/recovery/mortar/20260803T153259/evidence/repository-mortar-hits.txt:1826:scripts/reconciliation/REPOSITORY.diff:41033:-+# Relationship to Engineering
workspace/operational/recovery/mortar/20260803T153259/evidence/repository-mortar-hits.txt:1831:scripts/reconciliation/REPOSITORY.diff:41669:-+Repository relationships have been identified.
workspace/operational/recovery/mortar/20260803T153259/evidence/repository-mortar-hits.txt:1833:scripts/reconciliation/REPOSITORY.diff:41791:-+# Relationship to Provenance
workspace/operational/recovery/mortar/20260803T153259/evidence/repository-mortar-hits.txt:1836:scripts/reconciliation/REPOSITORY.diff:42038:-+No transformation replaces the source.
workspace/operational/recovery/mortar/20260803T153259/evidence/repository-mortar-hits.txt:1838:scripts/reconciliation/REPOSITORY.diff:42189:-+# Relationship to Artifacts
workspace/operational/recovery/mortar/20260803T153259/evidence/repository-mortar-hits.txt:1841:scripts/reconciliation/REPOSITORY.diff:42324:-+- Supersession relationship is recorded.
workspace/operational/recovery/mortar/20260803T153259/evidence/repository-mortar-hits.txt:1848:scripts/reconciliation/REPOSITORY.diff:42659:-+No assumptions shall be made regarding identity.
workspace/operational/recovery/mortar/20260803T153259/evidence/repository-mortar-hits.txt:1852:scripts/reconciliation/REPOSITORY.diff:42990:-+- Hidden transformations
workspace/operational/recovery/mortar/20260803T153259/evidence/repository-mortar-hits.txt:1861:scripts/reconciliation/REPOSITORY.diff:43159:-+| Relationship Discovered | Relationship identified |
workspace/operational/recovery/mortar/20260803T153259/evidence/repository-mortar-hits.txt:1882:scripts/reconciliation/REPOSITORY.diff:44164:-+- Relationship ID
workspace/operational/recovery/mortar/20260803T153259/evidence/repository-mortar-hits.txt:1892:scripts/reconciliation/REPOSITORY.diff:44437:-+- Relationship ID
workspace/operational/recovery/mortar/20260803T153259/evidence/repository-mortar-hits.txt:1900:scripts/reconciliation/REPOSITORY.diff:44685:-+- Relationship validation
workspace/operational/recovery/mortar/20260803T153259/evidence/repository-mortar-hits.txt:1901:scripts/reconciliation/REPOSITORY.diff:44696:-+- Relationship discovery
workspace/operational/recovery/mortar/20260803T153259/evidence/repository-mortar-hits.txt:1911:scripts/reconciliation/REPOSITORY.diff:44922:-+| Relationship discovery | |
workspace/operational/recovery/mortar/20260803T153259/evidence/repository-mortar-hits.txt:1919:scripts/reconciliation/REPOSITORY.diff:45157:-+Establish repository relationships.
workspace/operational/recovery/mortar/20260803T153259/evidence/repository-mortar-hits.txt:1920:scripts/reconciliation/REPOSITORY.diff:45162:-+- Relationship discovery
workspace/operational/recovery/mortar/20260803T153259/evidence/repository-mortar-hits.txt:1921:scripts/reconciliation/REPOSITORY.diff:45168:-+- Relationship integrity is maintained.
workspace/operational/recovery/mortar/20260803T153259/evidence/repository-mortar-hits.txt:1928:scripts/reconciliation/REPOSITORY.diff:45418:-+- Relationship discovery
workspace/operational/recovery/mortar/20260803T153259/evidence/repository-mortar-hits.txt:1931:scripts/reconciliation/REPOSITORY.diff:45603:-+The sequence of parent-child relationships connecting derived objects to their originating artifacts.
workspace/operational/recovery/mortar/20260803T153259/evidence/repository-mortar-hits.txt:1932:scripts/reconciliation/REPOSITORY.diff:45607:-+## Relationship
workspace/operational/recovery/mortar/20260803T153259/evidence/repository-mortar-hits.txt:1933:scripts/reconciliation/REPOSITORY.diff:45611:-+Relationships are repository objects.
workspace/operational/recovery/mortar/20260803T153259/evidence/repository-mortar-hits.txt:1934:scripts/reconciliation/REPOSITORY.diff:45613:-+Relationships retain provenance.
workspace/operational/recovery/mortar/20260803T153259/evidence/repository-mortar-hits.txt:1935:scripts/reconciliation/REPOSITORY.diff:45623:-+Relationships are interpretations.
workspace/operational/recovery/mortar/20260803T153259/evidence/repository-mortar-hits.txt:1936:scripts/reconciliation/REPOSITORY.diff:45641:-+The process of identifying relationships between repository objects.
workspace/operational/recovery/mortar/20260803T153259/evidence/repository-mortar-hits.txt:1939:scripts/reconciliation/REPOSITORY.diff:45725:-+The repository contains evidence, knowledge, relationships, and history.
workspace/operational/recovery/mortar/20260803T153259/evidence/repository-mortar-hits.txt:1944:scripts/reconciliation/REPOSITORY.diff:45914:-+Discover repository relationships.
workspace/operational/recovery/mortar/20260803T153259/evidence/repository-mortar-hits.txt:1945:scripts/reconciliation/REPOSITORY.diff:45969:-+- Relationship Index
workspace/operational/recovery/mortar/20260803T153259/evidence/repository-mortar-hits.txt:1965:scripts/reconciliation/REPOSITORY.diff:47167:-+The Provenance Specification defines how lineage, traceability, and evidence relationships are preserved throughout the ingestion lifecycle.
workspace/operational/recovery/mortar/20260803T153259/evidence/repository-mortar-hits.txt:1966:scripts/reconciliation/REPOSITORY.diff:47189:-+Every transformation SHALL record:
workspace/operational/recovery/mortar/20260803T153259/evidence/repository-mortar-hits.txt:1967:scripts/reconciliation/REPOSITORY.diff:47221:-+# Lineage Relationships
workspace/operational/recovery/mortar/20260803T153259/evidence/repository-mortar-hits.txt:1968:scripts/reconciliation/REPOSITORY.diff:47223:-+Supported relationships include:
workspace/operational/recovery/mortar/20260803T153259/evidence/repository-mortar-hits.txt:1969:scripts/reconciliation/REPOSITORY.diff:47234:-+Relationships SHALL be directional.
workspace/operational/recovery/mortar/20260803T153259/evidence/repository-mortar-hits.txt:1970:scripts/reconciliation/REPOSITORY.diff:47238:-+# Transformation Events
workspace/operational/recovery/mortar/20260803T153259/evidence/repository-mortar-hits.txt:1971:scripts/reconciliation/REPOSITORY.diff:47240:-+Each processing stage SHALL append a transformation event.
workspace/operational/recovery/mortar/20260803T153259/evidence/repository-mortar-hits.txt:1972:scripts/reconciliation/REPOSITORY.diff:47242:-+A transformation event SHALL include:
workspace/operational/recovery/mortar/20260803T153259/evidence/repository-mortar-hits.txt:1973:scripts/reconciliation/REPOSITORY.diff:47251:-+Transformation history SHALL be append-only.
workspace/operational/recovery/mortar/20260803T153259/evidence/repository-mortar-hits.txt:1982:scripts/reconciliation/REPOSITORY.diff:47937:-+Capture ideas for scripts, utilities, automations, services, or facets.
workspace/operational/recovery/mortar/20260803T153259/evidence/repository-mortar-hits.txt:1983:scripts/reconciliation/REPOSITORY.diff:48124:-+References identify connections to internal and external resources without asserting semantic relationships.
workspace/operational/recovery/mortar/20260803T153259/evidence/repository-mortar-hits.txt:1984:scripts/reconciliation/REPOSITORY.diff:48136:-+- References do not imply relationship.
workspace/operational/recovery/mortar/20260803T153259/evidence/repository-mortar-hits.txt:1986:scripts/reconciliation/REPOSITORY.diff:48235:-+# Relationship to Repository Mapping
workspace/operational/recovery/mortar/20260803T153259/evidence/repository-mortar-hits.txt:1987:scripts/reconciliation/REPOSITORY.diff:48300:-+- Transformation history
workspace/operational/recovery/mortar/20260803T153259/evidence/repository-mortar-hits.txt:1989:scripts/reconciliation/REPOSITORY.diff:48350:-+Every significant transformation SHOULD be observable.
workspace/operational/recovery/mortar/20260803T153259/evidence/repository-mortar-hits.txt:1990:scripts/reconciliation/REPOSITORY.diff:48450:-+This Constitution establishes the enduring principles that allow the Repository Ingestion Framework to evolve while preserving its identity, integrity, and purpose.
workspace/operational/recovery/mortar/20260803T153259/evidence/repository-mortar-hits.txt:1991:scripts/reconciliation/REPOSITORY.diff:48472:-+The Repository Index Specification defines the canonical indexing system for repository artifacts, assets, relationships, and supporting records.
workspace/operational/recovery/mortar/20260803T153259/evidence/repository-mortar-hits.txt:1992:scripts/reconciliation/REPOSITORY.diff:48498:-+- Relationship Index
workspace/operational/recovery/mortar/20260803T153259/evidence/repository-mortar-hits.txt:1993:scripts/reconciliation/REPOSITORY.diff:48536:-+# Relationship Index
workspace/operational/recovery/mortar/20260803T153259/evidence/repository-mortar-hits.txt:1994:scripts/reconciliation/REPOSITORY.diff:48538:-+Tracks repository relationships.
workspace/operational/recovery/mortar/20260803T153259/evidence/repository-mortar-hits.txt:1995:scripts/reconciliation/REPOSITORY.diff:48542:-+- Relationship ID
workspace/operational/recovery/mortar/20260803T153259/evidence/repository-mortar-hits.txt:1996:scripts/reconciliation/REPOSITORY.diff:48545:-+- Relationship Type
workspace/operational/recovery/mortar/20260803T153259/evidence/repository-mortar-hits.txt:1997:scripts/reconciliation/REPOSITORY.diff:48608:-+- Latest Transformation Event
workspace/operational/recovery/mortar/20260803T153259/evidence/repository-mortar-hits.txt:1998:scripts/reconciliation/REPOSITORY.diff:48619:-+- Relationship creation
workspace/operational/recovery/mortar/20260803T153259/evidence/repository-mortar-hits.txt:2000:scripts/reconciliation/REPOSITORY.diff:48674:-+Repository Mapping identifies relationships between newly ingested artifacts and existing repository content.
workspace/operational/recovery/mortar/20260803T153259/evidence/repository-mortar-hits.txt:2001:scripts/reconciliation/REPOSITORY.diff:48686:-+- Discover relationships
workspace/operational/recovery/mortar/20260803T153259/evidence/repository-mortar-hits.txt:2002:scripts/reconciliation/REPOSITORY.diff:48704:-+Each mapping SHALL produce one or more relationship records.
workspace/operational/recovery/mortar/20260803T153259/evidence/repository-mortar-hits.txt:2003:scripts/reconciliation/REPOSITORY.diff:48706:-+Relationship records SHALL retain provenance.
workspace/operational/recovery/mortar/20260803T153259/evidence/repository-mortar-hits.txt:2004:scripts/reconciliation/REPOSITORY.diff:48710:-+# Relationship Types
workspace/operational/recovery/mortar/20260803T153259/evidence/repository-mortar-hits.txt:2005:scripts/reconciliation/REPOSITORY.diff:48748:-+Inverse relationship.
workspace/operational/recovery/mortar/20260803T153259/evidence/repository-mortar-hits.txt:2006:scripts/reconciliation/REPOSITORY.diff:48766:-+No meaningful relationships discovered.
workspace/operational/recovery/mortar/20260803T153259/evidence/repository-mortar-hits.txt:2007:scripts/reconciliation/REPOSITORY.diff:48805:-+- Relationship Type
workspace/operational/recovery/mortar/20260803T153259/evidence/repository-mortar-hits.txt:2008:scripts/reconciliation/REPOSITORY.diff:48817:-+Relationships before restructuring.
workspace/operational/recovery/mortar/20260803T153259/evidence/repository-mortar-hits.txt:2010:scripts/reconciliation/REPOSITORY.diff:48941:-+- Cross-artifact relationships
workspace/operational/recovery/mortar/20260803T153259/evidence/repository-mortar-hits.txt:2014:scripts/reconciliation/REPOSITORY.diff:49029:-diff -ruN /storage/emulated/0/DifferenceEngine/99_UTILITIES/Ingestion/Repository_Relationship_Schema_v0.1.md /storage/emulated/0/FILE_LIBRARY_UPLOADS/99_UTILITIES/Ingestion/Repository_Relationship_Schema_v0.1.md
workspace/operational/recovery/mortar/20260803T153259/evidence/repository-mortar-hits.txt:2015:scripts/reconciliation/REPOSITORY.diff:49030:---- /storage/emulated/0/DifferenceEngine/99_UTILITIES/Ingestion/Repository_Relationship_Schema_v0.1.md	1969-12-31 18:00:00.000000000 -0600
workspace/operational/recovery/mortar/20260803T153259/evidence/repository-mortar-hits.txt:2016:scripts/reconciliation/REPOSITORY.diff:49031:-+++ /storage/emulated/0/FILE_LIBRARY_UPLOADS/99_UTILITIES/Ingestion/Repository_Relationship_Schema_v0.1.md	2026-07-28 02:04:49.474379857 -0500
workspace/operational/recovery/mortar/20260803T153259/evidence/repository-mortar-hits.txt:2017:scripts/reconciliation/REPOSITORY.diff:49033:-+# Repository Relationship Schema
workspace/operational/recovery/mortar/20260803T153259/evidence/repository-mortar-hits.txt:2018:scripts/reconciliation/REPOSITORY.diff:49043:-+The Repository Relationship Schema defines the canonical representation of relationships between repository artifacts.
workspace/operational/recovery/mortar/20260803T153259/evidence/repository-mortar-hits.txt:2019:scripts/reconciliation/REPOSITORY.diff:49045:-+Relationships are first-class repository objects.
workspace/operational/recovery/mortar/20260803T153259/evidence/repository-mortar-hits.txt:2020:scripts/reconciliation/REPOSITORY.diff:49053:-+- Relationships are explicit.
workspace/operational/recovery/mortar/20260803T153259/evidence/repository-mortar-hits.txt:2021:scripts/reconciliation/REPOSITORY.diff:49054:-+- Relationships are directional.
workspace/operational/recovery/mortar/20260803T153259/evidence/repository-mortar-hits.txt:2022:scripts/reconciliation/REPOSITORY.diff:49055:-+- Relationships retain provenance.
workspace/operational/recovery/mortar/20260803T153259/evidence/repository-mortar-hits.txt:2023:scripts/reconciliation/REPOSITORY.diff:49056:-+- Relationships are immutable once recorded.
workspace/operational/recovery/mortar/20260803T153259/evidence/repository-mortar-hits.txt:2024:scripts/reconciliation/REPOSITORY.diff:49057:-+- Relationships may evolve through superseding records.
workspace/operational/recovery/mortar/20260803T153259/evidence/repository-mortar-hits.txt:2025:scripts/reconciliation/REPOSITORY.diff:49063:-+Every relationship SHALL contain:
workspace/operational/recovery/mortar/20260803T153259/evidence/repository-mortar-hits.txt:2026:scripts/reconciliation/REPOSITORY.diff:49065:-+- Relationship ID
workspace/operational/recovery/mortar/20260803T153259/evidence/repository-mortar-hits.txt:2027:scripts/reconciliation/REPOSITORY.diff:49068:-+- Relationship Type
workspace/operational/recovery/mortar/20260803T153259/evidence/repository-mortar-hits.txt:2028:scripts/reconciliation/REPOSITORY.diff:49077:-+Relationships MAY include:
workspace/operational/recovery/mortar/20260803T153259/evidence/repository-mortar-hits.txt:2029:scripts/reconciliation/REPOSITORY.diff:49087:-+# Relationship Types
workspace/operational/recovery/mortar/20260803T153259/evidence/repository-mortar-hits.txt:2030:scripts/reconciliation/REPOSITORY.diff:49089:-+Supported relationship types include:
workspace/operational/recovery/mortar/20260803T153259/evidence/repository-mortar-hits.txt:2031:scripts/reconciliation/REPOSITORY.diff:49110:-+Additional relationship types MAY be introduced through future specifications.
workspace/operational/recovery/mortar/20260803T153259/evidence/repository-mortar-hits.txt:2032:scripts/reconciliation/REPOSITORY.diff:49114:-+# Relationship Direction
workspace/operational/recovery/mortar/20260803T153259/evidence/repository-mortar-hits.txt:2033:scripts/reconciliation/REPOSITORY.diff:49116:-+Every relationship SHALL have a defined direction.
workspace/operational/recovery/mortar/20260803T153259/evidence/repository-mortar-hits.txt:2034:scripts/reconciliation/REPOSITORY.diff:49130:-+The inverse relationship SHALL be derivable or explicitly recorded.
workspace/operational/recovery/mortar/20260803T153259/evidence/repository-mortar-hits.txt:2035:scripts/reconciliation/REPOSITORY.diff:49136:-+Relationships SHALL preserve:
workspace/operational/recovery/mortar/20260803T153259/evidence/repository-mortar-hits.txt:2036:scripts/reconciliation/REPOSITORY.diff:49148:-+Relationships SHALL exist in one of the following states:
workspace/operational/recovery/mortar/20260803T153259/evidence/repository-mortar-hits.txt:2037:scripts/reconciliation/REPOSITORY.diff:49154:-+Relationships SHALL NOT be deleted.
workspace/operational/recovery/mortar/20260803T153259/evidence/repository-mortar-hits.txt:2039:scripts/reconciliation/REPOSITORY.diff:49160:-+A valid relationship SHALL:
workspace/operational/recovery/mortar/20260803T153259/evidence/repository-mortar-hits.txt:2040:scripts/reconciliation/REPOSITORY.diff:49163:-+- Use a recognized Relationship Type
workspace/operational/recovery/mortar/20260803T153259/evidence/repository-mortar-hits.txt:2041:scripts/reconciliation/REPOSITORY.diff:49171:-+Knowledge grows through relationships.
workspace/operational/recovery/mortar/20260803T153259/evidence/repository-mortar-hits.txt:2042:scripts/reconciliation/REPOSITORY.diff:49175:-+Relationships create context.
workspace/operational/recovery/mortar/20260803T153259/evidence/repository-mortar-hits.txt:2048:scripts/reconciliation/REPOSITORY.diff:49656:-+- Relationships remain valid.
workspace/operational/recovery/mortar/20260803T153259/evidence/repository-mortar-hits.txt:2049:scripts/reconciliation/REPOSITORY.diff:49733:-+- Broken relationships
workspace/operational/recovery/mortar/20260803T153259/evidence/repository-mortar-hits.txt:2050:scripts/reconciliation/REPOSITORY.diff:49950:-+- Relationships
workspace/operational/recovery/mortar/20260803T153259/evidence/repository-mortar-hits.txt:2051:scripts/reconciliation/REPOSITORY.diff:49962:-+Determine relationships between ingested artifacts and existing repository content.
workspace/operational/recovery/mortar/20260803T153259/evidence/repository-mortar-hits.txt:2056:scripts/reconciliation/REPOSITORY.diff:50250:-+- Avoid circular service relationships.
workspace/operational/recovery/mortar/20260803T153259/evidence/repository-mortar-hits.txt:2063:scripts/reconciliation/REPOSITORY.diff:50423:-+5. Map relationships.
workspace/operational/recovery/mortar/20260803T153259/evidence/repository-mortar-hits.txt:2078:scripts/reconciliation/REPOSITORY.diff:50546:-+- Parent relationships recorded.
workspace/operational/recovery/mortar/20260803T153259/evidence/repository-mortar-hits.txt:2097:scripts/reconciliation/REPOSITORY.diff:51649:-+Parent-child relationships SHALL remain acyclic.
workspace/operational/recovery/mortar/20260803T153259/evidence/repository-mortar-hits.txt:2130:scripts/reconciliation/REPOSITORY.diff:53423:-+A recovered workflow is not a new workflow—it is the faithful continuation of an existing execution, preserving its identity, provenance, and complete operational history.
workspace/operational/recovery/mortar/20260803T153259/evidence/repository-mortar-hits.txt:2133:scripts/reconciliation/REPOSITORY.diff:53477:-+Replay SHALL produce a new execution while maintaining a relationship to the original execution.
workspace/operational/recovery/mortar/20260803T153259/evidence/repository-mortar-hits.txt:2136:scripts/reconciliation/REPOSITORY.diff:53553:-+Replay SHALL preserve execution identity relationships.
workspace/operational/recovery/mortar/20260803T153259/evidence/repository-mortar-hits.txt:2138:scripts/reconciliation/REPOSITORY.diff:53600:-+# Replay Relationships
workspace/operational/recovery/mortar/20260803T153259/evidence/repository-mortar-hits.txt:2139:scripts/reconciliation/REPOSITORY.diff:53609:-+Relationship records SHALL remain immutable.
workspace/operational/recovery/mortar/20260803T153259/evidence/repository-mortar-hits.txt:2152:scripts/reconciliation/REPOSITORY.diff:54125:-+- Transformation
workspace/operational/recovery/mortar/20260803T153259/evidence/repository-mortar-hits.txt:2157:scripts/reconciliation/REPOSITORY.diff:54452:-+Identity SHALL be validated before communication begins.
workspace/operational/recovery/mortar/20260803T153259/evidence/repository-mortar-hits.txt:2158:scripts/reconciliation/REPOSITORY.diff:54529:-+- Causal relationships
workspace/operational/recovery/mortar/20260803T153259/evidence/repository-mortar-hits.txt:2162:scripts/reconciliation/REPOSITORY.diff:54572:-+- Service identity
workspace/operational/recovery/mortar/20260803T153259/evidence/repository-mortar-hits.txt:2172:scripts/reconciliation/REPOSITORY.diff:55048:-+Configuration SHALL modify operational behavior without changing service identity or capabilities.
workspace/operational/recovery/mortar/20260803T153259/evidence/repository-mortar-hits.txt:2199:scripts/reconciliation/REPOSITORY.diff:56093:-+A dependency is a formal relationship in which one service requires the capability, contract, resource, or availability of another service to perform its declared responsibilities.
workspace/operational/recovery/mortar/20260803T153259/evidence/repository-mortar-hits.txt:2207:scripts/reconciliation/REPOSITORY.diff:56348:-+Services should cooperate through well-defined relationships rather than implicit assumptions.
workspace/operational/recovery/mortar/20260803T153259/evidence/repository-mortar-hits.txt:2221:scripts/reconciliation/REPOSITORY.diff:57014:-+- Validate service identity.
workspace/operational/recovery/mortar/20260803T153259/evidence/repository-mortar-hits.txt:2229:scripts/reconciliation/REPOSITORY.diff:57329:-+- Service identity
workspace/operational/recovery/mortar/20260803T153259/evidence/repository-mortar-hits.txt:2231:scripts/reconciliation/REPOSITORY.diff:57424:-+- Services preserve historical identity.
workspace/operational/recovery/mortar/20260803T153259/evidence/repository-mortar-hits.txt:2247:scripts/reconciliation/REPOSITORY.diff:58079:-+- Validate service identity.
workspace/operational/recovery/mortar/20260803T153259/evidence/repository-mortar-hits.txt:2252:scripts/reconciliation/REPOSITORY.diff:58327:-+- Sender identity
workspace/operational/recovery/mortar/20260803T153259/evidence/repository-mortar-hits.txt:2253:scripts/reconciliation/REPOSITORY.diff:58328:-+- Recipient identity
workspace/operational/recovery/mortar/20260803T153259/evidence/repository-mortar-hits.txt:2259:scripts/reconciliation/REPOSITORY.diff:58716:-+Dependency relationships SHALL remain acyclic wherever practical.
workspace/operational/recovery/mortar/20260803T153259/evidence/repository-mortar-hits.txt:2264:scripts/reconciliation/REPOSITORY.diff:58833:-+The Service Registry transforms a collection of independent implementations into a governed institutional ecosystem by providing a single authoritative source of truth for service identity, capability, compatibility, and lifecycle.
workspace/operational/recovery/mortar/20260803T153259/evidence/repository-mortar-hits.txt:2275:scripts/reconciliation/REPOSITORY.diff:59319:-+- Service identity
workspace/operational/recovery/mortar/20260803T153259/evidence/repository-mortar-hits.txt:2283:scripts/reconciliation/REPOSITORY.diff:59559:-+- Scaling preserves service identity.
workspace/operational/recovery/mortar/20260803T153259/evidence/repository-mortar-hits.txt:2285:scripts/reconciliation/REPOSITORY.diff:59662:-+Vertical scaling SHALL preserve service identity.
workspace/operational/recovery/mortar/20260803T153259/evidence/repository-mortar-hits.txt:2297:scripts/reconciliation/REPOSITORY.diff:60605:-+- Version relationships are explicit.
workspace/operational/recovery/mortar/20260803T153259/evidence/repository-mortar-hits.txt:2299:scripts/reconciliation/REPOSITORY.diff:60806:-+- Preserve workflow identity.
workspace/operational/recovery/mortar/20260803T153259/evidence/repository-mortar-hits.txt:2302:scripts/reconciliation/REPOSITORY.diff:60892:-+By separating workflow identity from workflow version, the Repository Ingestion Framework enables continuous improvement without sacrificing historical fidelity.
workspace/operational/recovery/mortar/20260803T153259/evidence/repository-mortar-hits.txt:2305:scripts/reconciliation/REPOSITORY.diff:61240:-+# Relationships
workspace/operational/recovery/mortar/20260803T153259/evidence/repository-mortar-hits.txt:2308:scripts/reconciliation/REPOSITORY.diff:61458:-+# Project Identity
workspace/operational/recovery/mortar/20260803T153259/evidence/repository-mortar-hits.txt:2309:scripts/reconciliation/REPOSITORY.diff:61805:-+./Archive/Recovery/AKS/AKS-AXIOM-0001_Identity_Independence.json
workspace/operational/recovery/mortar/20260803T153259/evidence/repository-mortar-hits.txt:2315:scripts/reconciliation/REPOSITORY.diff:61857:-+./Archive/Recovery/AKS/AKS-PRESERVATION-0016_Relationship_Classification.json
workspace/operational/recovery/mortar/20260803T153259/evidence/repository-mortar-hits.txt:2318:scripts/reconciliation/REPOSITORY.diff:61895:-+./Archive/Recovery/AKS/AKS-REL-0001_Relationship_Classification.json
workspace/operational/recovery/mortar/20260803T153259/evidence/repository-mortar-hits.txt:2320:scripts/reconciliation/REPOSITORY.diff:62002:-+./Archive/Recovery/Chatgpt/JSON/Evidence_Transformation_Specification_v1.0.json
workspace/operational/recovery/mortar/20260803T153259/evidence/repository-mortar-hits.txt:2321:scripts/reconciliation/REPOSITORY.diff:62096:-+./Archive/Recovery/Chatgpt/JSON/relationship_schema.json
workspace/operational/recovery/mortar/20260803T153259/evidence/repository-mortar-hits.txt:2322:scripts/reconciliation/REPOSITORY.diff:62097:-+./Archive/Recovery/Chatgpt/JSON/relationships_seed.json
workspace/operational/recovery/mortar/20260803T153259/evidence/repository-mortar-hits.txt:2328:scripts/reconciliation/REPOSITORY.diff:62862:-+│   │   │   ├── AKS-AXIOM-0001_Identity_Independence.json
workspace/operational/recovery/mortar/20260803T153259/evidence/repository-mortar-hits.txt:2334:scripts/reconciliation/REPOSITORY.diff:62914:-+│   │   │   ├── AKS-PRESERVATION-0016_Relationship_Classification.json
workspace/operational/recovery/mortar/20260803T153259/evidence/repository-mortar-hits.txt:2337:scripts/reconciliation/REPOSITORY.diff:62952:-+│   │   │   ├── AKS-REL-0001_Relationship_Classification.json
workspace/operational/recovery/mortar/20260803T153259/evidence/repository-mortar-hits.txt:2339:scripts/reconciliation/REPOSITORY.diff:63068:-+│   │   │   │   ├── Evidence_Transformation_Specification_v1.0.json
workspace/operational/recovery/mortar/20260803T153259/evidence/repository-mortar-hits.txt:2340:scripts/reconciliation/REPOSITORY.diff:63162:-+│   │   │   │   ├── relationship_schema.json
workspace/operational/recovery/mortar/20260803T153259/evidence/repository-mortar-hits.txt:2341:scripts/reconciliation/REPOSITORY.diff:63163:-+│   │   │   │   ├── relationships_seed.json
workspace/operational/recovery/mortar/20260803T153259/evidence/repository-mortar-hits.txt:2345:scripts/reconciliation/REPOSITORY.diff:63639:-+Describe institutional accountability and authority relationships.
workspace/operational/recovery/mortar/20260803T153259/evidence/repository-mortar-hits.txt:2359:scripts/reconciliation/REPOSITORY.diff:64503:-+The terminal is a control panel.
workspace/operational/recovery/mortar/20260803T153259/evidence/repository-mortar-hits.txt:2368:scripts/reconciliation/REPOSITORY.diff:65552:-+Its purpose is to determine whether this accurately represents the project's current identity, methodology, evolution, and future direction.
workspace/operational/recovery/mortar/20260803T153259/evidence/repository-mortar-hits.txt:2369:scripts/reconciliation/REPOSITORY.diff:65627:-+REVISED IDENTITY
workspace/operational/recovery/mortar/20260803T153259/evidence/repository-mortar-hits.txt:2377:scripts/reconciliation/REPOSITORY.diff:65988:-+facets
workspace/operational/recovery/mortar/20260803T153259/evidence/repository-mortar-hits.txt:2380:scripts/reconciliation/REPOSITORY.diff:66321:-+The revised identity.
workspace/operational/recovery/mortar/20260803T153259/evidence/repository-mortar-hits.txt:2381:scripts/reconciliation/REPOSITORY.diff:66634:-+The revised identity.
workspace/operational/recovery/mortar/20260803T153259/evidence/repository-mortar-hits.txt:2382:scripts/reconciliation/REPOSITORY.diff:66706:-+2. Identity — Strong, with One Qualification
workspace/operational/recovery/mortar/20260803T153259/evidence/repository-mortar-hits.txt:2383:scripts/reconciliation/REPOSITORY.diff:66714:-+I think this captures the mature identity of the project well.
workspace/operational/recovery/mortar/20260803T153259/evidence/repository-mortar-hits.txt:2384:scripts/reconciliation/REPOSITORY.diff:66716:-+However, I would avoid presenting it as the only identity.
workspace/operational/recovery/mortar/20260803T153259/evidence/repository-mortar-hits.txt:2388:scripts/reconciliation/REPOSITORY.diff:67083:-+5. Revised identity
workspace/operational/recovery/mortar/20260803T153259/evidence/repository-mortar-hits.txt:2390:scripts/reconciliation/REPOSITORY.diff:67155:-+Artifact → Provenance → Relationships → Failure Mode(s)
workspace/operational/recovery/mortar/20260803T153259/evidence/repository-mortar-hits.txt:2397:scripts/reconciliation/REPOSITORY.diff:67635:-+Operational Facets
workspace/operational/recovery/mortar/20260803T153259/evidence/repository-mortar-hits.txt:2398:scripts/reconciliation/REPOSITORY.diff:67703:-+Operational Facets
workspace/operational/recovery/mortar/20260803T153259/evidence/repository-mortar-hits.txt:2407:scripts/reconciliation/REPOSITORY.diff:68216:-+Constrain agentic workflows so state mutations require explicit programmatic validation rather than open-ended model generation.
workspace/operational/recovery/mortar/20260803T153259/evidence/repository-mortar-hits.txt:2409:scripts/reconciliation/REPOSITORY.diff:68321:-+Axiomatic Boundaries: Establish hard logical constraints that the character cannot cross without triggering an internal error state.
workspace/operational/recovery/mortar/20260803T153259/evidence/repository-mortar-hits.txt:2410:scripts/reconciliation/REPOSITORY.diff:68327:-+State Preservation: The character logs and recalls every prior constraint, premise, and user parameter without deviation.
workspace/operational/recovery/mortar/20260803T153259/evidence/repository-mortar-hits.txt:2414:scripts/reconciliation/REPOSITORY.diff:68427:-+The core underlying API role parameter (system) that sets behavior, rules, and identity.
workspace/operational/recovery/mortar/20260803T153259/evidence/repository-mortar-hits.txt:2415:scripts/reconciliation/REPOSITORY.diff:68433:-+The customized identity, style, or background assigned to shape how it talks.
workspace/operational/recovery/mortar/20260803T153259/evidence/repository-mortar-hits.txt:2420:scripts/reconciliation/REPOSITORY.diff:68575:-+Maintaining long-term identity continuity without losing alignment requires multi-timescale loops:
workspace/operational/recovery/mortar/20260803T153259/evidence/repository-mortar-hits.txt:2432:scripts/reconciliation/REPOSITORY.diff:69168:-+MASTER_RELATIONSHIP_REGISTRY
workspace/operational/recovery/mortar/20260803T153259/evidence/repository-mortar-hits.txt:2435:scripts/reconciliation/REPOSITORY.diff:69262:-diff -ruN "/storage/emulated/0/DifferenceEngine/Facet Conversation.md" "/storage/emulated/0/FILE_LIBRARY_UPLOADS/Facet Conversation.md"
workspace/operational/recovery/mortar/20260803T153259/evidence/repository-mortar-hits.txt:2436:scripts/reconciliation/REPOSITORY.diff:69263:---- "/storage/emulated/0/DifferenceEngine/Facet Conversation.md"	1969-12-31 18:00:00.000000000 -0600
workspace/operational/recovery/mortar/20260803T153259/evidence/repository-mortar-hits.txt:2437:scripts/reconciliation/REPOSITORY.diff:69264:-+++ "/storage/emulated/0/FILE_LIBRARY_UPLOADS/Facet Conversation.md"	2026-07-28 00:54:56.557295485 -0500
workspace/operational/recovery/mortar/20260803T153259/evidence/repository-mortar-hits.txt:2439:scripts/reconciliation/REPOSITORY.diff:70052:-+> "facet"
workspace/operational/recovery/mortar/20260803T153259/evidence/repository-mortar-hits.txt:2440:scripts/reconciliation/REPOSITORY.diff:70080:-+I said facet earlier, actually.
workspace/operational/recovery/mortar/20260803T153259/evidence/repository-mortar-hits.txt:2441:scripts/reconciliation/REPOSITORY.diff:70087:-+Now I think facet is actually a stronger term than agent for ADE.
workspace/operational/recovery/mortar/20260803T153259/evidence/repository-mortar-hits.txt:2442:scripts/reconciliation/REPOSITORY.diff:70109:-+Facet implies perspective.
workspace/operational/recovery/mortar/20260803T153259/evidence/repository-mortar-hits.txt:2443:scripts/reconciliation/REPOSITORY.diff:70123:-+Different facets reveal different aspects.
workspace/operational/recovery/mortar/20260803T153259/evidence/repository-mortar-hits.txt:2444:scripts/reconciliation/REPOSITORY.diff:70140:-+Librarian Facet
workspace/operational/recovery/mortar/20260803T153259/evidence/repository-mortar-hits.txt:2445:scripts/reconciliation/REPOSITORY.diff:70153:-+Research Facet
workspace/operational/recovery/mortar/20260803T153259/evidence/repository-mortar-hits.txt:2446:scripts/reconciliation/REPOSITORY.diff:70162:-+Archaeology Facet.
workspace/operational/recovery/mortar/20260803T153259/evidence/repository-mortar-hits.txt:2447:scripts/reconciliation/REPOSITORY.diff:70164:-+Governance Facet.
workspace/operational/recovery/mortar/20260803T153259/evidence/repository-mortar-hits.txt:2448:scripts/reconciliation/REPOSITORY.diff:70166:-+Field Investigation Facet.
workspace/operational/recovery/mortar/20260803T153259/evidence/repository-mortar-hits.txt:2449:scripts/reconciliation/REPOSITORY.diff:70168:-+Repository Health Facet.
workspace/operational/recovery/mortar/20260803T153259/evidence/repository-mortar-hits.txt:2450:scripts/reconciliation/REPOSITORY.diff:70170:-+Observation Facet.
workspace/operational/recovery/mortar/20260803T153259/evidence/repository-mortar-hits.txt:2451:scripts/reconciliation/REPOSITORY.diff:70172:-+Documentation Facet.
workspace/operational/recovery/mortar/20260803T153259/evidence/repository-mortar-hits.txt:2452:scripts/reconciliation/REPOSITORY.diff:70174:-+Automation Facet.
workspace/operational/recovery/mortar/20260803T153259/evidence/repository-mortar-hits.txt:2453:scripts/reconciliation/REPOSITORY.diff:70195:-+Facets feel like disciplined, bounded interfaces into a shared body of knowledge.
workspace/operational/recovery/mortar/20260803T153259/evidence/repository-mortar-hits.txt:2454:scripts/reconciliation/REPOSITORY.diff:70204:-+Imagine every facet sharing the same contract.
workspace/operational/recovery/mortar/20260803T153259/evidence/repository-mortar-hits.txt:2455:scripts/reconciliation/REPOSITORY.diff:70210:-+Facet
workspace/operational/recovery/mortar/20260803T153259/evidence/repository-mortar-hits.txt:2456:scripts/reconciliation/REPOSITORY.diff:70228:-+Different facet.
workspace/operational/recovery/mortar/20260803T153259/evidence/repository-mortar-hits.txt:2457:scripts/reconciliation/REPOSITORY.diff:70235:-+That means if someone develops a better Research Facet...
workspace/operational/recovery/mortar/20260803T153259/evidence/repository-mortar-hits.txt:2458:scripts/reconciliation/REPOSITORY.diff:70239:-+They swap one facet.
workspace/operational/recovery/mortar/20260803T153259/evidence/repository-mortar-hits.txt:2459:scripts/reconciliation/REPOSITORY.diff:70250:-+What if facets are composable?
workspace/operational/recovery/mortar/20260803T153259/evidence/repository-mortar-hits.txt:2460:scripts/reconciliation/REPOSITORY.diff:70256:-+Observation Facet
workspace/operational/recovery/mortar/20260803T153259/evidence/repository-mortar-hits.txt:2461:scripts/reconciliation/REPOSITORY.diff:70258:-+Research Facet
workspace/operational/recovery/mortar/20260803T153259/evidence/repository-mortar-hits.txt:2462:scripts/reconciliation/REPOSITORY.diff:70260:-+Archaeology Facet
workspace/operational/recovery/mortar/20260803T153259/evidence/repository-mortar-hits.txt:2463:scripts/reconciliation/REPOSITORY.diff:70262:-+Documentation Facet
workspace/operational/recovery/mortar/20260803T153259/evidence/repository-mortar-hits.txt:2464:scripts/reconciliation/REPOSITORY.diff:70271:-+The facets remain.
workspace/operational/recovery/mortar/20260803T153259/evidence/repository-mortar-hits.txt:2465:scripts/reconciliation/REPOSITORY.diff:70286:-+Facets feel like those mechanisms.
workspace/operational/recovery/mortar/20260803T153259/evidence/repository-mortar-hits.txt:2466:scripts/reconciliation/REPOSITORY.diff:70290:-+Facets are the means by which the state is examined, refined, or extended.
workspace/operational/recovery/mortar/20260803T153259/evidence/repository-mortar-hits.txt:2467:scripts/reconciliation/REPOSITORY.diff:70296:-+You said facet first.
workspace/operational/recovery/mortar/20260803T153259/evidence/repository-mortar-hits.txt:2468:scripts/reconciliation/REPOSITORY.diff:70324:-+Reliable transformation.
workspace/operational/recovery/mortar/20260803T153259/evidence/repository-mortar-hits.txt:2471:scripts/reconciliation/REPOSITORY.diff:70562:-+│   │   │   │   ├── AKS-AXIOM-0001_Identity_Independence.json
workspace/operational/recovery/mortar/20260803T153259/evidence/repository-mortar-hits.txt:2477:scripts/reconciliation/REPOSITORY.diff:70614:-+│   │   │   │   ├── AKS-PRESERVATION-0016_Relationship_Classification.json
workspace/operational/recovery/mortar/20260803T153259/evidence/repository-mortar-hits.txt:2480:scripts/reconciliation/REPOSITORY.diff:70652:-+│   │   │   │   ├── AKS-REL-0001_Relationship_Classification.json
workspace/operational/recovery/mortar/20260803T153259/evidence/repository-mortar-hits.txt:2482:scripts/reconciliation/REPOSITORY.diff:70761:-+│   │   │   │   │   ├── Evidence_Transformation_Specification_v1.0.json
workspace/operational/recovery/mortar/20260803T153259/evidence/repository-mortar-hits.txt:2483:scripts/reconciliation/REPOSITORY.diff:70807:-+│   │   │   │   │   ├── relationship_schema.json
workspace/operational/recovery/mortar/20260803T153259/evidence/repository-mortar-hits.txt:2484:scripts/reconciliation/REPOSITORY.diff:70808:-+│   │   │   │   │   ├── relationships_seed.json
workspace/operational/recovery/mortar/20260803T153259/evidence/repository-mortar-hits.txt:2488:scripts/reconciliation/REPOSITORY.diff:71214:-+Everything is represented as relationships.
workspace/operational/recovery/mortar/20260803T153259/evidence/repository-mortar-hits.txt:2491:scripts/reconciliation/REPOSITORY.diff:71361:-+- Governance Relationships
workspace/operational/recovery/mortar/20260803T153259/evidence/repository-mortar-hits.txt:2494:scripts/reconciliation/REPOSITORY.diff:71469:-+Treat setbacks as information before treating them as identity.
workspace/operational/recovery/mortar/20260803T153259/evidence/repository-mortar-hits.txt:2495:scripts/reconciliation/REPOSITORY.diff:71538:-+- relationships,
workspace/operational/recovery/mortar/20260803T153259/evidence/repository-mortar-hits.txt:2499:scripts/reconciliation/REPOSITORY.diff:71734:-+Treat setbacks as information before treating them as identity.
workspace/operational/recovery/mortar/20260803T153259/evidence/repository-mortar-hits.txt:2500:scripts/reconciliation/REPOSITORY.diff:71798:-+relationships,
workspace/operational/recovery/mortar/20260803T153259/evidence/repository-mortar-hits.txt:2507:scripts/reconciliation/REPOSITORY.diff:72243:-+Its purpose is to determine whether this accurately represents the project's current identity, methodology, evolution, and future direction.
workspace/operational/recovery/mortar/20260803T153259/evidence/repository-mortar-hits.txt:2508:scripts/reconciliation/REPOSITORY.diff:72318:-+REVISED IDENTITY
workspace/operational/recovery/mortar/20260803T153259/evidence/repository-mortar-hits.txt:2538:scripts/reconciliation/REPOSITORY.diff:73220:-+Relationships
workspace/operational/recovery/mortar/20260803T153259/evidence/repository-mortar-hits.txt:2540:scripts/reconciliation/REPOSITORY.diff:73276:-+- Projection theory
workspace/operational/recovery/mortar/20260803T153259/evidence/repository-mortar-hits.txt:2542:scripts/reconciliation/REPOSITORY.diff:73282:-+- Relationship-first ontology
workspace/operational/recovery/mortar/20260803T153259/evidence/repository-mortar-hits.txt:2544:scripts/reconciliation/REPOSITORY.diff:73285:-+- Whole vs projection
workspace/operational/recovery/mortar/20260803T153259/evidence/repository-mortar-hits.txt:2545:scripts/reconciliation/REPOSITORY.diff:73290:-+- Relationship Registry
workspace/operational/recovery/mortar/20260803T153259/evidence/repository-mortar-hits.txt:2647:scripts/reconciliation/REPOSITORY.diff:74377:-+This document defines the purpose, authority, ownership, lifecycle, and relationships of every top-level component of The Difference Engine repository.
workspace/operational/recovery/mortar/20260803T153259/evidence/repository-mortar-hits.txt:2673:scripts/reconciliation/REPOSITORY.diff:75584:-+Relationships
workspace/operational/recovery/mortar/20260803T153259/evidence/repository-mortar-hits.txt:2680:scripts/reconciliation/REPOSITORY.diff:75710:-+Relationship formation.
workspace/operational/recovery/mortar/20260803T153259/evidence/repository-mortar-hits.txt:2684:scripts/reconciliation/REPOSITORY.diff:75816:-+Relationship Registry
workspace/operational/recovery/mortar/20260803T153259/evidence/repository-mortar-hits.txt:2703:scripts/reconciliation/REPOSITORY.diff:76032:-+Relationship graph
workspace/operational/recovery/mortar/20260803T153259/evidence/repository-mortar-hits.txt:2704:scripts/reconciliation/REPOSITORY.diff:76046:-diff -ruN "/storage/emulated/0/DifferenceEngine/Rebuild.md/Primitive Queue.md" "/storage/emulated/0/FILE_LIBRARY_UPLOADS/Rebuild.md/Primitive Queue.md"
workspace/operational/recovery/mortar/20260803T153259/evidence/repository-mortar-hits.txt:2705:scripts/reconciliation/REPOSITORY.diff:76047:---- "/storage/emulated/0/DifferenceEngine/Rebuild.md/Primitive Queue.md"	1969-12-31 18:00:00.000000000 -0600
workspace/operational/recovery/mortar/20260803T153259/evidence/repository-mortar-hits.txt:2706:scripts/reconciliation/REPOSITORY.diff:76048:-+++ "/storage/emulated/0/FILE_LIBRARY_UPLOADS/Rebuild.md/Primitive Queue.md"	2026-07-31 18:27:59.746399263 -0500
workspace/operational/recovery/mortar/20260803T153259/evidence/repository-mortar-hits.txt:2720:scripts/reconciliation/REPOSITORY.diff:76319:-+3 Relationships
workspace/operational/recovery/mortar/20260803T153259/evidence/repository-mortar-hits.txt:2723:scripts/reconciliation/REPOSITORY.diff:76415:-+Projection theory
workspace/operational/recovery/mortar/20260803T153259/evidence/repository-mortar-hits.txt:2725:scripts/reconciliation/REPOSITORY.diff:76427:-+Relationship-first ontology
workspace/operational/recovery/mortar/20260803T153259/evidence/repository-mortar-hits.txt:2727:scripts/reconciliation/REPOSITORY.diff:76433:-+Whole vs projection
workspace/operational/recovery/mortar/20260803T153259/evidence/repository-mortar-hits.txt:2728:scripts/reconciliation/REPOSITORY.diff:76441:-+Relationship Registry
workspace/operational/recovery/mortar/20260803T153259/evidence/repository-mortar-hits.txt:2750:scripts/reconciliation/REPOSITORY.diff:76656:-+Projection framework
workspace/operational/recovery/mortar/20260803T153259/evidence/repository-mortar-hits.txt:2751:scripts/reconciliation/REPOSITORY.diff:76657:-+Whole vs Projection
workspace/operational/recovery/mortar/20260803T153259/evidence/repository-mortar-hits.txt:2753:scripts/reconciliation/REPOSITORY.diff:76662:-+Relationship-first ontology
workspace/operational/recovery/mortar/20260803T153259/evidence/repository-mortar-hits.txt:2754:scripts/reconciliation/REPOSITORY.diff:76667:-+Relationship registry
workspace/operational/recovery/mortar/20260803T153259/evidence/repository-mortar-hits.txt:2761:scripts/reconciliation/REPOSITORY.diff:76695:-+Reduced concepts toward candidate irreducibles without promoting them.
workspace/operational/recovery/mortar/20260803T153259/evidence/repository-mortar-hits.txt:2762:scripts/reconciliation/REPOSITORY.diff:76696:-+Shifted from "facets" to projections as a stronger abstraction.
workspace/operational/recovery/mortar/20260803T153259/evidence/repository-mortar-hits.txt:2770:scripts/reconciliation/REPOSITORY.diff:76747:-+Execution compatibility versus established repository identity.
workspace/operational/recovery/mortar/20260803T153259/evidence/repository-mortar-hits.txt:2811:scripts/reconciliation/REPOSITORY.diff:77182:-+    Identity/
workspace/operational/recovery/mortar/20260803T153259/evidence/repository-mortar-hits.txt:2813:scripts/reconciliation/REPOSITORY.diff:77275:-+Build Relationships
workspace/operational/recovery/mortar/20260803T153259/evidence/repository-mortar-hits.txt:2817:scripts/reconciliation/REPOSITORY.diff:77907:-+Preserve relationships between knowledge.
workspace/operational/recovery/mortar/20260803T153259/evidence/repository-mortar-hits.txt:2821:scripts/reconciliation/REPOSITORY.diff:79294:--./Repository/Relationships
workspace/operational/recovery/mortar/20260803T153259/evidence/repository-mortar-hits.txt:2824:scripts/reconciliation/REPOSITORY.diff:79345:--│   ├── Relationships
workspace/operational/recovery/mortar/20260803T153259/evidence/repository-mortar-hits.txt:2827:scripts/reconciliation/REPOSITORY.diff:79404:--/storage/emulated/0/DifferenceEngine/Repository/Relationships
workspace/operational/recovery/mortar/20260803T153259/evidence/repository-mortar-hits.txt:2830:scripts/reconciliation/REPOSITORY.diff:79604:--Repository/Relationships
workspace/operational/recovery/mortar/20260803T153259/evidence/repository-mortar-hits.txt:2834:scripts/reconciliation/REPOSITORY.diff:79813:--Repository/Relationships
workspace/operational/recovery/mortar/20260803T153259/evidence/repository-mortar-hits.txt:2837:scripts/reconciliation/REPOSITORY.diff:80052:--FILE_LIBRARY_UPLOADS/99_UTILITIES/Ingestion/Repository_Relationship_Schema_v0.1.md
workspace/operational/recovery/mortar/20260803T153259/evidence/repository-mortar-hits.txt:2839:scripts/reconciliation/REPOSITORY.diff:80126:--FILE_LIBRARY_UPLOADS/Facet Conversation.md
workspace/operational/recovery/mortar/20260803T153259/evidence/repository-mortar-hits.txt:2875:scripts/reconciliation/REPOSITORY.diff:80177:--FILE_LIBRARY_UPLOADS/Rebuild.md/Primitive Queue.md
workspace/operational/recovery/mortar/20260803T153259/evidence/repository-mortar-hits.txt:2895:scripts/reconciliation/REPOSITORY.diff:80272:--99_UTILITIES/Ingestion/Repository_Relationship_Schema_v0.1.md
workspace/operational/recovery/mortar/20260803T153259/evidence/repository-mortar-hits.txt:2897:scripts/reconciliation/REPOSITORY.diff:80346:--Facet Conversation.md
workspace/operational/recovery/mortar/20260803T153259/evidence/repository-mortar-hits.txt:2933:scripts/reconciliation/REPOSITORY.diff:80397:--Rebuild.md/Primitive Queue.md
workspace/operational/recovery/mortar/20260803T153259/evidence/repository-mortar-hits.txt:2953:scripts/reconciliation/REPOSITORY.diff:80492:--FILE_LIBRARY_UPLOADS/99_UTILITIES/Ingestion/Repository_Relationship_Schema_v0.1.md
workspace/operational/recovery/mortar/20260803T153259/evidence/repository-mortar-hits.txt:2955:scripts/reconciliation/REPOSITORY.diff:80566:--FILE_LIBRARY_UPLOADS/Facet Conversation.md
workspace/operational/recovery/mortar/20260803T153259/evidence/repository-mortar-hits.txt:2991:scripts/reconciliation/REPOSITORY.diff:80617:--FILE_LIBRARY_UPLOADS/Rebuild.md/Primitive Queue.md
workspace/operational/recovery/mortar/20260803T153259/evidence/repository-mortar-hits.txt:3010:scripts/reconciliation/REPOSITORY.diff:80699:--	99_UTILITIES/Ingestion/Repository_Relationship_Schema_v0.1.md
workspace/operational/recovery/mortar/20260803T153259/evidence/repository-mortar-hits.txt:3012:scripts/reconciliation/REPOSITORY.diff:80773:--	Facet Conversation.md
workspace/operational/recovery/mortar/20260803T153259/evidence/repository-mortar-hits.txt:3048:scripts/reconciliation/REPOSITORY.diff:80824:--	Rebuild.md/Primitive Queue.md
workspace/operational/recovery/mortar/20260803T153259/evidence/repository-mortar-hits.txt:3068:scripts/reconciliation/REPOSITORY.diff:81042:-│   ├── Relationships
workspace/operational/recovery/mortar/20260803T153259/evidence/repository-mortar-hits.txt:3071:scripts/reconciliation/REPOSITORY.diff:81492:+Institutional Memory Stewardship captures relationships between ideas rather than just preserving artifacts.
workspace/operational/recovery/mortar/20260803T153259/evidence/repository-mortar-hits.txt:3075:scripts/reconciliation/REPOSITORY.diff:82102:+What's missing is stewardship of the relationships between them.
workspace/operational/recovery/mortar/20260803T153259/evidence/repository-mortar-hits.txt:3076:scripts/reconciliation/REPOSITORY.diff:82254:+"Facet."
workspace/operational/recovery/mortar/20260803T153259/evidence/repository-mortar-hits.txt:3077:scripts/reconciliation/REPOSITORY.diff:82291:+Facets
workspace/operational/recovery/mortar/20260803T153259/evidence/repository-mortar-hits.txt:3078:scripts/reconciliation/REPOSITORY.diff:82395:+Facet
workspace/operational/recovery/mortar/20260803T153259/evidence/repository-mortar-hits.txt:3084:scripts/reconciliation/REPOSITORY.diff:82733:+The terminal is a control panel.
workspace/operational/recovery/mortar/20260803T153259/logs/recovery-summary.txt:9:workspace/operational/current/OPERATIONAL_LAWS.md:19:15. Repository identity SHALL be validated before any repository mutation.
workspace/operational/recovery/mortar/20260803T153259/logs/recovery-summary.txt:16:workspace/operational/current/PHASE_3_TASK_BLOCK.md:36:- stable identity;
workspace/operational/recovery/mortar/20260803T153259/logs/recovery-summary.txt:19:workspace/operational/current/PHASE_3_COMPLETION_REPORT.md:52:- stable identity;
workspace/operational/recovery/mortar/20260803T153259/logs/recovery-summary.txt:24:workspace/operational/recovery/gpt-plus-integration/20260803T043919/manifests/repository-tree.lst:57:./Repository/Relationships
workspace/operational/recovery/mortar/20260803T153259/logs/recovery-summary.txt:27:workspace/operational/recovery/gpt-plus-integration/20260803T043919/manifests/repository-dirs.lst:32:./Repository/Relationships
workspace/operational/recovery/mortar/20260803T153259/logs/recovery-summary.txt:49:workspace/operational/recovery/gpt-plus-integration/20260803T043919/logs/batch-23-summary.txt:10:LOCAL GIT IDENTITY
workspace/operational/recovery/mortar/20260803T153259/logs/recovery-summary.txt:50:workspace/operational/recovery/gpt-plus-integration/20260803T043919/logs/batch-23-summary.txt:12:GLOBAL GIT IDENTITY
workspace/operational/recovery/mortar/20260803T153259/logs/recovery-summary.txt:81:workspace/operational/recovery/gpt-plus-integration/20260803T043919/bootstrap-verification/extracts/governance-primary-sources.txt:137:11:./Repository/Relationships
workspace/operational/recovery/mortar/20260803T153259/logs/recovery-summary.txt:85:workspace/operational/recovery/gpt-plus-integration/20260803T043919/bootstrap-verification/extracts/governance-primary-sources.txt:190:19:15. Repository identity SHALL be validated before any repository mutation.
workspace/operational/recovery/mortar/20260803T153259/logs/recovery-summary.txt:89:workspace/operational/recovery/gpt-plus-integration/20260803T043919/mission-task-patch/reports/state-source-extract.txt:46:Operational Constraints
workspace/operational/recovery/mortar/20260803T153259/logs/recovery-summary.txt:90:workspace/operational/recovery/gpt-plus-integration/20260803T043919/mission-task-patch/reports/state-source-extract.txt:97:- Preserve established repository mortar.
workspace/operational/recovery/mortar/20260803T153259/logs/recovery-summary.txt:91:workspace/operational/recovery/gpt-plus-integration/20260803T043919/active-state-patch/reports/active-mission.diff:15:+## Governing Constraints
workspace/operational/recovery/mortar/20260803T153259/logs/recovery-summary.txt:99:workspace/operational/recovery/gpt-plus-integration/20260803T043919/recovery-specification/artifacts/RECOVERY_SOP.md:34:- branch identity known;
workspace/operational/recovery/mortar/20260803T153259/logs/recovery-summary.txt:113:workspace/operational/recovery/gpt-plus-integration/20260803T043919/phase-2-closeout/artifacts/PHASE_3_TASK_BLOCK.md:36:- stable identity;
workspace/operational/recovery/mortar/20260803T153259/logs/recovery-summary.txt:118:workspace/operational/recovery/gpt-plus-integration/20260803T043919/phase-3-closeout/artifacts/PHASE_3_COMPLETION_REPORT.md:52:- stable identity;
workspace/operational/recovery/mortar/20260803T153259/logs/recovery-summary.txt:121:workspace/operational/recovery/gpt-plus-integration/20260803T043919/repository-service-inventory/reports/service-reference-map.txt:101:scripts/reconciliation/FILE_PAIR_INDEX.report:176:"/storage/emulated/0/DifferenceEngine/Rebuild.md/QUEUE - Review Repository Naming Convention.md"	1969-12-31 18:00:00.000000000 -0600	/storage/emulated/0/FILE_LIBRARY_UPLOADS/BOOTSTRAP_ACTIVE_STATE_SNAPSHOT.md	2026-07-27 22:09:55.729642511 -0500
workspace/operational/recovery/mortar/20260803T153259/logs/recovery-summary.txt:125:workspace/operational/recovery/gpt-plus-integration/20260803T043919/repository-service-inventory/reports/service-reference-map.txt:128:scripts/reconciliation/FILE_PAIR_INDEX.report:220:/storage/emulated/0/DifferenceEngine/ade/kernel/bootstrap_loader/result.py	2026-08-02 21:14:36.742142204 -0500	"/storage/emulated/0/FILE_LIBRARY_UPLOADS/Facet Conversation.md"	2026-07-28 00:54:56.557295485 -0500
workspace/operational/recovery/mortar/20260803T153259/logs/recovery-summary.txt:156:workspace/operational/recovery/gpt-plus-integration/20260803T043919/repository-service-inventory/reports/service-reference-map.txt:4296:workspace/operational/recovery/runtime/verification.log:1:{"artifacts": {"amendments": "/storage/emulated/0/DifferenceEngine/Repository/Governance/amendments.md", "bootstrap": "/storage/emulated/0/DifferenceEngine/Repository/Governance/bootstrap.md", "constitution": "/storage/emulated/0/DifferenceEngine/Repository/Governance/constitution.md"}, "blockers": [], "degraded_checks": {"drift_detection": true, "file_library_verification": true, "formal_test_runner": true, "git_baseline": true, "library_governance": true, "project_configuration_verification": true, "queue_recovery": true}, "drift_summary": {"blocking": 0, "domains": {"repository": 1}, "findings": [{"classification": "working_state", "detail": "Working tree contains 3 changed path(s).", "domain": "repository", "severity": "informational", "subject": "Git working tree"}], "informational": 1, "total": 1, "warnings": 0}, "execution_mode": "Execution", "external_verification_status": {"file_library": {"externally_verified": true, "manifest_exists": true, "required_artifacts": 12, "status": "verified", "verified_artifacts": 12}, "project_configuration": {"externally_verified": true, "manifest_exists": true, "status": "verified", "verification_basis": ["project instructions loaded", "repository-first governance active", "Babbage execution role active", "six execution offices declared", "phone-first Termux constraints loaded"]}, "schema_version": "1.1", "verified_at": "2026-08-03T11:14:00-05:00"}, "governance_root": "/storage/emulated/0/DifferenceEngine/Repository/Governance", "library_governance_status": {"artifacts": 12, "unique_identifiers": true, "unique_names": true, "verified": true}, "missing_artifacts": [], "mission": "GPT Plus Integration", "queue_state": {"active": 0, "completed": 1, "deferred": 0, "implementation": 0, "suggested": 1, "unknown": 0}, "repository_root": "/storage/emulated/0/DifferenceEngine", "specification_root": "/storage/emulated/0/DifferenceEngine/specifications", "status": "READY", "task": "Repository Service Formalization", "timestamp": "2026-08-03T17:19:42.487536+00:00", "verified_artifacts": [{"exists": true, "is_file": true, "path": "/storage/emulated/0/DifferenceEngine/Repository/Governance/constitution.md", "size": 182}, {"exists": true, "is_file": true, "path": "/storage/emulated/0/DifferenceEngine/Repository/Governance/amendments.md", "size": 207}, {"exists": true, "is_file": true, "path": "/storage/emulated/0/DifferenceEngine/Repository/Governance/bootstrap.md", "size": 395}, {"exists": true, "is_file": true, "path": "/storage/emulated/0/DifferenceEngine/workspace/operational/bootstrap/BOOTSTRAP_vNext.md", "size": 2491}, {"exists": true, "is_file": true, "path": "/storage/emulated/0/DifferenceEngine/workspace/operational/current/ACTIVE_MISSION.md", "size": 608}, {"exists": true, "is_file": true, "path": "/storage/emulated/0/DifferenceEngine/workspace/operational/current/ACTIVE_TASK.md", "size": 465}, {"exists": true, "is_file": true, "path": "/storage/emulated/0/DifferenceEngine/workspace/operational/recovery/RECOVERY_SOP.md", "size": 2839}, {"exists": true, "is_file": true, "path": "/storage/emulated/0/DifferenceEngine/workspace/operational/recovery/RECOVERY_CHECKLIST.md", "size": 1393}, {"exists": true, "is_file": true, "path": "/storage/emulated/0/DifferenceEngine/workspace/operational/recovery/RECOVERY_VERIFIER_SPECIFICATION.md", "size": 2291}], "warnings": []}
workspace/operational/recovery/mortar/20260803T153259/logs/recovery-summary.txt:157:workspace/operational/recovery/RECOVERY_SOP.md:34:- branch identity known;
workspace/operational/recovery/mortar/20260803T153259/logs/recovery-summary.txt:161:workspace/operational/recovery/runtime/verification.log:1:{"artifacts": {"amendments": "/storage/emulated/0/DifferenceEngine/Repository/Governance/amendments.md", "bootstrap": "/storage/emulated/0/DifferenceEngine/Repository/Governance/bootstrap.md", "constitution": "/storage/emulated/0/DifferenceEngine/Repository/Governance/constitution.md"}, "blockers": [], "degraded_checks": {"drift_detection": true, "file_library_verification": true, "formal_test_runner": true, "git_baseline": true, "library_governance": true, "project_configuration_verification": true, "queue_recovery": true}, "drift_summary": {"blocking": 0, "domains": {"repository": 1}, "findings": [{"classification": "working_state", "detail": "Working tree contains 1 changed path(s).", "domain": "repository", "severity": "informational", "subject": "Git working tree"}], "informational": 1, "total": 1, "warnings": 0}, "execution_mode": "Execution", "external_verification_status": {"file_library": {"externally_verified": true, "manifest_exists": true, "required_artifacts": 12, "status": "verified", "verified_artifacts": 12}, "project_configuration": {"externally_verified": true, "manifest_exists": true, "status": "verified", "verification_basis": ["project instructions loaded", "repository-first governance active", "Babbage execution role active", "six execution offices declared", "phone-first Termux constraints loaded"]}, "schema_version": "1.1", "verified_at": "2026-08-03T11:14:00-05:00"}, "governance_root": "/storage/emulated/0/DifferenceEngine/Repository/Governance", "library_governance_status": {"artifacts": 12, "unique_identifiers": true, "unique_names": true, "verified": true}, "missing_artifacts": [], "mission": "GPT Plus Integration", "queue_state": {"active": 0, "completed": 1, "deferred": 0, "implementation": 0, "suggested": 1, "unknown": 0}, "repository_root": "/storage/emulated/0/DifferenceEngine", "specification_root": "/storage/emulated/0/DifferenceEngine/specifications", "status": "READY", "task": "Repository Service Formalization", "timestamp": "2026-08-03T18:10:39.108801+00:00", "verified_artifacts": [{"exists": true, "is_file": true, "path": "/storage/emulated/0/DifferenceEngine/Repository/Governance/constitution.md", "size": 182}, {"exists": true, "is_file": true, "path": "/storage/emulated/0/DifferenceEngine/Repository/Governance/amendments.md", "size": 207}, {"exists": true, "is_file": true, "path": "/storage/emulated/0/DifferenceEngine/Repository/Governance/bootstrap.md", "size": 395}, {"exists": true, "is_file": true, "path": "/storage/emulated/0/DifferenceEngine/workspace/operational/bootstrap/BOOTSTRAP_vNext.md", "size": 2491}, {"exists": true, "is_file": true, "path": "/storage/emulated/0/DifferenceEngine/workspace/operational/current/ACTIVE_MISSION.md", "size": 608}, {"exists": true, "is_file": true, "path": "/storage/emulated/0/DifferenceEngine/workspace/operational/current/ACTIVE_TASK.md", "size": 465}, {"exists": true, "is_file": true, "path": "/storage/emulated/0/DifferenceEngine/workspace/operational/recovery/RECOVERY_SOP.md", "size": 2839}, {"exists": true, "is_file": true, "path": "/storage/emulated/0/DifferenceEngine/workspace/operational/recovery/RECOVERY_CHECKLIST.md", "size": 1393}, {"exists": true, "is_file": true, "path": "/storage/emulated/0/DifferenceEngine/workspace/operational/recovery/RECOVERY_VERIFIER_SPECIFICATION.md", "size": 2291}], "warnings": []}
workspace/operational/integration/PROJECT_CONFIGURATION_MANIFEST.json:8:    "bootstrap_executable_state": true,
workspace/operational/library/LIBRARY_GOVERNANCE.md:26:- lifecycle state;
workspace/operational/library/LIBRARY_GOVERNANCE.md:31:## Lifecycle States
workspace/operational/library/UPLOAD_STANDARD.md:29:- lifecycle state;
workspace/operational/library/UPLOAD_STANDARD.md:39:4. assign lifecycle state;
workspace/operational/library/ARTIFACT_LIFECYCLE.md:3:## States
workspace/operational/library/ARTIFACT_LIFECYCLE.md:19:Point-in-time representation of repository or execution state.
workspace/operational/library/ARTIFACT_LIFECYCLE.md:57:Used when closing a task, session, phase, or repository state.
workspace/operational/library/ARTIFACT_LIFECYCLE.md:75:- canonical identity is unique;
workspace/operational/drift/DRIFT_REPORT_TEMPLATE.md:20:## Active-State Drift
workspace/operational/drift/runtime/drift-detection.json:8:      "classification": "working_state",
workspace/operational/drift/runtime/drift-detection.txt:5:informational|repository|working_state|Git working tree|Working tree contains 1 changed path(s).
workspace/operational/services/RECOVERED_SERVICE_INVENTORY.json:49:      "state": "implemented"
workspace/operational/services/RECOVERED_SERVICE_INVENTORY.json:55:      "state": "missing"
workspace/operational/services/RECOVERED_SERVICE_INVENTORY.json:61:      "state": "missing"
workspace/operational/services/RECOVERED_SERVICE_INVENTORY.json:67:      "state": "missing"
workspace/operational/services/RECOVERED_SERVICE_INVENTORY.json:82:      "state": "implemented"
workspace/operational/services/RECOVERED_SERVICE_INVENTORY.json:97:      "state": "implemented"
workspace/operational/services/RECOVERED_SERVICE_INVENTORY.json:103:      "state": "missing"
workspace/operational/services/RECOVERED_SERVICE_INVENTORY.json:109:      "state": "missing"
workspace/operational/services/RECOVERED_SERVICE_INVENTORY.json:128:          "symbol": "QueueState"
workspace/operational/services/RECOVERED_SERVICE_INVENTORY.json:140:      "state": "implemented"
workspace/operational/services/RECOVERED_SERVICE_INVENTORY.json:146:      "state": "missing"
workspace/operational/services/RECOVERED_SERVICE_INVENTORY.json:152:      "state": "missing"
workspace/operational/services/contracts/SERVICE_CONTRACT.md:15:- stable identity;
workspace/operational/services/contracts/SERVICE_CONTRACT.md:41:- lifecycle state.
workspace/operational/services/SERVICE_CATALOG.json:51:      "state": "implemented"
workspace/operational/services/SERVICE_CATALOG.json:58:      "state": "missing"
workspace/operational/services/SERVICE_CATALOG.json:65:      "state": "missing"
workspace/operational/services/SERVICE_CATALOG.json:72:      "state": "missing"
workspace/operational/services/SERVICE_CATALOG.json:88:      "state": "implemented"
workspace/operational/services/SERVICE_CATALOG.json:104:      "state": "implemented"
workspace/operational/services/SERVICE_CATALOG.json:111:      "state": "missing"
workspace/operational/services/SERVICE_CATALOG.json:118:      "state": "missing"
workspace/operational/services/SERVICE_CATALOG.json:138:          "symbol": "QueueState"
workspace/operational/services/SERVICE_CATALOG.json:150:      "state": "implemented"
workspace/operational/services/SERVICE_CATALOG.json:157:      "state": "missing"
workspace/operational/services/SERVICE_CATALOG.json:164:      "state": "missing"
workspace/operational/services/specifications/SERVICE_SPECIFICATION.md:21:- lifecycle state;
workspace/operational/services/specifications/SERVICE_SPECIFICATION.md:26:## Service Identity
workspace/operational/services/specifications/SERVICE_SPECIFICATION.md:34:- lifecycle state.
workspace/operational/services/specifications/SERVICE_SPECIFICATION.md:36:Service identity shall not depend on:
workspace/operational/services/specifications/SERVICE_SPECIFICATION.md:57:1. Identity
workspace/operational/services/specifications/SERVICE_SPECIFICATION.md:69:13. Lifecycle State
workspace/operational/services/specifications/SERVICE_SPECIFICATION.md:74:Given equivalent validated inputs and repository state, a service shall produce equivalent outputs or an explicit classified failure.
workspace/operational/services/specifications/SERVICE_SPECIFICATION.md:81:   Define the irreducible repository capability.
workspace/operational/services/specifications/bootstrap/BOOTSTRAP_SERVICE.md:9:Recover deterministic executable repository state.
workspace/operational/services/specifications/bootstrap/BOOTSTRAP_SERVICE.md:21:- readiness state
workspace/operational/doctrine/CONSTRUCTION_GRAMMAR.md:11:This doctrine converts the operational primitives:
workspace/operational/doctrine/CONSTRUCTION_GRAMMAR.md:30:Begin with the primitive, its dependencies, its interfaces, its evidence, and the durable state required to resume work without reconstruction.
workspace/operational/doctrine/CONSTRUCTION_GRAMMAR.md:37:   Recover the smallest governing primitive capable of supporting the objective.
workspace/operational/contracts/STAGE_TRANSITION_CONTRACT.md:34:- recovery state;
workspace/operational/contracts/STAGE_TRANSITION_CONTRACT.md:60:## Transition States
BOOTSTRAP/BOOTSTRAP - Load the Difference Engine project.md:3:Bootstrap from repository state, not conversational history.
BOOTSTRAP/BOOTSTRAP - Load the Difference Engine project.md:27:- Current work is reduction toward irreducible operational primitives, governed transformations, identity, continuity, and constitutional consistency.
BOOTSTRAP/BOOTSTRAP - Load the Difference Engine project.md:31:Resume execution from current validated state.
